score_name,n_cells,mean,std,min,median,p95,p99,max
phase4_tra_score,5128904,-0.051577869802713394,0.027063332498073578,-0.18152306973934174,-0.052668094635009766,-0.005500815808773041,0.016476362943649292,0.4353005886077881
phase4_trb_score,5128904,-0.055113594979047775,0.0369601733982563,-0.22886094450950623,-0.05524187535047531,0.005212657153606415,0.03428389132022858,0.30208462476730347
phase4_trab_score,5128904,-0.04646856710314751,0.026592448353767395,-0.19134007394313812,-0.04627815634012222,-0.0032932832837104797,0.016046855598688126,0.2511661648750305
phase4_trd_score,5128904,0.002657011616975069,0.13022537529468536,-0.18697088956832886,-0.034010231494903564,0.2840672433376312,0.6334869265556335,1.5339179039001465
phase4_trd_minus_trab,5128904,0.04912557080388069,0.1377832442522049,-0.3822924494743347,0.010674266144633293,0.3480985462665558,0.7021002173423767,1.592238426208496
phase4_trd_score_scaled,5128904,0.11019173264503479,0.07567329704761505,0.0,0.08888468146324158,0.2737179398536682,0.4767639636993408,1.0
phase4_trab_score_scaled,5128904,0.3273885250091553,0.06009509414434433,0.0,0.32781893014907837,0.4249584674835205,0.46866440773010254,1.0
phase4_trd_minus_trab_scaled,5128904,-0.2171967625617981,0.10521037131547928,-0.9675489664077759,-0.23753471672534943,-0.006087392568588257,0.20324477553367615,0.7029247879981995
