dataset_id,lifecycle_level,file_role,legacy_path,canonical_path,size_bytes,mtime_ns,checksum_type,checksum
BALF_BLOOD_COPD,interim,harmonized_tcr_table,/home/tanlikai/databank/owndata/singlecell/data/TCR/tcr_integration_output_allchains/tcr_final_wide.tsv,data/datasets/BALF_BLOOD_COPD/workspace/data/TCR/tcr_integration_output_allchains/tcr_final_wide.tsv,9672481,1778592102044860761,sampled_sha256,926101ceb36de1864c8c312831a6efd156cdd88ed8ddcddef278315da4778ee7
BALF_BLOOD_COPD,interim,demultiplexing_assignment,/home/tanlikai/databank/owndata/singlecell/data/demultiplexing_Result/donor_ids_1_3.tsv,data/datasets/BALF_BLOOD_COPD/workspace/data/demultiplexing_Result/donor_ids_1_3.tsv,1647163,1764580789481794762,sampled_sha256,7a16fc5ee5e9b25ae0608cf188cbc2a76a50936479078efc2e7385ae3a7fc548
BALF_BLOOD_COPD,interim,demultiplexing_assignment,/home/tanlikai/databank/owndata/singlecell/data/demultiplexing_Result/donor_ids_2_4.tsv,data/datasets/BALF_BLOOD_COPD/workspace/data/demultiplexing_Result/donor_ids_2_4.tsv,2269477,1764580856645286757,sampled_sha256,febc9e3635d639c45b36c0135247d060889f840171989310c19a7a97b0e6ad8c
BALF_BLOOD_COPD,processed,independent_external_validation_h5ad,/home/tanlikai/databank/owndata/singlecell/data/results/phase4_final_annotated.h5ad,data/datasets/BALF_BLOOD_COPD/workspace/data/results/phase4_final_annotated.h5ad,2110825599,1778688119479718016,sampled_sha256,18e5fbfc6fbf8129ba796340a62e934897ea967c3efd410070695c24db0991bf
BALF_BLOOD_COPD,raw,filtered_count_matrix,/home/tanlikai/databank/owndata/singlecell/data/matrix/25060703_LIB1_5/filtered_feature_bc_matrix/matrix.mtx.gz,data/datasets/BALF_BLOOD_COPD/workspace/data/matrix/25060703_LIB1_5/filtered_feature_bc_matrix/matrix.mtx.gz,58446990,1752855052000000000,sampled_sha256,39409174260da254dba3f7a8c1c83de036126ae622b068bd1f71366641ae499c
BALF_BLOOD_COPD,raw,filtered_count_matrix,/home/tanlikai/databank/owndata/singlecell/data/matrix/25060703_LIB2_5/filtered_feature_bc_matrix/matrix.mtx.gz,data/datasets/BALF_BLOOD_COPD/workspace/data/matrix/25060703_LIB2_5/filtered_feature_bc_matrix/matrix.mtx.gz,151339323,1753995254000000000,sampled_sha256,6706db2ef1d0d5a64091e18d9d913eb6cd1459bf03325620f02bef2cb0386324
BALF_BLOOD_COPD,raw,filtered_count_matrix,/home/tanlikai/databank/owndata/singlecell/data/matrix/25060703_LIB3_5/filtered_feature_bc_matrix/matrix.mtx.gz,data/datasets/BALF_BLOOD_COPD/workspace/data/matrix/25060703_LIB3_5/filtered_feature_bc_matrix/matrix.mtx.gz,149085780,1752856858000000000,sampled_sha256,4e9ff3f4f3e462876a527c6a725ab8541e483890a45249dd48dcbbf12850ce48
BALF_BLOOD_COPD,raw,filtered_count_matrix,/home/tanlikai/databank/owndata/singlecell/data/matrix/25060703_LIB4_5/filtered_feature_bc_matrix/matrix.mtx.gz,data/datasets/BALF_BLOOD_COPD/workspace/data/matrix/25060703_LIB4_5/filtered_feature_bc_matrix/matrix.mtx.gz,144727063,1753991983000000000,sampled_sha256,ace4052b4e5f06d8df917d50d817ef905da341c85dd34710e93e97cd0eca0c55
BALF_BLOOD_COPD,raw,raw_count_matrix,/home/tanlikai/databank/owndata/singlecell/data/raw_matrix/25060703_LIB1_5/raw_feature_bc_matrix/matrix.mtx.gz,data/datasets/BALF_BLOOD_COPD/workspace/data/raw_matrix/25060703_LIB1_5/raw_feature_bc_matrix/matrix.mtx.gz,89302639,1752854758000000000,sampled_sha256,bf175c4dd5d24628909b4cd2b0c45a4747ff0e9e45e2052afef8597e8dcfaebf
BALF_BLOOD_COPD,raw,raw_count_matrix,/home/tanlikai/databank/owndata/singlecell/data/raw_matrix/25060703_LIB2_5/raw_feature_bc_matrix/matrix.mtx.gz,data/datasets/BALF_BLOOD_COPD/workspace/data/raw_matrix/25060703_LIB2_5/raw_feature_bc_matrix/matrix.mtx.gz,224366914,1753994776000000000,sampled_sha256,b873ca5be3ed262e66395cd206086dbf2bc65845146db9939436e5dcd74869bc
BALF_BLOOD_COPD,raw,raw_count_matrix,/home/tanlikai/databank/owndata/singlecell/data/raw_matrix/25060703_LIB3_5/raw_feature_bc_matrix/matrix.mtx.gz,data/datasets/BALF_BLOOD_COPD/workspace/data/raw_matrix/25060703_LIB3_5/raw_feature_bc_matrix/matrix.mtx.gz,215063917,1752856412000000000,sampled_sha256,857f2aaa9a8975853230f2be8e73797b1f2faa751a3e46d88dbc5ddcf4daa838
BALF_BLOOD_COPD,raw,raw_count_matrix,/home/tanlikai/databank/owndata/singlecell/data/raw_matrix/25060703_LIB4_5/raw_feature_bc_matrix/matrix.mtx.gz,data/datasets/BALF_BLOOD_COPD/workspace/data/raw_matrix/25060703_LIB4_5/raw_feature_bc_matrix/matrix.mtx.gz,204551157,1753991594000000000,sampled_sha256,bb274e501438e470e6be157ba6548f3d332d70e251b4f393e80f5704b35c48ea
GDT_2020AUG_woCOV,processed,standardized_h5ad,newdata/Sorted_gdT/GDT_2020AUG_woCOV_sorted_gdt.h5ad,data/datasets/GDT_2020AUG_woCOV/processed/artifacts/GDT_2020AUG_woCOV_sorted_gdt.h5ad,591495928,1776180216512539387,inode_preserved_by_same_filesystem_rename,
GDT_2020AUG_woCOV,raw,supplementary_archive,newdata/Sorted_gdT/GDT_2020AUG_woCOV.rds,data/datasets/GDT_2020AUG_woCOV/raw/source/GDT_2020AUG_woCOV.rds,3665021707,1776138910184748645,inode_preserved_by_same_filesystem_rename,
GDTlung2023july_7p,processed,standardized_h5ad,newdata/Sorted_gdT/GDTlung2023july_7p_sorted_gdt.h5ad,data/datasets/GDTlung2023july_7p/processed/artifacts/GDTlung2023july_7p_sorted_gdt.h5ad,276869875,1776180229759606201,inode_preserved_by_same_filesystem_rename,
GDTlung2023july_7p,raw,supplementary_archive,newdata/Sorted_gdT/GDTlung2023july_7p.rds,data/datasets/GDTlung2023july_7p/raw/source/GDTlung2023july_7p.rds,1021325837,1776138962258168926,inode_preserved_by_same_filesystem_rename,
GSE123813,raw,geo_series_matrix,downloads/GSE123813/matrix/GSE123813-GPL15520_series_matrix.txt.gz,data/datasets/GSE123813/raw/legacy_source/matrix/GSE123813-GPL15520_series_matrix.txt.gz,2711,1770835372040730587,inode_preserved_by_same_filesystem_rename,
GSE123813,raw,geo_series_matrix,downloads/GSE123813/matrix/GSE123813-GPL18573_series_matrix.txt.gz,data/datasets/GSE123813/raw/legacy_source/matrix/GSE123813-GPL18573_series_matrix.txt.gz,2644,1770835372728772303,inode_preserved_by_same_filesystem_rename,
GSE123813,raw,geo_series_matrix,downloads/GSE123813/matrix/GSE123813-GPL20301_series_matrix.txt.gz,data/datasets/GSE123813/raw/legacy_source/matrix/GSE123813-GPL20301_series_matrix.txt.gz,4851,1770835373385581890,inode_preserved_by_same_filesystem_rename,
GSE123813,raw,source_metadata,downloads/GSE123813/suppl/GSE123813_bcc_all_metadata.txt.gz,data/datasets/GSE123813/raw/legacy_source/suppl/GSE123813_bcc_all_metadata.txt.gz,1384659,1770835376098937249,inode_preserved_by_same_filesystem_rename,
GSE123813,raw,unclassified_source,downloads/GSE123813/suppl/GSE123813_bcc_scRNA_counts.txt.gz,data/datasets/GSE123813/raw/legacy_source/suppl/GSE123813_bcc_scRNA_counts.txt.gz,105220738,1770835391315019675,inode_preserved_by_same_filesystem_rename,
GSE123813,raw,source_metadata,downloads/GSE123813/suppl/GSE123813_bcc_tcell_metadata.txt.gz,data/datasets/GSE123813/raw/legacy_source/suppl/GSE123813_bcc_tcell_metadata.txt.gz,844303,1770835393117029447,inode_preserved_by_same_filesystem_rename,
GSE123813,raw,tcr_source,downloads/GSE123813/suppl/GSE123813_bcc_tcr.txt.gz,data/datasets/GSE123813/raw/legacy_source/suppl/GSE123813_bcc_tcr.txt.gz,795886,1770835394912039169,inode_preserved_by_same_filesystem_rename,
GSE123813,raw,source_metadata,downloads/GSE123813/suppl/GSE123813_scc_metadata.txt.gz,data/datasets/GSE123813/raw/legacy_source/suppl/GSE123813_scc_metadata.txt.gz,654637,1770835396692048819,inode_preserved_by_same_filesystem_rename,
GSE123813,raw,unclassified_source,downloads/GSE123813/suppl/GSE123813_scc_scRNA_counts.txt.gz,data/datasets/GSE123813/raw/legacy_source/suppl/GSE123813_scc_scRNA_counts.txt.gz,47514459,1770835403409085235,inode_preserved_by_same_filesystem_rename,
GSE123813,raw,tcr_source,downloads/GSE123813/suppl/GSE123813_scc_tcr.txt.gz,data/datasets/GSE123813/raw/legacy_source/suppl/GSE123813_scc_tcr.txt.gz,549991,1770835405200094946,inode_preserved_by_same_filesystem_rename,
GSE125527,processed,standardized_h5ad,downloads/per_gse_h5ad_with_metadata/GSE125527_with_metadata.h5ad,data/datasets/GSE125527/processed/artifacts/GSE125527_with_metadata.h5ad,530157009,1773915673117116710,inode_preserved_by_same_filesystem_rename,
GSE125527,raw,geo_series_matrix,downloads/GSE125527/matrix/GSE125527-GPL20301_series_matrix.txt.gz,data/datasets/GSE125527/raw/legacy_source/matrix/GSE125527-GPL20301_series_matrix.txt.gz,6813,1770836345116607554,inode_preserved_by_same_filesystem_rename,
GSE125527,raw,geo_series_matrix,downloads/GSE125527/matrix/GSE125527-GPL24676_series_matrix.txt.gz,data/datasets/GSE125527/raw/legacy_source/matrix/GSE125527-GPL24676_series_matrix.txt.gz,6517,1770836346067213207,inode_preserved_by_same_filesystem_rename,
GSE125527,raw,unclassified_source,downloads/GSE125527/suppl/GSE125527_Bcell_cluster.csv.gz,data/datasets/GSE125527/raw/legacy_source/suppl/GSE125527_Bcell_cluster.csv.gz,87626,1770836348114213711,inode_preserved_by_same_filesystem_rename,
GSE125527,raw,supplementary_archive,downloads/GSE125527/suppl/GSE125527_RAW.tar,data/datasets/GSE125527/raw/legacy_source/suppl/GSE125527_RAW.tar,126392320,1770836423290254221,inode_preserved_by_same_filesystem_rename,
GSE125527,raw,unclassified_source,downloads/GSE125527/suppl/GSE125527_Tcell_cluster.csv.gz,data/datasets/GSE125527/raw/legacy_source/suppl/GSE125527_Tcell_cluster.csv.gz,229814,1770836424845255498,inode_preserved_by_same_filesystem_rename,
GSE125527,raw,unclassified_source,downloads/GSE125527/suppl/GSE125527_UMI_cell_table_sparse.csv.gz,data/datasets/GSE125527/raw/legacy_source/suppl/GSE125527_UMI_cell_table_sparse.csv.gz,196764753,1770836452162280646,inode_preserved_by_same_filesystem_rename,
GSE125527,raw,unclassified_source,downloads/GSE125527/suppl/GSE125527_cell_id_colnames.csv.gz,data/datasets/GSE125527/raw/legacy_source/suppl/GSE125527_cell_id_colnames.csv.gz,365935,1770836454180282703,inode_preserved_by_same_filesystem_rename,
GSE125527,raw,source_metadata,downloads/GSE125527/suppl/GSE125527_cell_metadata.csv.gz,data/datasets/GSE125527/raw/legacy_source/suppl/GSE125527_cell_metadata.csv.gz,558948,1770836455920284499,inode_preserved_by_same_filesystem_rename,
GSE125527,raw,unclassified_source,downloads/GSE125527/suppl/GSE125527_gene_id_rownames.csv.gz,data/datasets/GSE125527/raw/legacy_source/suppl/GSE125527_gene_id_rownames.csv.gz,34958,1770836457195285827,inode_preserved_by_same_filesystem_rename,
GSE125527,raw,unclassified_source,downloads/GSE125527/suppl/GSE125527_oldPatientId-newPatientId.csv.gz,data/datasets/GSE125527/raw/legacy_source/suppl/GSE125527_oldPatientId-newPatientId.csv.gz,144,1770836457851334469,inode_preserved_by_same_filesystem_rename,
GSE125527,raw,unclassified_source,downloads/GSE125527/suppl/filelist.txt,data/datasets/GSE125527/raw/legacy_source/suppl/filelist.txt,9310,1770836459143287878,inode_preserved_by_same_filesystem_rename,
GSE139555,processed,standardized_h5ad,analysis_26GSE_V4/scanpy_projects/GSE139555/outputs/GSE139555_scanpy_processed.h5ad,data/datasets/GSE139555/interim/scanpy_project/outputs/GSE139555_scanpy_processed.h5ad,1624067401,1773951270069815145,inode_preserved_by_same_filesystem_rename,
GSE139555,raw,geo_series_matrix,downloads/GSE139555/matrix/GSE139555_series_matrix.txt.gz,data/datasets/GSE139555/raw/legacy_source/matrix/GSE139555_series_matrix.txt.gz,4463,1770834130261771114,inode_preserved_by_same_filesystem_rename,
GSE139555,raw,supplementary_archive,downloads/GSE139555/suppl/GSE139555_RAW.tar,data/datasets/GSE139555/raw/legacy_source/suppl/GSE139555_RAW.tar,638351360,1770834177767961535,inode_preserved_by_same_filesystem_rename,
GSE139555,raw,supplementary_archive,downloads/GSE139555/suppl/GSE139555_all_integrated.rds.gz,data/datasets/GSE139555/raw/legacy_source/suppl/GSE139555_all_integrated.rds.gz,2980677526,1770834520498496928,inode_preserved_by_same_filesystem_rename,
GSE139555,raw,source_metadata,downloads/GSE139555/suppl/GSE139555_all_metadata.txt.gz,data/datasets/GSE139555/raw/legacy_source/suppl/GSE139555_all_metadata.txt.gz,5425838,1770834525635521607,inode_preserved_by_same_filesystem_rename,
GSE139555,raw,supplementary_archive,downloads/GSE139555/suppl/GSE139555_cd45_nont_integrated.rds.gz,data/datasets/GSE139555/raw/legacy_source/suppl/GSE139555_cd45_nont_integrated.rds.gz,4049921620,1770834958803709937,inode_preserved_by_same_filesystem_rename,
GSE139555,raw,source_metadata,downloads/GSE139555/suppl/GSE139555_cd45_nont_metadata.txt.gz,data/datasets/GSE139555/raw/legacy_source/suppl/GSE139555_cd45_nont_metadata.txt.gz,1433486,1770834960914720998,inode_preserved_by_same_filesystem_rename,
GSE139555,raw,supplementary_archive,downloads/GSE139555/suppl/GSE139555_software.tar.gz,data/datasets/GSE139555/raw/legacy_source/suppl/GSE139555_software.tar.gz,189729362,1770834974247790877,inode_preserved_by_same_filesystem_rename,
GSE139555,raw,supplementary_archive,downloads/GSE139555/suppl/GSE139555_tcell_integrated.rds.gz,data/datasets/GSE139555/raw/legacy_source/suppl/GSE139555_tcell_integrated.rds.gz,3821349823,1770835367354889910,inode_preserved_by_same_filesystem_rename,
GSE139555,raw,source_metadata,downloads/GSE139555/suppl/GSE139555_tcell_metadata.txt.gz,data/datasets/GSE139555/raw/legacy_source/suppl/GSE139555_tcell_metadata.txt.gz,3949902,1770835370015904313,inode_preserved_by_same_filesystem_rename,
GSE139555,raw,unclassified_source,downloads/GSE139555/suppl/filelist.txt,data/datasets/GSE139555/raw/legacy_source/suppl/filelist.txt,10665,1770835370688139579,inode_preserved_by_same_filesystem_rename,
GSE144469,interim,legacy_derived_or_analysis,downloads/GSE144469/fastq/add_normalized.log,data/datasets/GSE144469/raw/legacy_source/fastq/add_normalized.log,427,1775645903959901855,inode_preserved_by_same_filesystem_rename,
GSE144469,interim,legacy_derived_or_analysis,downloads/GSE144469/fastq/batch1.log,data/datasets/GSE144469/raw/legacy_source/fastq/batch1.log,2133,1774974781637499075,inode_preserved_by_same_filesystem_rename,
GSE144469,interim,legacy_derived_or_analysis,downloads/GSE144469/fastq/batch1_final.log,data/datasets/GSE144469/raw/legacy_source/fastq/batch1_final.log,3625656,1778123961574170482,inode_preserved_by_same_filesystem_rename,
GSE144469,interim,legacy_derived_or_analysis,downloads/GSE144469/fastq/batch2.log,data/datasets/GSE144469/raw/legacy_source/fastq/batch2.log,439,1774703752132301133,inode_preserved_by_same_filesystem_rename,
GSE144469,interim,legacy_derived_or_analysis,downloads/GSE144469/fastq/batch2b.log,data/datasets/GSE144469/raw/legacy_source/fastq/batch2b.log,771,1774974729826102500,inode_preserved_by_same_filesystem_rename,
GSE144469,interim,legacy_derived_or_analysis,downloads/GSE144469/fastq/batch2b_final.log,data/datasets/GSE144469/raw/legacy_source/fastq/batch2b_final.log,3184031,1778123939930015993,inode_preserved_by_same_filesystem_rename,
GSE144469,interim,legacy_derived_or_analysis,downloads/GSE144469/fastq/batch_processing.log,data/datasets/GSE144469/raw/legacy_source/fastq/batch_processing.log,517,1774687515070139193,inode_preserved_by_same_filesystem_rename,
GSE144469,interim,legacy_derived_or_analysis,downloads/GSE144469/fastq/build_tnk_complete.log,data/datasets/GSE144469/raw/legacy_source/fastq/build_tnk_complete.log,5066,1775705575553392712,inode_preserved_by_same_filesystem_rename,
GSE144469,interim,legacy_derived_or_analysis,downloads/GSE144469/fastq/feature_plots.log,data/datasets/GSE144469/raw/legacy_source/fastq/feature_plots.log,500,1775618581869717242,inode_preserved_by_same_filesystem_rename,
GSE144469,interim,legacy_derived_or_analysis,downloads/GSE144469/fastq/feature_plots_final.log,data/datasets/GSE144469/raw/legacy_source/fastq/feature_plots_final.log,587,1775646202079591304,inode_preserved_by_same_filesystem_rename,
GSE144469,interim,legacy_derived_or_analysis,downloads/GSE144469/fastq/feature_plots_full.log,data/datasets/GSE144469/raw/legacy_source/fastq/feature_plots_full.log,503,1775628370533367662,inode_preserved_by_same_filesystem_rename,
GSE144469,interim,legacy_derived_or_analysis,downloads/GSE144469/fastq/feature_plots_tnk.png,data/datasets/GSE144469/raw/legacy_source/fastq/feature_plots_tnk.png,7342550,1775646164933156757,inode_preserved_by_same_filesystem_rename,
GSE144469,interim,legacy_derived_or_analysis,downloads/GSE144469/fastq/fix_donor_v2.log,data/datasets/GSE144469/raw/legacy_source/fastq/fix_donor_v2.log,1090,1775741137217629580,inode_preserved_by_same_filesystem_rename,
GSE144469,interim,legacy_derived_or_analysis,downloads/GSE144469/fastq/mait_analysis.log,data/datasets/GSE144469/raw/legacy_source/fastq/mait_analysis.log,1391,1775319843838205859,inode_preserved_by_same_filesystem_rename,
GSE144469,interim,legacy_derived_or_analysis,downloads/GSE144469/fastq/mait_by_donor.log,data/datasets/GSE144469/raw/legacy_source/fastq/mait_by_donor.log,637,1775320332184154646,inode_preserved_by_same_filesystem_rename,
GSE144469,interim,legacy_derived_or_analysis,downloads/GSE144469/fastq/mait_by_donor_v3.log,data/datasets/GSE144469/raw/legacy_source/fastq/mait_by_donor_v3.log,663,1775320786871092718,inode_preserved_by_same_filesystem_rename,
GSE144469,interim,legacy_derived_or_analysis,downloads/GSE144469/fastq/monitor.log,data/datasets/GSE144469/raw/legacy_source/fastq/monitor.log,27684,1775032913065551440,inode_preserved_by_same_filesystem_rename,
GSE144469,interim,legacy_derived_or_analysis,downloads/GSE144469/fastq/nk_analysis.log,data/datasets/GSE144469/raw/legacy_source/fastq/nk_analysis.log,1168,1775321669978114744,inode_preserved_by_same_filesystem_rename,
GSE144469,interim,legacy_derived_or_analysis,downloads/GSE144469/fastq/nkt_analysis.log,data/datasets/GSE144469/raw/legacy_source/fastq/nkt_analysis.log,1575,1775323495141962402,inode_preserved_by_same_filesystem_rename,
GSE144469,interim,legacy_derived_or_analysis,downloads/GSE144469/fastq/plot_proper_scores.log,data/datasets/GSE144469/raw/legacy_source/fastq/plot_proper_scores.log,666,1775750537146545785,inode_preserved_by_same_filesystem_rename,
GSE144469,interim,legacy_derived_or_analysis,downloads/GSE144469/fastq/plot_trab_trgd.log,data/datasets/GSE144469/raw/legacy_source/fastq/plot_trab_trgd.log,530,1775749289114886144,inode_preserved_by_same_filesystem_rename,
GSE144469,interim,legacy_derived_or_analysis,downloads/GSE144469/fastq/quick_scanpy_fast.log,data/datasets/GSE144469/raw/legacy_source/fastq/quick_scanpy_fast.log,752,1775240513305317225,inode_preserved_by_same_filesystem_rename,
GSE144469,interim,legacy_derived_or_analysis,downloads/GSE144469/fastq/quick_scanpy_fast2.log,data/datasets/GSE144469/raw/legacy_source/fastq/quick_scanpy_fast2.log,1455,1775240951413948565,inode_preserved_by_same_filesystem_rename,
GSE144469,interim,legacy_derived_or_analysis,downloads/GSE144469/fastq/quick_scanpy_fast3.log,data/datasets/GSE144469/raw/legacy_source/fastq/quick_scanpy_fast3.log,2299,1775241346603172017,inode_preserved_by_same_filesystem_rename,
GSE144469,interim,legacy_derived_or_analysis,downloads/GSE144469/fastq/quick_scanpy_final.log,data/datasets/GSE144469/raw/legacy_source/fastq/quick_scanpy_final.log,717,1775241832295064127,inode_preserved_by_same_filesystem_rename,
GSE144469,interim,legacy_derived_or_analysis,downloads/GSE144469/fastq/quick_scanpy_markers.png,data/datasets/GSE144469/raw/legacy_source/fastq/quick_scanpy_markers.png,2830736,1775286933863195602,inode_preserved_by_same_filesystem_rename,
GSE144469,interim,legacy_derived_or_analysis,downloads/GSE144469/fastq/quick_scanpy_umap.png,data/datasets/GSE144469/raw/legacy_source/fastq/quick_scanpy_umap.png,3839443,1775286926861153373,inode_preserved_by_same_filesystem_rename,
GSE144469,interim,legacy_derived_or_analysis,downloads/GSE144469/fastq/quick_scanpy_v2.log,data/datasets/GSE144469/raw/legacy_source/fastq/quick_scanpy_v2.log,792,1775286936675212577,inode_preserved_by_same_filesystem_rename,
GSE144469,interim,legacy_derived_or_analysis,downloads/GSE144469/fastq/read_full_data.log,data/datasets/GSE144469/raw/legacy_source/fastq/read_full_data.log,1122,1775627231045986389,inode_preserved_by_same_filesystem_rename,
GSE144469,interim,legacy_derived_or_analysis,downloads/GSE144469/fastq/read_full_direct.log,data/datasets/GSE144469/raw/legacy_source/fastq/read_full_direct.log,552,1775627494902146972,inode_preserved_by_same_filesystem_rename,
GSE144469,interim,legacy_derived_or_analysis,downloads/GSE144469/fastq/read_full_fixed.log,data/datasets/GSE144469/raw/legacy_source/fastq/read_full_fixed.log,470,1775627645335832842,inode_preserved_by_same_filesystem_rename,
GSE144469,interim,legacy_derived_or_analysis,downloads/GSE144469/fastq/read_raw_fixed.log,data/datasets/GSE144469/raw/legacy_source/fastq/read_raw_fixed.log,2920,1775628150696149810,inode_preserved_by_same_filesystem_rename,
GSE144469,interim,legacy_derived_or_analysis,downloads/GSE144469/fastq/read_raw_full.log,data/datasets/GSE144469/raw/legacy_source/fastq/read_raw_full.log,1160,1775627854439083287,inode_preserved_by_same_filesystem_rename,
GSE144469,interim,legacy_derived_or_analysis,downloads/GSE144469/fastq/recalculate_proper_scores.log,data/datasets/GSE144469/raw/legacy_source/fastq/recalculate_proper_scores.log,1447,1775750434803745372,inode_preserved_by_same_filesystem_rename,
GSE144469,interim,legacy_derived_or_analysis,downloads/GSE144469/fastq/recreate_tnk.log,data/datasets/GSE144469/raw/legacy_source/fastq/recreate_tnk.log,1626,1775625937111629474,inode_preserved_by_same_filesystem_rename,
GSE144469,interim,legacy_derived_or_analysis,downloads/GSE144469/fastq/recreate_tnk_full.log,data/datasets/GSE144469/raw/legacy_source/fastq/recreate_tnk_full.log,4114,1775626287318685925,inode_preserved_by_same_filesystem_rename,
GSE144469,interim,legacy_derived_or_analysis,downloads/GSE144469/fastq/recreate_tnk_full2.log,data/datasets/GSE144469/raw/legacy_source/fastq/recreate_tnk_full2.log,4114,1775627070069872781,inode_preserved_by_same_filesystem_rename,
GSE144469,interim,legacy_derived_or_analysis,downloads/GSE144469/fastq/rerun_clustering.log,data/datasets/GSE144469/raw/legacy_source/fastq/rerun_clustering.log,1649,1775704685043279426,inode_preserved_by_same_filesystem_rename,
GSE144469,interim,legacy_derived_or_analysis,downloads/GSE144469/fastq/scanpy_composition_donor.png,data/datasets/GSE144469/raw/legacy_source/fastq/scanpy_composition_donor.png,157472,1775240616317129044,inode_preserved_by_same_filesystem_rename,
GSE144469,interim,legacy_derived_or_analysis,downloads/GSE144469/fastq/scanpy_composition_status.png,data/datasets/GSE144469/raw/legacy_source/fastq/scanpy_composition_status.png,141162,1775240616785133068,inode_preserved_by_same_filesystem_rename,
GSE144469,interim,legacy_derived_or_analysis,downloads/GSE144469/fastq/scanpy_integration.log,data/datasets/GSE144469/raw/legacy_source/fastq/scanpy_integration.log,16185,1775240620673166486,inode_preserved_by_same_filesystem_rename,
GSE144469,interim,legacy_derived_or_analysis,downloads/GSE144469/fastq/scanpy_markers.png,data/datasets/GSE144469/raw/legacy_source/fastq/scanpy_markers.png,4225087,1775240612643097444,inode_preserved_by_same_filesystem_rename,
GSE144469,interim,legacy_derived_or_analysis,downloads/GSE144469/fastq/scanpy_merge.log,data/datasets/GSE144469/raw/legacy_source/fastq/scanpy_merge.log,3772,1775187287991426838,inode_preserved_by_same_filesystem_rename,
GSE144469,interim,legacy_derived_or_analysis,downloads/GSE144469/fastq/scanpy_umap_overview.png,data/datasets/GSE144469/raw/legacy_source/fastq/scanpy_umap_overview.png,5614441,1775240602677016587,inode_preserved_by_same_filesystem_rename,
GSE144469,interim,legacy_derived_or_analysis,downloads/GSE144469/fastq/tnk_clustering.log,data/datasets/GSE144469/raw/legacy_source/fastq/tnk_clustering.log,2576,1775698395883774100,inode_preserved_by_same_filesystem_rename,
GSE144469,interim,legacy_derived_or_analysis,downloads/GSE144469/fastq/trd_trab_proper_scores.png,data/datasets/GSE144469/raw/legacy_source/fastq/trd_trab_proper_scores.png,1678756,1775750536916543983,inode_preserved_by_same_filesystem_rename,
GSE144469,interim,legacy_derived_or_analysis,downloads/GSE144469/fastq/trg_abt_analysis.log,data/datasets/GSE144469/raw/legacy_source/fastq/trg_abt_analysis.log,1284,1775318025276122230,inode_preserved_by_same_filesystem_rename,
GSE144469,interim,legacy_derived_or_analysis,downloads/GSE144469/fastq/trg_exclude_trdc.log,data/datasets/GSE144469/raw/legacy_source/fastq/trg_exclude_trdc.log,1429,1775319225409935139,inode_preserved_by_same_filesystem_rename,
GSE144469,interim,legacy_derived_or_analysis,downloads/GSE144469/fastq/trg_repertoire_comparison.png,data/datasets/GSE144469/raw/legacy_source/fastq/trg_repertoire_comparison.png,402230,1775226267502173974,inode_preserved_by_same_filesystem_rename,
GSE144469,interim,legacy_derived_or_analysis,downloads/GSE144469/fastq/trg_vgene_by_donor_trd_neg.png,data/datasets/GSE144469/raw/legacy_source/fastq/trg_vgene_by_donor_trd_neg.png,493557,1775226808609194455,inode_preserved_by_same_filesystem_rename,
GSE144469,interim,legacy_derived_or_analysis,downloads/GSE144469/fastq/trgv2_trgv10_donor_analysis.png,data/datasets/GSE144469/raw/legacy_source/fastq/trgv2_trgv10_donor_analysis.png,313643,1775226809831203783,inode_preserved_by_same_filesystem_rename,
GSE144469,interim,legacy_derived_or_analysis,downloads/GSE144469/fastq/trgv_analysis_no_trgv10.png,data/datasets/GSE144469/raw/legacy_source/fastq/trgv_analysis_no_trgv10.png,517395,1775230045399618207,inode_preserved_by_same_filesystem_rename,
GSE144469,interim,legacy_derived_or_analysis,downloads/GSE144469/fastq/trgv_correlation_heatmaps.png,data/datasets/GSE144469/raw/legacy_source/fastq/trgv_correlation_heatmaps.png,847711,1775228412438733601,inode_preserved_by_same_filesystem_rename,
GSE144469,interim,legacy_derived_or_analysis,downloads/GSE144469/fastq/trgv_correlation_plots.png,data/datasets/GSE144469/raw/legacy_source/fastq/trgv_correlation_plots.png,1982510,1775228409722712208,inode_preserved_by_same_filesystem_rename,
GSE144469,interim,legacy_derived_or_analysis,downloads/GSE144469/fastq/umap_NO_TRGV10.png,data/datasets/GSE144469/raw/legacy_source/fastq/umap_NO_TRGV10.png,1021191,1775307419625653201,inode_preserved_by_same_filesystem_rename,
GSE144469,interim,legacy_derived_or_analysis,downloads/GSE144469/fastq/umap_comprehensive_A4.png,data/datasets/GSE144469/raw/legacy_source/fastq/umap_comprehensive_A4.png,978244,1775287628088559309,inode_preserved_by_same_filesystem_rename,
GSE144469,interim,legacy_derived_or_analysis,downloads/GSE144469/fastq/umap_tnk_clusters.png,data/datasets/GSE144469/raw/legacy_source/fastq/umap_tnk_clusters.png,2343500,1775698280644851287,inode_preserved_by_same_filesystem_rename,
GSE144469,interim,legacy_derived_or_analysis,downloads/GSE144469/fastq/umap_tnk_comparison.png,data/datasets/GSE144469/raw/legacy_source/fastq/umap_tnk_comparison.png,2418532,1775698296362977233,inode_preserved_by_same_filesystem_rename,
GSE144469,interim,legacy_derived_or_analysis,downloads/GSE144469/fastq/umap_tnk_markers.png,data/datasets/GSE144469/raw/legacy_source/fastq/umap_tnk_markers.png,6026012,1775698289784924525,inode_preserved_by_same_filesystem_rename,
GSE144469,processed,standardized_h5ad,downloads/per_gse_h5ad_with_metadata/GSE144469_with_metadata.h5ad,data/datasets/GSE144469/processed/artifacts/GSE144469_with_metadata.h5ad,2123191128,1773915691074197413,inode_preserved_by_same_filesystem_rename,
GSE144469,processed,standardized_h5ad,downloads/GSE144469/fastq/quick_scanpy_integrated.h5ad,data/datasets/GSE144469/raw/legacy_source/fastq/quick_scanpy_integrated.h5ad,327229465,1775286923316132014,inode_preserved_by_same_filesystem_rename,
GSE144469,processed,standardized_h5ad,downloads/GSE144469/fastq/scanpy_integrated_annotated.h5ad,data/datasets/GSE144469/raw/legacy_source/fastq/scanpy_integrated_annotated.h5ad,6062921598,1775240587025894119,inode_preserved_by_same_filesystem_rename,
GSE144469,processed,standardized_h5ad,downloads/GSE144469/fastq/tnk_subset.h5ad,data/datasets/GSE144469/raw/legacy_source/fastq/tnk_subset.h5ad,1536829723,1775750432862730217,inode_preserved_by_same_filesystem_rename,
GSE144469,raw,geo_series_matrix,downloads/GSE144469/GSE144469-GPL15520_series_matrix.txt.gz,data/datasets/GSE144469/raw/legacy_source/GSE144469-GPL15520_series_matrix.txt.gz,4089,1771263142722594531,inode_preserved_by_same_filesystem_rename,
GSE144469,raw,geo_series_matrix,downloads/GSE144469/GSE144469-GPL16791_series_matrix.txt.gz,data/datasets/GSE144469/raw/legacy_source/GSE144469-GPL16791_series_matrix.txt.gz,4012,1771263144886486684,inode_preserved_by_same_filesystem_rename,
GSE144469,raw,geo_series_matrix,downloads/GSE144469/GSE144469-GPL20301_series_matrix.txt.gz,data/datasets/GSE144469/raw/legacy_source/GSE144469-GPL20301_series_matrix.txt.gz,8812,1771263145634044196,inode_preserved_by_same_filesystem_rename,
GSE144469,raw,supplementary_archive,downloads/GSE144469/GSE144469_RAW.tar,data/datasets/GSE144469/raw/legacy_source/GSE144469_RAW.tar,1037670400,1771263433081753480,inode_preserved_by_same_filesystem_rename,
GSE144469,raw,tcr_source,downloads/GSE144469/GSE144469_TCR_filtered_contig_annotations_all.csv.gz,data/datasets/GSE144469/raw/legacy_source/GSE144469_TCR_filtered_contig_annotations_all.csv.gz,7441939,1771263109243859877,inode_preserved_by_same_filesystem_rename,
GSE144469,raw,unclassified_source,downloads/GSE144469/GSE144469_family.soft.gz,data/datasets/GSE144469/raw/legacy_source/GSE144469_family.soft.gz,10597,1771263120226915486,inode_preserved_by_same_filesystem_rename,
GSE144469,raw,geo_series_matrix,downloads/GSE144469/GSE144469_series_matrix.txt.gz,data/datasets/GSE144469/raw/legacy_source/GSE144469_series_matrix.txt.gz,992,1771263102726826890,inode_preserved_by_same_filesystem_rename,
GSE144469,raw,unclassified_source,downloads/GSE144469/SarRun.csv,data/datasets/GSE144469/raw/legacy_source/SarRun.csv,17377,1774613222859090198,inode_preserved_by_same_filesystem_rename,
GSE144469,raw,unclassified_source,downloads/GSE144469/fastq/.nfs00000000017f08e100063361,data/datasets/GSE144469/raw/legacy_source/fastq/.nfs00000000017f08e100063361,5316968,1774487527991624973,inode_preserved_by_same_filesystem_rename,
GSE144469,raw,unclassified_source,downloads/GSE144469/fastq/SarRun.csv,data/datasets/GSE144469/raw/legacy_source/fastq/SarRun.csv,17377,1774613733203304970,inode_preserved_by_same_filesystem_rename,
GSE144469,raw,source_metadata,downloads/GSE144469/fastq/add_full_metadata.log,data/datasets/GSE144469/raw/legacy_source/fastq/add_full_metadata.log,2398,1775740157162165463,inode_preserved_by_same_filesystem_rename,
GSE144469,raw,tcr_source,downloads/GSE144469/fastq/add_tcr.log,data/datasets/GSE144469/raw/legacy_source/fastq/add_tcr.log,1164,1775293752896623287,inode_preserved_by_same_filesystem_rename,
GSE144469,raw,tcr_source,downloads/GSE144469/fastq/add_tcr_correct.log,data/datasets/GSE144469/raw/legacy_source/fastq/add_tcr_correct.log,2911,1775295562856229232,inode_preserved_by_same_filesystem_rename,
GSE144469,raw,tcr_source,downloads/GSE144469/fastq/add_tcr_final.log,data/datasets/GSE144469/raw/legacy_source/fastq/add_tcr_final.log,4563,1775704201011026568,inode_preserved_by_same_filesystem_rename,
GSE144469,raw,tcr_source,downloads/GSE144469/fastq/add_tcr_to_tnk.log,data/datasets/GSE144469/raw/legacy_source/fastq/add_tcr_to_tnk.log,1539,1775703757411176445,inode_preserved_by_same_filesystem_rename,
GSE144469,raw,tcr_source,downloads/GSE144469/fastq/add_tcr_to_tnk_v2.log,data/datasets/GSE144469/raw/legacy_source/fastq/add_tcr_to_tnk_v2.log,2598,1775703964738484848,inode_preserved_by_same_filesystem_rename,
GSE144469,raw,tcr_source,downloads/GSE144469/fastq/add_tcr_v2.log,data/datasets/GSE144469/raw/legacy_source/fastq/add_tcr_v2.log,2062,1775293908465809107,inode_preserved_by_same_filesystem_rename,
GSE144469,raw,unclassified_source,downloads/GSE144469/fastq/cell_counts.csv,data/datasets/GSE144469/raw/legacy_source/fastq/cell_counts.csv,986,1775145484282513749,inode_preserved_by_same_filesystem_rename,
GSE144469,raw,tcr_source,downloads/GSE144469/fastq/fix_donor_from_tcr.log,data/datasets/GSE144469/raw/legacy_source/fastq/fix_donor_from_tcr.log,3384,1775740918670947664,inode_preserved_by_same_filesystem_rename,
GSE144469,raw,tcr_source,downloads/GSE144469/fastq/fix_tcr_merge.log,data/datasets/GSE144469/raw/legacy_source/fastq/fix_tcr_merge.log,6609,1775702947192042004,inode_preserved_by_same_filesystem_rename,
GSE144469,raw,tcr_source,downloads/GSE144469/fastq/fix_tcr_merge_v2.log,data/datasets/GSE144469/raw/legacy_source/fastq/fix_tcr_merge_v2.log,3835,1775703053124428361,inode_preserved_by_same_filesystem_rename,
GSE144469,raw,unclassified_source,downloads/GSE144469/fastq/mait_by_donor_analysis.csv,data/datasets/GSE144469/raw/legacy_source/fastq/mait_by_donor_analysis.csv,2103,1775321261093309911,inode_preserved_by_same_filesystem_rename,
GSE144469,raw,unclassified_source,downloads/GSE144469/fastq/mait_by_donor_report.md,data/datasets/GSE144469/raw/legacy_source/fastq/mait_by_donor_report.md,3220,1775321262510985939,inode_preserved_by_same_filesystem_rename,
GSE144469,raw,unclassified_source,downloads/GSE144469/fastq/mait_cell_analysis_report.md,data/datasets/GSE144469/raw/legacy_source/fastq/mait_cell_analysis_report.md,1683,1775319843837205853,inode_preserved_by_same_filesystem_rename,
GSE144469,raw,unclassified_source,downloads/GSE144469/fastq/mait_vs_nonmait_de_genes.csv,data/datasets/GSE144469/raw/legacy_source/fastq/mait_vs_nonmait_de_genes.csv,21962,1775319841116189985,inode_preserved_by_same_filesystem_rename,
GSE144469,raw,unclassified_source,downloads/GSE144469/fastq/nk_by_donor_analysis.csv,data/datasets/GSE144469/raw/legacy_source/fastq/nk_by_donor_analysis.csv,2281,1775321668043095601,inode_preserved_by_same_filesystem_rename,
GSE144469,raw,unclassified_source,downloads/GSE144469/fastq/nk_cell_analysis_report.md,data/datasets/GSE144469/raw/legacy_source/fastq/nk_cell_analysis_report.md,3093,1775321669714112133,inode_preserved_by_same_filesystem_rename,
GSE144469,raw,unclassified_source,downloads/GSE144469/fastq/nkt_by_donor_analysis.csv,data/datasets/GSE144469/raw/legacy_source/fastq/nkt_by_donor_analysis.csv,2139,1775323493609782559,inode_preserved_by_same_filesystem_rename,
GSE144469,raw,unclassified_source,downloads/GSE144469/fastq/nkt_cell_analysis_report.md,data/datasets/GSE144469/raw/legacy_source/fastq/nkt_cell_analysis_report.md,2212,1775323495125787086,inode_preserved_by_same_filesystem_rename,
GSE144469,raw,unclassified_source,downloads/GSE144469/fastq/progress_2904.md,data/datasets/GSE144469/raw/legacy_source/fastq/progress_2904.md,16495,1777447795343029954,inode_preserved_by_same_filesystem_rename,
GSE144469,raw,tcr_source,downloads/GSE144469/fastq/quick_add_tcr.log,data/datasets/GSE144469/raw/legacy_source/fastq/quick_add_tcr.log,2199,1775705013068520770,inode_preserved_by_same_filesystem_rename,
GSE144469,raw,tcr_source,downloads/GSE144469/fastq/recreate_tnk_with_tcr.log,data/datasets/GSE144469/raw/legacy_source/fastq/recreate_tnk_with_tcr.log,3960,1775703299681558454,inode_preserved_by_same_filesystem_rename,
GSE144469,raw,tcr_source,downloads/GSE144469/fastq/tcr_gene_correlation.log,data/datasets/GSE144469/raw/legacy_source/fastq/tcr_gene_correlation.log,2121,1775720583434753665,inode_preserved_by_same_filesystem_rename,
GSE144469,raw,tcr_source,downloads/GSE144469/fastq/tcr_gene_correlation.png,data/datasets/GSE144469/raw/legacy_source/fastq/tcr_gene_correlation.png,1071491,1775720768336230160,inode_preserved_by_same_filesystem_rename,
GSE144469,raw,tcr_source,downloads/GSE144469/fastq/tcr_mapping_stats.csv,data/datasets/GSE144469/raw/legacy_source/fastq/tcr_mapping_stats.csv,1670,1775295993608965746,inode_preserved_by_same_filesystem_rename,
GSE144469,raw,tcr_source,downloads/GSE144469/fastq/tcr_merged_NO_TRGV10.csv,data/datasets/GSE144469/raw/legacy_source/fastq/tcr_merged_NO_TRGV10.csv,9326285,1775307321857019413,inode_preserved_by_same_filesystem_rename,
GSE144469,raw,tcr_source,downloads/GSE144469/fastq/tcr_merged_ab_gd.csv,data/datasets/GSE144469/raw/legacy_source/fastq/tcr_merged_ab_gd.csv,9241706,1775295993886966015,inode_preserved_by_same_filesystem_rename,
GSE144469,raw,tcr_source,downloads/GSE144469/fastq/tcr_merged_ab_gd_FIXED.csv,data/datasets/GSE144469/raw/legacy_source/fastq/tcr_merged_ab_gd_FIXED.csv,9269935,1775306461803963930,inode_preserved_by_same_filesystem_rename,
GSE144469,raw,tcr_source,downloads/GSE144469/fastq/tcr_merged_ab_gd_no_trgv10.csv,data/datasets/GSE144469/raw/legacy_source/fastq/tcr_merged_ab_gd_no_trgv10.csv,9020030,1775230045770621136,inode_preserved_by_same_filesystem_rename,
GSE144469,raw,tcr_source,downloads/GSE144469/fastq/tcr_processed.csv,data/datasets/GSE144469/raw/legacy_source/fastq/tcr_processed.csv,15902579,1775205745297771562,inode_preserved_by_same_filesystem_rename,
GSE144469,raw,tcr_source,downloads/GSE144469/fastq/tcr_viz.log,data/datasets/GSE144469/raw/legacy_source/fastq/tcr_viz.log,52,1775720874991081708,inode_preserved_by_same_filesystem_rename,
GSE144469,raw,unclassified_source,downloads/GSE144469/fastq/tnk_subset_summary.txt,data/datasets/GSE144469/raw/legacy_source/fastq/tnk_subset_summary.txt,261,1775316293964212474,inode_preserved_by_same_filesystem_rename,
GSE144469,raw,tcr_source,downloads/GSE144469/fastq/trab_vs_trd_by_tcr_chains.png,data/datasets/GSE144469/raw/legacy_source/fastq/trab_vs_trd_by_tcr_chains.png,1437471,1775295997634969746,inode_preserved_by_same_filesystem_rename,
GSE144469,raw,tcr_source,downloads/GSE144469/fastq/trd_vs_trab_by_tcr_config.png,data/datasets/GSE144469/raw/legacy_source/fastq/trd_vs_trab_by_tcr_config.png,2106309,1775749288921884582,inode_preserved_by_same_filesystem_rename,
GSE144469,raw,unclassified_source,downloads/GSE144469/fastq/trg_abt_analysis_report.md,data/datasets/GSE144469/raw/legacy_source/fastq/trg_abt_analysis_report.md,3483,1775318025275122221,inode_preserved_by_same_filesystem_rename,
GSE144469,raw,unclassified_source,downloads/GSE144469/fastq/trg_abt_correlation.csv,data/datasets/GSE144469/raw/legacy_source/fastq/trg_abt_correlation.csv,135097,1775318022540100140,inode_preserved_by_same_filesystem_rename,
GSE144469,raw,unclassified_source,downloads/GSE144469/fastq/trg_abt_de_genes.csv,data/datasets/GSE144469/raw/legacy_source/fastq/trg_abt_de_genes.csv,133738,1775318011373009984,inode_preserved_by_same_filesystem_rename,
GSE144469,raw,unclassified_source,downloads/GSE144469/fastq/trg_abt_no_trdc_correlation.csv,data/datasets/GSE144469/raw/legacy_source/fastq/trg_abt_no_trdc_correlation.csv,135253,1775319222984924291,inode_preserved_by_same_filesystem_rename,
GSE144469,raw,unclassified_source,downloads/GSE144469/fastq/trg_abt_no_trdc_de_genes.csv,data/datasets/GSE144469/raw/legacy_source/fastq/trg_abt_no_trdc_de_genes.csv,108821,1775319211467873081,inode_preserved_by_same_filesystem_rename,
GSE144469,raw,unclassified_source,downloads/GSE144469/fastq/trg_abt_no_trdc_report.md,data/datasets/GSE144469/raw/legacy_source/fastq/trg_abt_no_trdc_report.md,4127,1775319225408935134,inode_preserved_by_same_filesystem_rename,
GSE144469,raw,unclassified_source,downloads/GSE144469/fastq/trg_repertoire_comparison.json,data/datasets/GSE144469/raw/legacy_source/fastq/trg_repertoire_comparison.json,762,1775226267661175243,inode_preserved_by_same_filesystem_rename,
GSE144469,raw,unclassified_source,downloads/GSE144469/fastq/trg_vgene_by_donor.csv,data/datasets/GSE144469/raw/legacy_source/fastq/trg_vgene_by_donor.csv,1068,1775226805599171482,inode_preserved_by_same_filesystem_rename,
GSE144469,raw,unclassified_source,downloads/GSE144469/fastq/trgv2_trgv10_comparison.csv,data/datasets/GSE144469/raw/legacy_source/fastq/trgv2_trgv10_comparison.csv,1209,1775226809095198165,inode_preserved_by_same_filesystem_rename,
GSE144469,raw,unclassified_source,downloads/GSE144469/fastq/trgv_correlation_no_trgv10.csv,data/datasets/GSE144469/raw/legacy_source/fastq/trgv_correlation_no_trgv10.csv,483,1775230045785621254,inode_preserved_by_same_filesystem_rename,
GSE144469,raw,unclassified_source,downloads/GSE144469/fastq/trgv_correlation_with_trd.csv,data/datasets/GSE144469/raw/legacy_source/fastq/trgv_correlation_with_trd.csv,1194,1775228407108308847,inode_preserved_by_same_filesystem_rename,
GSE144469,raw,tcr_source,downloads/GSE144469/fastq/umap_TCR_ALL_CORRECT.png,data/datasets/GSE144469/raw/legacy_source/fastq/umap_TCR_ALL_CORRECT.png,1017753,1775306553212173335,inode_preserved_by_same_filesystem_rename,
GSE144469,raw,tcr_source,downloads/GSE144469/fastq/umap_TCR_all_chains.png,data/datasets/GSE144469/raw/legacy_source/fastq/umap_TCR_all_chains.png,1014694,1775293901186758724,inode_preserved_by_same_filesystem_rename,
GSE144469,raw,tcr_source,downloads/GSE144469/fastq/umap_TCR_corrected.png,data/datasets/GSE144469/raw/legacy_source/fastq/umap_TCR_corrected.png,1014177,1775296062161058275,inode_preserved_by_same_filesystem_rename,
GSE144469,raw,tcr_source,downloads/GSE144469/fastq/umap_TCR_only_red_gray.png,data/datasets/GSE144469/raw/legacy_source/fastq/umap_TCR_only_red_gray.png,696697,1775308739433041904,inode_preserved_by_same_filesystem_rename,
GSE144469,raw,unclassified_source,downloads/GSE144469/fastq/umap_no_trgv10_summary.txt,data/datasets/GSE144469/raw/legacy_source/fastq/umap_no_trgv10_summary.txt,387,1775307426806684625,inode_preserved_by_same_filesystem_rename,
GSE144469,raw,unclassified_source,downloads/GSE144469/fastq/umap_summary.txt,data/datasets/GSE144469/raw/legacy_source/fastq/umap_summary.txt,356,1775287633371848137,inode_preserved_by_same_filesystem_rename,
GSE144469,raw,tcr_source,downloads/GSE144469/fastq/umap_tcr_FINAL_summary.txt,data/datasets/GSE144469/raw/legacy_source/fastq/umap_tcr_FINAL_summary.txt,555,1775306560298993846,inode_preserved_by_same_filesystem_rename,
GSE144469,raw,tcr_source,downloads/GSE144469/fastq/umap_tcr_all.log,data/datasets/GSE144469/raw/legacy_source/fastq/umap_tcr_all.log,0,1775292962501866558,inode_preserved_by_same_filesystem_rename,
GSE144469,raw,tcr_source,downloads/GSE144469/fastq/umap_tcr_corrected_summary.txt,data/datasets/GSE144469/raw/legacy_source/fastq/umap_tcr_corrected_summary.txt,539,1775296069394070925,inode_preserved_by_same_filesystem_rename,
GSE144469,raw,geo_series_matrix,downloads/GSE144469/matrix/GSE144469-GPL15520_series_matrix.txt.gz,data/datasets/GSE144469/raw/legacy_source/matrix/GSE144469-GPL15520_series_matrix.txt.gz,4089,1770833505729658100,inode_preserved_by_same_filesystem_rename,
GSE144469,raw,geo_series_matrix,downloads/GSE144469/matrix/GSE144469-GPL16791_series_matrix.txt.gz,data/datasets/GSE144469/raw/legacy_source/matrix/GSE144469-GPL16791_series_matrix.txt.gz,4012,1770833506390661973,inode_preserved_by_same_filesystem_rename,
GSE144469,raw,geo_series_matrix,downloads/GSE144469/matrix/GSE144469-GPL20301_series_matrix.txt.gz,data/datasets/GSE144469/raw/legacy_source/matrix/GSE144469-GPL20301_series_matrix.txt.gz,8812,1770833507047665823,inode_preserved_by_same_filesystem_rename,
GSE144469,raw,unclassified_source,downloads/GSE144469/metadata/GSE144469_family.soft,data/datasets/GSE144469/raw/legacy_source/metadata/GSE144469_family.soft,463837,1773748377344698764,inode_preserved_by_same_filesystem_rename,
GSE144469,raw,unclassified_source,downloads/GSE144469/runinfo.csv,data/datasets/GSE144469/raw/legacy_source/runinfo.csv,0,1774269293973148843,inode_preserved_by_same_filesystem_rename,
GSE144469,raw,supplementary_archive,downloads/GSE144469/suppl/GSE144469_RAW.tar,data/datasets/GSE144469/raw/legacy_source/suppl/GSE144469_RAW.tar,1037670400,1770834095404635915,inode_preserved_by_same_filesystem_rename,
GSE144469,raw,tcr_source,downloads/GSE144469/suppl/GSE144469_TCR_filtered_contig_annotations_all.csv,data/datasets/GSE144469/raw/legacy_source/suppl/GSE144469_TCR_filtered_contig_annotations_all.csv,40317683,1770834099608652008,inode_preserved_by_same_filesystem_rename,
GSE144469,raw,unclassified_source,downloads/GSE144469/suppl/filelist.txt,data/datasets/GSE144469/raw/legacy_source/suppl/filelist.txt,5269,1770834100534540379,inode_preserved_by_same_filesystem_rename,
GSE145926,processed,standardized_h5ad,analysis_26GSE_V4/scanpy_projects/GSE145926/outputs/GSE145926_scanpy_processed.h5ad,data/datasets/GSE145926/interim/scanpy_project/outputs/GSE145926_scanpy_processed.h5ad,1004759591,1773951251824693288,inode_preserved_by_same_filesystem_rename,
GSE145926,raw,geo_series_matrix,downloads/GSE145926/matrix/GSE145926_series_matrix.txt.gz,data/datasets/GSE145926/raw/legacy_source/matrix/GSE145926_series_matrix.txt.gz,4279,1770834108968674402,inode_preserved_by_same_filesystem_rename,
GSE145926,raw,supplementary_archive,downloads/GSE145926/suppl/GSE145926_RAW.tar,data/datasets/GSE145926/raw/legacy_source/suppl/GSE145926_RAW.tar,236001280,1770834128166762876,inode_preserved_by_same_filesystem_rename,
GSE145926,raw,unclassified_source,downloads/GSE145926/suppl/filelist.txt,data/datasets/GSE145926/raw/legacy_source/suppl/filelist.txt,1859,1770834128931736582,inode_preserved_by_same_filesystem_rename,
GSE149298,raw,geo_series_matrix,downloads/GSE149298/matrix/GSE149298_series_matrix.txt.gz,data/datasets/GSE149298/raw/legacy_source/matrix/GSE149298_series_matrix.txt.gz,5323,1770834101869660687,inode_preserved_by_same_filesystem_rename,
GSE149298,raw,unclassified_source,downloads/GSE149298/suppl/GSE149298_TcellsAIH_FB5Pseq_filtered_genes_UMI.csv.gz,data/datasets/GSE149298/raw/legacy_source/suppl/GSE149298_TcellsAIH_FB5Pseq_filtered_genes_UMI.csv.gz,3144677,1770834105095673100,inode_preserved_by_same_filesystem_rename,
GSE149298,raw,source_metadata,downloads/GSE149298/suppl/GSE149298_TcellsAIH_FB5Pseq_filtered_metadata.xlsx,data/datasets/GSE149298/raw/legacy_source/suppl/GSE149298_TcellsAIH_FB5Pseq_filtered_metadata.xlsx,298015,1770834106778679591,inode_preserved_by_same_filesystem_rename,
GSE149298,raw,unclassified_source,downloads/GSE149298/suppl/GSE149298_scRNAseqMetrics_SupplementaryTable_Geo.docx.gz,data/datasets/GSE149298/raw/legacy_source/suppl/GSE149298_scRNAseqMetrics_SupplementaryTable_Geo.docx.gz,10719,1770834107648682947,inode_preserved_by_same_filesystem_rename,
GSE155222,processed,standardized_h5ad,downloads/per_gse_h5ad_with_metadata/GSE155222_with_metadata.h5ad,data/datasets/GSE155222/processed/artifacts/GSE155222_with_metadata.h5ad,479628463,1773915697103224702,inode_preserved_by_same_filesystem_rename,
GSE155222,raw,geo_series_matrix,downloads/GSE155222/matrix/GSE155222_series_matrix.txt.gz,data/datasets/GSE155222/raw/legacy_source/matrix/GSE155222_series_matrix.txt.gz,2848,1771263134113985825,inode_preserved_by_same_filesystem_rename,
GSE155222,raw,geo_series_matrix,downloads/GSE155222/metadata/GSE155222_series_matrix.txt,data/datasets/GSE155222/raw/legacy_source/metadata/GSE155222_series_matrix.txt,14440,1773748299231275913,inode_preserved_by_same_filesystem_rename,
GSE155222,raw,unclassified_source,downloads/GSE155222/suppl/GSE155222_CITE-seq_deshashing_table.txt.gz,data/datasets/GSE155222/raw/legacy_source/suppl/GSE155222_CITE-seq_deshashing_table.txt.gz,279,1771263135489992794,inode_preserved_by_same_filesystem_rename,
GSE155222,raw,supplementary_archive,downloads/GSE155222/suppl/GSE155222_RAW.tar,data/datasets/GSE155222/raw/legacy_source/suppl/GSE155222_RAW.tar,343592960,1770831807082675644,inode_preserved_by_same_filesystem_rename,
GSE155222,raw,unclassified_source,downloads/GSE155222/suppl/GSE155222_feature_reference.csv.gz,data/datasets/GSE155222/raw/legacy_source/suppl/GSE155222_feature_reference.csv.gz,3038,1771263136342535193,inode_preserved_by_same_filesystem_rename,
GSE155222,raw,unclassified_source,downloads/GSE155222/suppl/filelist.txt,data/datasets/GSE155222/raw/legacy_source/suppl/filelist.txt,496,1770831809528692402,inode_preserved_by_same_filesystem_rename,
GSE155223,processed,standardized_h5ad,downloads/per_gse_h5ad_with_metadata/GSE155223_with_metadata.h5ad,data/datasets/GSE155223/processed/artifacts/GSE155223_with_metadata.h5ad,734679688,1773915705099261042,inode_preserved_by_same_filesystem_rename,
GSE155223,raw,geo_series_matrix,downloads/GSE155223/matrix/GSE155223_series_matrix.txt.gz,data/datasets/GSE155223/raw/legacy_source/matrix/GSE155223_series_matrix.txt.gz,4308,1770831721912090433,inode_preserved_by_same_filesystem_rename,
GSE155223,raw,geo_series_matrix,downloads/GSE155223/metadata/GSE155223_series_matrix.txt,data/datasets/GSE155223/raw/legacy_source/metadata/GSE155223_series_matrix.txt,45802,1773748302156705536,inode_preserved_by_same_filesystem_rename,
GSE155223,raw,supplementary_archive,downloads/GSE155223/suppl/GSE155223_RAW.tar,data/datasets/GSE155223/raw/legacy_source/suppl/GSE155223_RAW.tar,365608960,1770831758673343448,inode_preserved_by_same_filesystem_rename,
GSE155223,raw,unclassified_source,downloads/GSE155223/suppl/filelist.txt,data/datasets/GSE155223/raw/legacy_source/suppl/filelist.txt,1457,1770831759460767192,inode_preserved_by_same_filesystem_rename,
GSE161918,processed,standardized_h5ad,analysis_26GSE_V4/scanpy_projects/GSE161918/outputs/GSE161918_scanpy_processed.h5ad,data/datasets/GSE161918/interim/scanpy_project/outputs/GSE161918_scanpy_processed.h5ad,11852250157,1773952927670720906,inode_preserved_by_same_filesystem_rename,
GSE161918,raw,sequence_reads,downloads/GSE161918/fastq/SRR13112243_1.fastq.gz,data/datasets/GSE161918/raw/legacy_source/fastq/SRR13112243_1.fastq.gz,3422295045,1774273032000000000,inode_preserved_by_same_filesystem_rename,
GSE161918,raw,sequence_reads,downloads/GSE161918/fastq/SRR13112243_2.fastq.gz,data/datasets/GSE161918/raw/legacy_source/fastq/SRR13112243_2.fastq.gz,7967161919,1774272879000000000,inode_preserved_by_same_filesystem_rename,
GSE161918,raw,sequence_reads,downloads/GSE161918/fastq/SRR13112247_1.fastq.gz,data/datasets/GSE161918/raw/legacy_source/fastq/SRR13112247_1.fastq.gz,3953792463,1774273602000000000,inode_preserved_by_same_filesystem_rename,
GSE161918,raw,sequence_reads,downloads/GSE161918/fastq/SRR13112247_2.fastq.gz,data/datasets/GSE161918/raw/legacy_source/fastq/SRR13112247_2.fastq.gz,9173120205,1774273673000000000,inode_preserved_by_same_filesystem_rename,
GSE161918,raw,sequence_reads,downloads/GSE161918/fastq/SRR13112248_1.fastq.gz,data/datasets/GSE161918/raw/legacy_source/fastq/SRR13112248_1.fastq.gz,3938776611,1774273053000000000,inode_preserved_by_same_filesystem_rename,
GSE161918,raw,sequence_reads,downloads/GSE161918/fastq/SRR13112248_2.fastq.gz,data/datasets/GSE161918/raw/legacy_source/fastq/SRR13112248_2.fastq.gz,9145138312,1774272892000000000,inode_preserved_by_same_filesystem_rename,
GSE161918,raw,sequence_reads,downloads/GSE161918/fastq/SRR13112251_1.fastq.gz,data/datasets/GSE161918/raw/legacy_source/fastq/SRR13112251_1.fastq.gz,3110354872,1774272340000000000,inode_preserved_by_same_filesystem_rename,
GSE161918,raw,sequence_reads,downloads/GSE161918/fastq/SRR13112251_2.fastq.gz,data/datasets/GSE161918/raw/legacy_source/fastq/SRR13112251_2.fastq.gz,7216284465,1774272885000000000,inode_preserved_by_same_filesystem_rename,
GSE161918,raw,sequence_reads,downloads/GSE161918/fastq/SRR13112252_1.fastq.gz,data/datasets/GSE161918/raw/legacy_source/fastq/SRR13112252_1.fastq.gz,3098645226,1774275517000000000,inode_preserved_by_same_filesystem_rename,
GSE161918,raw,sequence_reads,downloads/GSE161918/fastq/SRR13112252_2.fastq.gz,data/datasets/GSE161918/raw/legacy_source/fastq/SRR13112252_2.fastq.gz,7195218009,1774275648000000000,inode_preserved_by_same_filesystem_rename,
GSE161918,raw,sequence_reads,downloads/GSE161918/fastq/SRR13112253_1.fastq.gz,data/datasets/GSE161918/raw/legacy_source/fastq/SRR13112253_1.fastq.gz,3103078156,1774275977000000000,inode_preserved_by_same_filesystem_rename,
GSE161918,raw,sequence_reads,downloads/GSE161918/fastq/SRR13112253_2.fastq.gz,data/datasets/GSE161918/raw/legacy_source/fastq/SRR13112253_2.fastq.gz,7150584607,1774276053000000000,inode_preserved_by_same_filesystem_rename,
GSE161918,raw,sequence_reads,downloads/GSE161918/fastq/SRR13112256_1.fastq.gz,data/datasets/GSE161918/raw/legacy_source/fastq/SRR13112256_1.fastq.gz,4376162782,1774276376000000000,inode_preserved_by_same_filesystem_rename,
GSE161918,raw,sequence_reads,downloads/GSE161918/fastq/SRR13112256_2.fastq.gz,data/datasets/GSE161918/raw/legacy_source/fastq/SRR13112256_2.fastq.gz,10199098051,1774276469000000000,inode_preserved_by_same_filesystem_rename,
GSE161918,raw,sequence_reads,downloads/GSE161918/fastq/SRR13112267_1.fastq.gz,data/datasets/GSE161918/raw/legacy_source/fastq/SRR13112267_1.fastq.gz,2809454523,1774279808000000000,inode_preserved_by_same_filesystem_rename,
GSE161918,raw,sequence_reads,downloads/GSE161918/fastq/SRR13112267_2.fastq.gz,data/datasets/GSE161918/raw/legacy_source/fastq/SRR13112267_2.fastq.gz,6498370838,1774280000000000000,inode_preserved_by_same_filesystem_rename,
GSE161918,raw,sequence_reads,downloads/GSE161918/fastq/SRR13112270_1.fastq.gz,data/datasets/GSE161918/raw/legacy_source/fastq/SRR13112270_1.fastq.gz,2883861372,1774280086000000000,inode_preserved_by_same_filesystem_rename,
GSE161918,raw,sequence_reads,downloads/GSE161918/fastq/SRR13112270_2.fastq.gz,data/datasets/GSE161918/raw/legacy_source/fastq/SRR13112270_2.fastq.gz,6642917516,1774279869000000000,inode_preserved_by_same_filesystem_rename,
GSE161918,raw,sequence_reads,downloads/GSE161918/fastq/SRR13112273_1.fastq.gz,data/datasets/GSE161918/raw/legacy_source/fastq/SRR13112273_1.fastq.gz,3842494631,1774280458000000000,inode_preserved_by_same_filesystem_rename,
GSE161918,raw,sequence_reads,downloads/GSE161918/fastq/SRR13112273_2.fastq.gz,data/datasets/GSE161918/raw/legacy_source/fastq/SRR13112273_2.fastq.gz,8833701541,1774280521000000000,inode_preserved_by_same_filesystem_rename,
GSE161918,raw,sequence_reads,downloads/GSE161918/fastq/SRR13112925_1.fastq.gz,data/datasets/GSE161918/raw/legacy_source/fastq/SRR13112925_1.fastq.gz,1080888843,1774279875000000000,inode_preserved_by_same_filesystem_rename,
GSE161918,raw,sequence_reads,downloads/GSE161918/fastq/SRR13112925_2.fastq.gz,data/datasets/GSE161918/raw/legacy_source/fastq/SRR13112925_2.fastq.gz,2536468937,1774279968000000000,inode_preserved_by_same_filesystem_rename,
GSE161918,raw,sequence_reads,downloads/GSE161918/fastq/SRR13112927_1.fastq.gz,data/datasets/GSE161918/raw/legacy_source/fastq/SRR13112927_1.fastq.gz,1124249795,1774280976000000000,inode_preserved_by_same_filesystem_rename,
GSE161918,raw,sequence_reads,downloads/GSE161918/fastq/SRR13112927_2.fastq.gz,data/datasets/GSE161918/raw/legacy_source/fastq/SRR13112927_2.fastq.gz,2662295232,1774281002000000000,inode_preserved_by_same_filesystem_rename,
GSE161918,raw,sequence_reads,downloads/GSE161918/fastq/SRR13112928_1.fastq.gz,data/datasets/GSE161918/raw/legacy_source/fastq/SRR13112928_1.fastq.gz,1572410654,1774282346000000000,inode_preserved_by_same_filesystem_rename,
GSE161918,raw,sequence_reads,downloads/GSE161918/fastq/SRR13112928_2.fastq.gz,data/datasets/GSE161918/raw/legacy_source/fastq/SRR13112928_2.fastq.gz,3639696133,1774282425000000000,inode_preserved_by_same_filesystem_rename,
GSE161918,raw,sequence_reads,downloads/GSE161918/fastq/SRR13112934_1.fastq.gz,data/datasets/GSE161918/raw/legacy_source/fastq/SRR13112934_1.fastq.gz,1583114849,1774282334000000000,inode_preserved_by_same_filesystem_rename,
GSE161918,raw,sequence_reads,downloads/GSE161918/fastq/SRR13112934_2.fastq.gz,data/datasets/GSE161918/raw/legacy_source/fastq/SRR13112934_2.fastq.gz,3653297290,1774282417000000000,inode_preserved_by_same_filesystem_rename,
GSE161918,raw,sequence_reads,downloads/GSE161918/fastq/SRR13112935_1.fastq.gz,data/datasets/GSE161918/raw/legacy_source/fastq/SRR13112935_1.fastq.gz,1098791797,1774282277000000000,inode_preserved_by_same_filesystem_rename,
GSE161918,raw,sequence_reads,downloads/GSE161918/fastq/SRR13112935_2.fastq.gz,data/datasets/GSE161918/raw/legacy_source/fastq/SRR13112935_2.fastq.gz,2541552463,1774282338000000000,inode_preserved_by_same_filesystem_rename,
GSE161918,raw,sequence_reads,downloads/GSE161918/fastq/SRR13112936_1.fastq.gz,data/datasets/GSE161918/raw/legacy_source/fastq/SRR13112936_1.fastq.gz,1457761466,1774282973000000000,inode_preserved_by_same_filesystem_rename,
GSE161918,raw,sequence_reads,downloads/GSE161918/fastq/SRR13112939_1.fastq.gz,data/datasets/GSE161918/raw/legacy_source/fastq/SRR13112939_1.fastq.gz,1033720675,1774283239000000000,inode_preserved_by_same_filesystem_rename,
GSE161918,raw,sequence_reads,downloads/GSE161918/fastq/SRR13112945_1.fastq.gz,data/datasets/GSE161918/raw/legacy_source/fastq/SRR13112945_1.fastq.gz,1476087928,1774284010000000000,inode_preserved_by_same_filesystem_rename,
GSE161918,raw,sequence_reads,downloads/GSE161918/fastq/SRR13113000_1.fastq.gz,data/datasets/GSE161918/raw/legacy_source/fastq/SRR13113000_1.fastq.gz,1087714414,1774251052992274559,inode_preserved_by_same_filesystem_rename,
GSE161918,raw,sequence_reads,downloads/GSE161918/fastq/SRR13113000_2.fastq.gz,data/datasets/GSE161918/raw/legacy_source/fastq/SRR13113000_2.fastq.gz,830458408,1774251353156836370,inode_preserved_by_same_filesystem_rename,
GSE161918,raw,sequence_reads,downloads/GSE161918/fastq/SRR13113001_1.fastq.gz,data/datasets/GSE161918/raw/legacy_source/fastq/SRR13113001_1.fastq.gz,751989840,1774246265825193033,inode_preserved_by_same_filesystem_rename,
GSE161918,raw,sequence_reads,downloads/GSE161918/fastq/SRR13113002_1.fastq.gz,data/datasets/GSE161918/raw/legacy_source/fastq/SRR13113002_1.fastq.gz,1073690552,1774246265836900057,inode_preserved_by_same_filesystem_rename,
GSE161918,raw,sequence_reads,downloads/GSE161918/fastq/SRR13113003_1.fastq.gz,data/datasets/GSE161918/raw/legacy_source/fastq/SRR13113003_1.fastq.gz,1121170502,1774246126654180042,inode_preserved_by_same_filesystem_rename,
GSE161918,raw,sequence_reads,downloads/GSE161918/fastq/SRR13113003_2.fastq.gz,data/datasets/GSE161918/raw/legacy_source/fastq/SRR13113003_2.fastq.gz,1407274408,1774246426955634659,inode_preserved_by_same_filesystem_rename,
GSE161918,raw,sequence_reads,downloads/GSE161918/fastq/SRR13113004_1.fastq.gz,data/datasets/GSE161918/raw/legacy_source/fastq/SRR13113004_1.fastq.gz,1048373720,1774251056677305833,inode_preserved_by_same_filesystem_rename,
GSE161918,raw,sequence_reads,downloads/GSE161918/fastq/SRR13113005_1.fastq.gz,data/datasets/GSE161918/raw/legacy_source/fastq/SRR13113005_1.fastq.gz,854799288,1774251056680513044,inode_preserved_by_same_filesystem_rename,
GSE161918,raw,sequence_reads,downloads/GSE161918/fastq/SRR13113006_1.fastq.gz,data/datasets/GSE161918/raw/legacy_source/fastq/SRR13113006_1.fastq.gz,904490304,1774246265864968784,inode_preserved_by_same_filesystem_rename,
GSE161918,raw,sequence_reads,downloads/GSE161918/fastq/SRR13113007_1.fastq.gz,data/datasets/GSE161918/raw/legacy_source/fastq/SRR13113007_1.fastq.gz,889989796,1774248283678572863,inode_preserved_by_same_filesystem_rename,
GSE161918,raw,sequence_reads,downloads/GSE161918/fastq/SRR13113007_2.fastq.gz,data/datasets/GSE161918/raw/legacy_source/fastq/SRR13113007_2.fastq.gz,988533672,1774248584018282002,inode_preserved_by_same_filesystem_rename,
GSE161918,raw,sequence_reads,downloads/GSE161918/fastq/SRR13113008_1.fastq.gz,data/datasets/GSE161918/raw/legacy_source/fastq/SRR13113008_1.fastq.gz,1071641632,1774251057251308599,inode_preserved_by_same_filesystem_rename,
GSE161918,raw,sequence_reads,downloads/GSE161918/fastq/SRR13113009_1.fastq.gz,data/datasets/GSE161918/raw/legacy_source/fastq/SRR13113009_1.fastq.gz,807561690,1774251005940034994,inode_preserved_by_same_filesystem_rename,
GSE161918,raw,sequence_reads,downloads/GSE161918/fastq/SRR13113009_2.fastq.gz,data/datasets/GSE161918/raw/legacy_source/fastq/SRR13113009_2.fastq.gz,1125484064,1774251306249589166,inode_preserved_by_same_filesystem_rename,
GSE161918,raw,sequence_reads,downloads/GSE161918/fastq/SRR13113010_1.fastq.gz,data/datasets/GSE161918/raw/legacy_source/fastq/SRR13113010_1.fastq.gz,818134755,1774248282705563320,inode_preserved_by_same_filesystem_rename,
GSE161918,raw,sequence_reads,downloads/GSE161918/fastq/SRR13113010_2.fastq.gz,data/datasets/GSE161918/raw/legacy_source/fastq/SRR13113010_2.fastq.gz,918735728,1774248582986273358,inode_preserved_by_same_filesystem_rename,
GSE161918,raw,sequence_reads,downloads/GSE161918/fastq/SRR13113011_1.fastq.gz,data/datasets/GSE161918/raw/legacy_source/fastq/SRR13113011_1.fastq.gz,804272776,1774246265891193196,inode_preserved_by_same_filesystem_rename,
GSE161918,raw,sequence_reads,downloads/GSE161918/fastq/SRR13113012_1.fastq.gz,data/datasets/GSE161918/raw/legacy_source/fastq/SRR13113012_1.fastq.gz,632880800,1774248360152305169,inode_preserved_by_same_filesystem_rename,
GSE161918,raw,sequence_reads,downloads/GSE161918/fastq/SRR13113013_1.fastq.gz,data/datasets/GSE161918/raw/legacy_source/fastq/SRR13113013_1.fastq.gz,1059185936,1774251241878251588,inode_preserved_by_same_filesystem_rename,
GSE161918,raw,sequence_reads,downloads/GSE161918/fastq/SRR13113014_1.fastq.gz,data/datasets/GSE161918/raw/legacy_source/fastq/SRR13113014_1.fastq.gz,687934664,1774246265890735189,inode_preserved_by_same_filesystem_rename,
GSE161918,raw,sequence_reads,downloads/GSE161918/fastq/SRR13113015_1.fastq.gz,data/datasets/GSE161918/raw/legacy_source/fastq/SRR13113015_1.fastq.gz,1202661757,1774251225395050335,inode_preserved_by_same_filesystem_rename,
GSE161918,raw,sequence_reads,downloads/GSE161918/fastq/SRR13113015_2.fastq.gz,data/datasets/GSE161918/raw/legacy_source/fastq/SRR13113015_2.fastq.gz,823087672,1774251525701239045,inode_preserved_by_same_filesystem_rename,
GSE161918,raw,sequence_reads,downloads/GSE161918/fastq/SRR13113016_1.fastq.gz,data/datasets/GSE161918/raw/legacy_source/fastq/SRR13113016_1.fastq.gz,936011816,1774246265904193228,inode_preserved_by_same_filesystem_rename,
GSE161918,raw,sequence_reads,downloads/GSE161918/fastq/SRR13113017_1.fastq.gz,data/datasets/GSE161918/raw/legacy_source/fastq/SRR13113017_1.fastq.gz,1042003120,1774248360328306816,inode_preserved_by_same_filesystem_rename,
GSE161918,raw,sequence_reads,downloads/GSE161918/fastq/SRR13113018_1.fastq.gz,data/datasets/GSE161918/raw/legacy_source/fastq/SRR13113018_1.fastq.gz,1049065864,1774246268795670360,inode_preserved_by_same_filesystem_rename,
GSE161918,raw,sequence_reads,downloads/GSE161918/fastq/SRR13113019_1.fastq.gz,data/datasets/GSE161918/raw/legacy_source/fastq/SRR13113019_1.fastq.gz,871749576,1774251359165306872,inode_preserved_by_same_filesystem_rename,
GSE161918,raw,sequence_reads,downloads/GSE161918/fastq/SRR13113020_1.fastq.gz,data/datasets/GSE161918/raw/legacy_source/fastq/SRR13113020_1.fastq.gz,948568872,1774251359184496460,inode_preserved_by_same_filesystem_rename,
GSE161918,raw,sequence_reads,downloads/GSE161918/fastq/SRR13113021_1.fastq.gz,data/datasets/GSE161918/raw/legacy_source/fastq/SRR13113021_1.fastq.gz,612511240,1774248360415307630,inode_preserved_by_same_filesystem_rename,
GSE161918,raw,sequence_reads,downloads/GSE161918/fastq/SRR13113022_1.fastq.gz,data/datasets/GSE161918/raw/legacy_source/fastq/SRR13113022_1.fastq.gz,758165560,1774248361056322073,inode_preserved_by_same_filesystem_rename,
GSE161918,raw,sequence_reads,downloads/GSE161918/fastq/SRR13113023_1.fastq.gz,data/datasets/GSE161918/raw/legacy_source/fastq/SRR13113023_1.fastq.gz,938815544,1774246159890953049,inode_preserved_by_same_filesystem_rename,
GSE161918,raw,sequence_reads,downloads/GSE161918/fastq/SRR13113023_2.fastq.gz,data/datasets/GSE161918/raw/legacy_source/fastq/SRR13113023_2.fastq.gz,1135524496,1774246460203735225,inode_preserved_by_same_filesystem_rename,
GSE161918,raw,sequence_reads,downloads/GSE161918/fastq/SRR13113024_1.fastq.gz,data/datasets/GSE161918/raw/legacy_source/fastq/SRR13113024_1.fastq.gz,1057157288,1774248361294315852,inode_preserved_by_same_filesystem_rename,
GSE161918,raw,sequence_reads,downloads/GSE161918/fastq/SRR13113025_1.fastq.gz,data/datasets/GSE161918/raw/legacy_source/fastq/SRR13113025_1.fastq.gz,1191987808,1774246268849200531,inode_preserved_by_same_filesystem_rename,
GSE161918,raw,sequence_reads,downloads/GSE161918/fastq/SRR13113026_1.fastq.gz,data/datasets/GSE161918/raw/legacy_source/fastq/SRR13113026_1.fastq.gz,799042624,1774251360057466964,inode_preserved_by_same_filesystem_rename,
GSE161918,raw,sequence_reads,downloads/GSE161918/fastq/SRR13113027_1.fastq.gz,data/datasets/GSE161918/raw/legacy_source/fastq/SRR13113027_1.fastq.gz,1002534384,1774248463340737358,inode_preserved_by_same_filesystem_rename,
GSE161918,raw,sequence_reads,downloads/GSE161918/fastq/SRR13113028_1.fastq.gz,data/datasets/GSE161918/raw/legacy_source/fastq/SRR13113028_1.fastq.gz,827427744,1774246568324080548,inode_preserved_by_same_filesystem_rename,
GSE161918,raw,sequence_reads,downloads/GSE161918/fastq/SRR13113029_1.fastq.gz,data/datasets/GSE161918/raw/legacy_source/fastq/SRR13113029_1.fastq.gz,825750960,1774246568315080518,inode_preserved_by_same_filesystem_rename,
GSE161918,raw,sequence_reads,downloads/GSE161918/fastq/SRR13113030_1.fastq.gz,data/datasets/GSE161918/raw/legacy_source/fastq/SRR13113030_1.fastq.gz,1130585368,1774246568322080541,inode_preserved_by_same_filesystem_rename,
GSE161918,raw,sequence_reads,downloads/GSE161918/fastq/SRR13113031_1.fastq.gz,data/datasets/GSE161918/raw/legacy_source/fastq/SRR13113031_1.fastq.gz,576268840,1774248572274183407,inode_preserved_by_same_filesystem_rename,
GSE161918,raw,sequence_reads,downloads/GSE161918/fastq/SRR13113032_1.fastq.gz,data/datasets/GSE161918/raw/legacy_source/fastq/SRR13113032_1.fastq.gz,1349360295,1774246511229434025,inode_preserved_by_same_filesystem_rename,
GSE161918,raw,sequence_reads,downloads/GSE161918/fastq/SRR13113032_2.fastq.gz,data/datasets/GSE161918/raw/legacy_source/fastq/SRR13113032_2.fastq.gz,1315064176,1774246811539937642,inode_preserved_by_same_filesystem_rename,
GSE161918,raw,sequence_reads,downloads/GSE161918/fastq/SRR13113033_1.fastq.gz,data/datasets/GSE161918/raw/legacy_source/fastq/SRR13113033_1.fastq.gz,570187648,1774248584330284615,inode_preserved_by_same_filesystem_rename,
GSE161918,raw,sequence_reads,downloads/GSE161918/fastq/SRR13113034_1.fastq.gz,data/datasets/GSE161918/raw/legacy_source/fastq/SRR13113034_1.fastq.gz,806079880,1774246568330080567,inode_preserved_by_same_filesystem_rename,
GSE161918,raw,sequence_reads,downloads/GSE161918/fastq/SRR13113035_1.fastq.gz,data/datasets/GSE161918/raw/legacy_source/fastq/SRR13113035_1.fastq.gz,966026770,1774248644116453617,inode_preserved_by_same_filesystem_rename,
GSE161918,raw,sequence_reads,downloads/GSE161918/fastq/SRR13113035_2.fastq.gz,data/datasets/GSE161918/raw/legacy_source/fastq/SRR13113035_2.fastq.gz,1266678544,1774248944364117597,inode_preserved_by_same_filesystem_rename,
GSE161918,raw,sequence_reads,downloads/GSE161918/fastq/SRR13113036_1.fastq.gz,data/datasets/GSE161918/raw/legacy_source/fastq/SRR13113036_1.fastq.gz,924607368,1774248662755931079,inode_preserved_by_same_filesystem_rename,
GSE161918,raw,sequence_reads,downloads/GSE161918/fastq/SRR13113037_1.fastq.gz,data/datasets/GSE161918/raw/legacy_source/fastq/SRR13113037_1.fastq.gz,1267547344,1774246568332080574,inode_preserved_by_same_filesystem_rename,
GSE161918,raw,sequence_reads,downloads/GSE161918/fastq/SRR13113038_1.fastq.gz,data/datasets/GSE161918/raw/legacy_source/fastq/SRR13113038_1.fastq.gz,1166846312,1774251489124557836,inode_preserved_by_same_filesystem_rename,
GSE161918,raw,sequence_reads,downloads/GSE161918/fastq/SRR13113039_1.fastq.gz,data/datasets/GSE161918/raw/legacy_source/fastq/SRR13113039_1.fastq.gz,1205544304,1774251492779577320,inode_preserved_by_same_filesystem_rename,
GSE161918,raw,sequence_reads,downloads/GSE161918/fastq/SRR13113040_1.fastq.gz,data/datasets/GSE161918/raw/legacy_source/fastq/SRR13113040_1.fastq.gz,574449112,1774248662884590521,inode_preserved_by_same_filesystem_rename,
GSE161918,raw,sequence_reads,downloads/GSE161918/fastq/SRR13113041_1.fastq.gz,data/datasets/GSE161918/raw/legacy_source/fastq/SRR13113041_1.fastq.gz,709407056,1774248663499489354,inode_preserved_by_same_filesystem_rename,
GSE161918,raw,sequence_reads,downloads/GSE161918/fastq/SRR13113042_1.fastq.gz,data/datasets/GSE161918/raw/legacy_source/fastq/SRR13113042_1.fastq.gz,734411120,1774251531959169422,inode_preserved_by_same_filesystem_rename,
GSE161918,raw,sequence_reads,downloads/GSE161918/fastq/SRR13113043_1.fastq.gz,data/datasets/GSE161918/raw/legacy_source/fastq/SRR13113043_1.fastq.gz,911263077,1774248636077713389,inode_preserved_by_same_filesystem_rename,
GSE161918,raw,sequence_reads,downloads/GSE161918/fastq/SRR13113043_2.fastq.gz,data/datasets/GSE161918/raw/legacy_source/fastq/SRR13113043_2.fastq.gz,1127599592,1774248936372539941,inode_preserved_by_same_filesystem_rename,
GSE161918,raw,sequence_reads,downloads/GSE161918/fastq/SRR13113044_1.fastq.gz,data/datasets/GSE161918/raw/legacy_source/fastq/SRR13113044_1.fastq.gz,523669200,1774248765823752969,inode_preserved_by_same_filesystem_rename,
GSE161918,raw,sequence_reads,downloads/GSE161918/fastq/SRR13113045_1.fastq.gz,data/datasets/GSE161918/raw/legacy_source/fastq/SRR13113045_1.fastq.gz,826961637,1774251468929450264,inode_preserved_by_same_filesystem_rename,
GSE161918,raw,sequence_reads,downloads/GSE161918/fastq/SRR13113045_2.fastq.gz,data/datasets/GSE161918/raw/legacy_source/fastq/SRR13113045_2.fastq.gz,932623496,1774251769246961851,inode_preserved_by_same_filesystem_rename,
GSE161918,raw,sequence_reads,downloads/GSE161918/fastq/SRR13113046_1.fastq.gz,data/datasets/GSE161918/raw/legacy_source/fastq/SRR13113046_1.fastq.gz,838080918,1774251580665433477,inode_preserved_by_same_filesystem_rename,
GSE161918,raw,sequence_reads,downloads/GSE161918/fastq/SRR13113046_2.fastq.gz,data/datasets/GSE161918/raw/legacy_source/fastq/SRR13113046_2.fastq.gz,1158641816,1774251880966443143,inode_preserved_by_same_filesystem_rename,
GSE161918,raw,sequence_reads,downloads/GSE161918/fastq/SRR13113047_1.fastq.gz,data/datasets/GSE161918/raw/legacy_source/fastq/SRR13113047_1.fastq.gz,859473803,1774248869922556552,inode_preserved_by_same_filesystem_rename,
GSE161918,raw,sequence_reads,downloads/GSE161918/fastq/SRR13113047_2.fastq.gz,data/datasets/GSE161918/raw/legacy_source/fastq/SRR13113047_2.fastq.gz,1050680376,1774249170190766018,inode_preserved_by_same_filesystem_rename,
GSE161918,raw,sequence_reads,downloads/GSE161918/fastq/SRR13113048_1.fastq.gz,data/datasets/GSE161918/raw/legacy_source/fastq/SRR13113048_1.fastq.gz,836033208,1774251653214324700,inode_preserved_by_same_filesystem_rename,
GSE161918,raw,sequence_reads,downloads/GSE161918/fastq/SRR13113049_1.fastq.gz,data/datasets/GSE161918/raw/legacy_source/fastq/SRR13113049_1.fastq.gz,1209338487,1774248847434384954,inode_preserved_by_same_filesystem_rename,
GSE161918,raw,sequence_reads,downloads/GSE161918/fastq/SRR13113049_2.fastq.gz,data/datasets/GSE161918/raw/legacy_source/fastq/SRR13113049_2.fastq.gz,1507725656,1774249147675516980,inode_preserved_by_same_filesystem_rename,
GSE161918,raw,sequence_reads,downloads/GSE161918/fastq/SRR13113050_1.fastq.gz,data/datasets/GSE161918/raw/legacy_source/fastq/SRR13113050_1.fastq.gz,999384984,1774248884110664293,inode_preserved_by_same_filesystem_rename,
GSE161918,raw,sequence_reads,downloads/GSE161918/fastq/SRR13113051_1.fastq.gz,data/datasets/GSE161918/raw/legacy_source/fastq/SRR13113051_1.fastq.gz,1234373442,1774246551839175414,inode_preserved_by_same_filesystem_rename,
GSE161918,raw,sequence_reads,downloads/GSE161918/fastq/SRR13113051_2.fastq.gz,data/datasets/GSE161918/raw/legacy_source/fastq/SRR13113051_2.fastq.gz,1279158856,1774246852151089121,inode_preserved_by_same_filesystem_rename,
GSE161918,raw,sequence_reads,downloads/GSE161918/fastq/SRR13113052_1.fastq.gz,data/datasets/GSE161918/raw/legacy_source/fastq/SRR13113052_1.fastq.gz,1198786277,1774246549709983538,inode_preserved_by_same_filesystem_rename,
GSE161918,raw,sequence_reads,downloads/GSE161918/fastq/SRR13113052_2.fastq.gz,data/datasets/GSE161918/raw/legacy_source/fastq/SRR13113052_2.fastq.gz,1151438848,1774246849979256858,inode_preserved_by_same_filesystem_rename,
GSE161918,raw,sequence_reads,downloads/GSE161918/fastq/SRR13113053_1.fastq.gz,data/datasets/GSE161918/raw/legacy_source/fastq/SRR13113053_1.fastq.gz,794435064,1774248886805684713,inode_preserved_by_same_filesystem_rename,
GSE161918,raw,sequence_reads,downloads/GSE161918/fastq/SRR13113054_1.fastq.gz,data/datasets/GSE161918/raw/legacy_source/fastq/SRR13113054_1.fastq.gz,802533728,1774248965234725694,inode_preserved_by_same_filesystem_rename,
GSE161918,raw,sequence_reads,downloads/GSE161918/fastq/SRR13113055_1.fastq.gz,data/datasets/GSE161918/raw/legacy_source/fastq/SRR13113055_1.fastq.gz,835235045,1774251593695254669,inode_preserved_by_same_filesystem_rename,
GSE161918,raw,sequence_reads,downloads/GSE161918/fastq/SRR13113055_2.fastq.gz,data/datasets/GSE161918/raw/legacy_source/fastq/SRR13113055_2.fastq.gz,1526323768,1774251893911614791,inode_preserved_by_same_filesystem_rename,
GSE161918,raw,sequence_reads,downloads/GSE161918/fastq/SRR13113056_1.fastq.gz,data/datasets/GSE161918/raw/legacy_source/fastq/SRR13113056_1.fastq.gz,1097616041,1774246653022091173,inode_preserved_by_same_filesystem_rename,
GSE161918,raw,sequence_reads,downloads/GSE161918/fastq/SRR13113056_2.fastq.gz,data/datasets/GSE161918/raw/legacy_source/fastq/SRR13113056_2.fastq.gz,1206880488,1774246953333474590,inode_preserved_by_same_filesystem_rename,
GSE161918,raw,sequence_reads,downloads/GSE161918/fastq/SRR13113057_1.fastq.gz,data/datasets/GSE161918/raw/legacy_source/fastq/SRR13113057_1.fastq.gz,757382279,1774246529839316533,inode_preserved_by_same_filesystem_rename,
GSE161918,raw,sequence_reads,downloads/GSE161918/fastq/SRR13113057_2.fastq.gz,data/datasets/GSE161918/raw/legacy_source/fastq/SRR13113057_2.fastq.gz,1758768312,1774246830092006592,inode_preserved_by_same_filesystem_rename,
GSE161918,raw,sequence_reads,downloads/GSE161918/fastq/SRR13113058_1.fastq.gz,data/datasets/GSE161918/raw/legacy_source/fastq/SRR13113058_1.fastq.gz,768097694,1774251569963961801,inode_preserved_by_same_filesystem_rename,
GSE161918,raw,sequence_reads,downloads/GSE161918/fastq/SRR13113058_2.fastq.gz,data/datasets/GSE161918/raw/legacy_source/fastq/SRR13113058_2.fastq.gz,661172728,1774251870280415112,inode_preserved_by_same_filesystem_rename,
GSE161918,raw,sequence_reads,downloads/GSE161918/fastq/SRR13113059_1.fastq.gz,data/datasets/GSE161918/raw/legacy_source/fastq/SRR13113059_1.fastq.gz,789838197,1774251564231746574,inode_preserved_by_same_filesystem_rename,
GSE161918,raw,sequence_reads,downloads/GSE161918/fastq/SRR13113059_2.fastq.gz,data/datasets/GSE161918/raw/legacy_source/fastq/SRR13113059_2.fastq.gz,913149344,1774251864549363526,inode_preserved_by_same_filesystem_rename,
GSE161918,raw,sequence_reads,downloads/GSE161918/fastq/SRR13113060_1.fastq.gz,data/datasets/GSE161918/raw/legacy_source/fastq/SRR13113060_1.fastq.gz,915558816,1774251791485271045,inode_preserved_by_same_filesystem_rename,
GSE161918,raw,sequence_reads,downloads/GSE161918/fastq/SRR13113061_1.fastq.gz,data/datasets/GSE161918/raw/legacy_source/fastq/SRR13113061_1.fastq.gz,1110797925,1774248939225079190,inode_preserved_by_same_filesystem_rename,
GSE161918,raw,sequence_reads,downloads/GSE161918/fastq/SRR13113061_2.fastq.gz,data/datasets/GSE161918/raw/legacy_source/fastq/SRR13113061_2.fastq.gz,1081163680,1774249239521268129,inode_preserved_by_same_filesystem_rename,
GSE161918,raw,sequence_reads,downloads/GSE161918/fastq/SRR13113062_1.fastq.gz,data/datasets/GSE161918/raw/legacy_source/fastq/SRR13113062_1.fastq.gz,1134903137,1774248956787384467,inode_preserved_by_same_filesystem_rename,
GSE161918,raw,sequence_reads,downloads/GSE161918/fastq/SRR13113062_2.fastq.gz,data/datasets/GSE161918/raw/legacy_source/fastq/SRR13113062_2.fastq.gz,863067368,1774249257100370671,inode_preserved_by_same_filesystem_rename,
GSE161918,raw,sequence_reads,downloads/GSE161918/fastq/SRR13113063_1.fastq.gz,data/datasets/GSE161918/raw/legacy_source/fastq/SRR13113063_1.fastq.gz,1079708440,1774251795264559204,inode_preserved_by_same_filesystem_rename,
GSE161918,raw,sequence_reads,downloads/GSE161918/fastq/SRR13113064_1.fastq.gz,data/datasets/GSE161918/raw/legacy_source/fastq/SRR13113064_1.fastq.gz,1104370044,1774246699672798778,inode_preserved_by_same_filesystem_rename,
GSE161918,raw,sequence_reads,downloads/GSE161918/fastq/SRR13113064_2.fastq.gz,data/datasets/GSE161918/raw/legacy_source/fastq/SRR13113064_2.fastq.gz,1492699760,1774246999985655742,inode_preserved_by_same_filesystem_rename,
GSE161918,raw,sequence_reads,downloads/GSE161918/fastq/SRR13113065_1.fastq.gz,data/datasets/GSE161918/raw/legacy_source/fastq/SRR13113065_1.fastq.gz,1087217768,1774251825802735430,inode_preserved_by_same_filesystem_rename,
GSE161918,raw,sequence_reads,downloads/GSE161918/fastq/SRR13113066_1.fastq.gz,data/datasets/GSE161918/raw/legacy_source/fastq/SRR13113066_1.fastq.gz,1109802917,1774249014320450828,inode_preserved_by_same_filesystem_rename,
GSE161918,raw,sequence_reads,downloads/GSE161918/fastq/SRR13113066_2.fastq.gz,data/datasets/GSE161918/raw/legacy_source/fastq/SRR13113066_2.fastq.gz,1068350328,1774249314598788392,inode_preserved_by_same_filesystem_rename,
GSE161918,raw,sequence_reads,downloads/GSE161918/fastq/SRR13113067_1.fastq.gz,data/datasets/GSE161918/raw/legacy_source/fastq/SRR13113067_1.fastq.gz,870974300,1774249128664496789,inode_preserved_by_same_filesystem_rename,
GSE161918,raw,sequence_reads,downloads/GSE161918/fastq/SRR13113067_2.fastq.gz,data/datasets/GSE161918/raw/legacy_source/fastq/SRR13113067_2.fastq.gz,1270411488,1774249428977585435,inode_preserved_by_same_filesystem_rename,
GSE161918,raw,sequence_reads,downloads/GSE161918/fastq/SRR13113068_1.fastq.gz,data/datasets/GSE161918/raw/legacy_source/fastq/SRR13113068_1.fastq.gz,1143330330,1774249146950430035,inode_preserved_by_same_filesystem_rename,
GSE161918,raw,sequence_reads,downloads/GSE161918/fastq/SRR13113068_2.fastq.gz,data/datasets/GSE161918/raw/legacy_source/fastq/SRR13113068_2.fastq.gz,758251024,1774249447259711966,inode_preserved_by_same_filesystem_rename,
GSE161918,raw,sequence_reads,downloads/GSE161918/fastq/SRR13113069_1.fastq.gz,data/datasets/GSE161918/raw/legacy_source/fastq/SRR13113069_1.fastq.gz,789188379,1774246768590223970,inode_preserved_by_same_filesystem_rename,
GSE161918,raw,sequence_reads,downloads/GSE161918/fastq/SRR13113069_2.fastq.gz,data/datasets/GSE161918/raw/legacy_source/fastq/SRR13113069_2.fastq.gz,1797012856,1774247068899245606,inode_preserved_by_same_filesystem_rename,
GSE161918,raw,sequence_reads,downloads/GSE161918/fastq/SRR13113070_1.fastq.gz,data/datasets/GSE161918/raw/legacy_source/fastq/SRR13113070_1.fastq.gz,801324934,1774251777170072781,inode_preserved_by_same_filesystem_rename,
GSE161918,raw,sequence_reads,downloads/GSE161918/fastq/SRR13113070_2.fastq.gz,data/datasets/GSE161918/raw/legacy_source/fastq/SRR13113070_2.fastq.gz,1051013424,1774252077447669335,inode_preserved_by_same_filesystem_rename,
GSE161918,raw,sequence_reads,downloads/GSE161918/fastq/SRR13113071_1.fastq.gz,data/datasets/GSE161918/raw/legacy_source/fastq/SRR13113071_1.fastq.gz,819423372,1774249093625214903,inode_preserved_by_same_filesystem_rename,
GSE161918,raw,sequence_reads,downloads/GSE161918/fastq/SRR13113071_2.fastq.gz,data/datasets/GSE161918/raw/legacy_source/fastq/SRR13113071_2.fastq.gz,913425912,1774249393938342294,inode_preserved_by_same_filesystem_rename,
GSE161918,raw,sequence_reads,downloads/GSE161918/fastq/SRR13113072_1.fastq.gz,data/datasets/GSE161918/raw/legacy_source/fastq/SRR13113072_1.fastq.gz,1149496124,1774246752483721119,inode_preserved_by_same_filesystem_rename,
GSE161918,raw,sequence_reads,downloads/GSE161918/fastq/SRR13113072_2.fastq.gz,data/datasets/GSE161918/raw/legacy_source/fastq/SRR13113072_2.fastq.gz,1687403656,1774247052772146672,inode_preserved_by_same_filesystem_rename,
GSE161918,raw,sequence_reads,downloads/GSE161918/fastq/SRR13113073_1.fastq.gz,data/datasets/GSE161918/raw/legacy_source/fastq/SRR13113073_1.fastq.gz,1158226741,1774249215811091215,inode_preserved_by_same_filesystem_rename,
GSE161918,raw,sequence_reads,downloads/GSE161918/fastq/SRR13113073_2.fastq.gz,data/datasets/GSE161918/raw/legacy_source/fastq/SRR13113073_2.fastq.gz,1387102912,1774249516100597892,inode_preserved_by_same_filesystem_rename,
GSE161918,raw,sequence_reads,downloads/GSE161918/fastq/SRR13113074_1.fastq.gz,data/datasets/GSE161918/raw/legacy_source/fastq/SRR13113074_1.fastq.gz,1185993710,1774246843418056379,inode_preserved_by_same_filesystem_rename,
GSE161918,raw,sequence_reads,downloads/GSE161918/fastq/SRR13113074_2.fastq.gz,data/datasets/GSE161918/raw/legacy_source/fastq/SRR13113074_2.fastq.gz,1026750736,1774247143892225813,inode_preserved_by_same_filesystem_rename,
GSE161918,raw,sequence_reads,downloads/GSE161918/fastq/SRR13113075_1.fastq.gz,data/datasets/GSE161918/raw/legacy_source/fastq/SRR13113075_1.fastq.gz,1022699232,1774246870846159510,inode_preserved_by_same_filesystem_rename,
GSE161918,raw,sequence_reads,downloads/GSE161918/fastq/SRR13113076_1.fastq.gz,data/datasets/GSE161918/raw/legacy_source/fastq/SRR13113076_1.fastq.gz,1151419691,1774251906606772931,inode_preserved_by_same_filesystem_rename,
GSE161918,raw,sequence_reads,downloads/GSE161918/fastq/SRR13113076_2.fastq.gz,data/datasets/GSE161918/raw/legacy_source/fastq/SRR13113076_2.fastq.gz,1472156984,1774252206893120986,inode_preserved_by_same_filesystem_rename,
GSE161918,raw,sequence_reads,downloads/GSE161918/fastq/SRR13113077_1.fastq.gz,data/datasets/GSE161918/raw/legacy_source/fastq/SRR13113077_1.fastq.gz,790684744,1774249267717195021,inode_preserved_by_same_filesystem_rename,
GSE161918,raw,sequence_reads,downloads/GSE161918/fastq/SRR13113078_1.fastq.gz,data/datasets/GSE161918/raw/legacy_source/fastq/SRR13113078_1.fastq.gz,1158775009,1774251919436455658,inode_preserved_by_same_filesystem_rename,
GSE161918,raw,sequence_reads,downloads/GSE161918/fastq/SRR13113078_2.fastq.gz,data/datasets/GSE161918/raw/legacy_source/fastq/SRR13113078_2.fastq.gz,1389376272,1774252219662798791,inode_preserved_by_same_filesystem_rename,
GSE161918,raw,sequence_reads,downloads/GSE161918/fastq/SRR13113079_1.fastq.gz,data/datasets/GSE161918/raw/legacy_source/fastq/SRR13113079_1.fastq.gz,1026570792,1774249447802342544,inode_preserved_by_same_filesystem_rename,
GSE161918,raw,sequence_reads,downloads/GSE161918/fastq/SRR13113080_1.fastq.gz,data/datasets/GSE161918/raw/legacy_source/fastq/SRR13113080_1.fastq.gz,1219116088,1774247111643343752,inode_preserved_by_same_filesystem_rename,
GSE161918,raw,sequence_reads,downloads/GSE161918/fastq/SRR13113081_1.fastq.gz,data/datasets/GSE161918/raw/legacy_source/fastq/SRR13113081_1.fastq.gz,1072082660,1774249328504885836,inode_preserved_by_same_filesystem_rename,
GSE161918,raw,sequence_reads,downloads/GSE161918/fastq/SRR13113081_2.fastq.gz,data/datasets/GSE161918/raw/legacy_source/fastq/SRR13113081_2.fastq.gz,1528409808,1774249628805890479,inode_preserved_by_same_filesystem_rename,
GSE161918,raw,sequence_reads,downloads/GSE161918/fastq/SRR13113082_1.fastq.gz,data/datasets/GSE161918/raw/legacy_source/fastq/SRR13113082_1.fastq.gz,1092009737,1774252032464544927,inode_preserved_by_same_filesystem_rename,
GSE161918,raw,sequence_reads,downloads/GSE161918/fastq/SRR13113082_2.fastq.gz,data/datasets/GSE161918/raw/legacy_source/fastq/SRR13113082_2.fastq.gz,966095464,1774252332672310820,inode_preserved_by_same_filesystem_rename,
GSE161918,raw,sequence_reads,downloads/GSE161918/fastq/SRR13113083_1.fastq.gz,data/datasets/GSE161918/raw/legacy_source/fastq/SRR13113083_1.fastq.gz,926521624,1774247130153272715,inode_preserved_by_same_filesystem_rename,
GSE161918,raw,sequence_reads,downloads/GSE161918/fastq/SRR13113084_1.fastq.gz,data/datasets/GSE161918/raw/legacy_source/fastq/SRR13113084_1.fastq.gz,1503121016,1774249539465549306,inode_preserved_by_same_filesystem_rename,
GSE161918,raw,sequence_reads,downloads/GSE161918/fastq/SRR13113085_1.fastq.gz,data/datasets/GSE161918/raw/legacy_source/fastq/SRR13113085_1.fastq.gz,1326127632,1774247149987250286,inode_preserved_by_same_filesystem_rename,
GSE161918,raw,sequence_reads,downloads/GSE161918/fastq/SRR13113086_1.fastq.gz,data/datasets/GSE161918/raw/legacy_source/fastq/SRR13113086_1.fastq.gz,1619165871,1774252042316353600,inode_preserved_by_same_filesystem_rename,
GSE161918,raw,sequence_reads,downloads/GSE161918/fastq/SRR13113086_2.fastq.gz,data/datasets/GSE161918/raw/legacy_source/fastq/SRR13113086_2.fastq.gz,1584390256,1774252342628149406,inode_preserved_by_same_filesystem_rename,
GSE161918,raw,sequence_reads,downloads/GSE161918/fastq/SRR13113087_1.fastq.gz,data/datasets/GSE161918/raw/legacy_source/fastq/SRR13113087_1.fastq.gz,863445296,1774249557151377728,inode_preserved_by_same_filesystem_rename,
GSE161918,raw,sequence_reads,downloads/GSE161918/fastq/SRR13113088_1.fastq.gz,data/datasets/GSE161918/raw/legacy_source/fastq/SRR13113088_1.fastq.gz,1148336400,1774252128290293359,inode_preserved_by_same_filesystem_rename,
GSE161918,raw,sequence_reads,downloads/GSE161918/fastq/SRR13113089_1.fastq.gz,data/datasets/GSE161918/raw/legacy_source/fastq/SRR13113089_1.fastq.gz,1294429432,1774252164654670281,inode_preserved_by_same_filesystem_rename,
GSE161918,raw,sequence_reads,downloads/GSE161918/fastq/SRR13113090_1.fastq.gz,data/datasets/GSE161918/raw/legacy_source/fastq/SRR13113090_1.fastq.gz,1151870968,1774247152255421305,inode_preserved_by_same_filesystem_rename,
GSE161918,raw,sequence_reads,downloads/GSE161918/fastq/SRR13113091_1.fastq.gz,data/datasets/GSE161918/raw/legacy_source/fastq/SRR13113091_1.fastq.gz,879875883,1774252063799435447,inode_preserved_by_same_filesystem_rename,
GSE161918,raw,sequence_reads,downloads/GSE161918/fastq/SRR13113091_2.fastq.gz,data/datasets/GSE161918/raw/legacy_source/fastq/SRR13113091_2.fastq.gz,1185541712,1774252364111625805,inode_preserved_by_same_filesystem_rename,
GSE161918,raw,sequence_reads,downloads/GSE161918/fastq/SRR13113092_1.fastq.gz,data/datasets/GSE161918/raw/legacy_source/fastq/SRR13113092_1.fastq.gz,1156358566,1774247096429346632,inode_preserved_by_same_filesystem_rename,
GSE161918,raw,sequence_reads,downloads/GSE161918/fastq/SRR13113092_2.fastq.gz,data/datasets/GSE161918/raw/legacy_source/fastq/SRR13113092_2.fastq.gz,1207552360,1774247396719793499,inode_preserved_by_same_filesystem_rename,
GSE161918,raw,sequence_reads,downloads/GSE161918/fastq/SRR13113093_1.fastq.gz,data/datasets/GSE161918/raw/legacy_source/fastq/SRR13113093_1.fastq.gz,797577791,1774251986281728145,inode_preserved_by_same_filesystem_rename,
GSE161918,raw,sequence_reads,downloads/GSE161918/fastq/SRR13113093_2.fastq.gz,data/datasets/GSE161918/raw/legacy_source/fastq/SRR13113093_2.fastq.gz,1054896264,1774252286563501093,inode_preserved_by_same_filesystem_rename,
GSE161918,raw,sequence_reads,downloads/GSE161918/fastq/SRR13113094_1.fastq.gz,data/datasets/GSE161918/raw/legacy_source/fastq/SRR13113094_1.fastq.gz,809404473,1774249462768740401,inode_preserved_by_same_filesystem_rename,
GSE161918,raw,sequence_reads,downloads/GSE161918/fastq/SRR13113094_2.fastq.gz,data/datasets/GSE161918/raw/legacy_source/fastq/SRR13113094_2.fastq.gz,1321668160,1774249762964805195,inode_preserved_by_same_filesystem_rename,
GSE161918,raw,sequence_reads,downloads/GSE161918/fastq/SRR13113095_1.fastq.gz,data/datasets/GSE161918/raw/legacy_source/fastq/SRR13113095_1.fastq.gz,829311303,1774252101536427629,inode_preserved_by_same_filesystem_rename,
GSE161918,raw,sequence_reads,downloads/GSE161918/fastq/SRR13113095_2.fastq.gz,data/datasets/GSE161918/raw/legacy_source/fastq/SRR13113095_2.fastq.gz,1135552008,1774252401849945856,inode_preserved_by_same_filesystem_rename,
GSE161918,raw,sequence_reads,downloads/GSE161918/fastq/SRR13113096_1.fastq.gz,data/datasets/GSE161918/raw/legacy_source/fastq/SRR13113096_1.fastq.gz,1076137144,1774252377587725461,inode_preserved_by_same_filesystem_rename,
GSE161918,raw,sequence_reads,downloads/GSE161918/fastq/SRR13113097_1.fastq.gz,data/datasets/GSE161918/raw/legacy_source/fastq/SRR13113097_1.fastq.gz,1167935080,1774249614710717781,inode_preserved_by_same_filesystem_rename,
GSE161918,raw,sequence_reads,downloads/GSE161918/fastq/SRR13113098_1.fastq.gz,data/datasets/GSE161918/raw/legacy_source/fastq/SRR13113098_1.fastq.gz,1065668632,1774252430753570980,inode_preserved_by_same_filesystem_rename,
GSE161918,raw,sequence_reads,downloads/GSE161918/fastq/SRR13113099_1.fastq.gz,data/datasets/GSE161918/raw/legacy_source/fastq/SRR13113099_1.fastq.gz,1146086208,1774247253437497621,inode_preserved_by_same_filesystem_rename,
GSE161918,raw,sequence_reads,downloads/GSE161918/fastq/SRR13114000_1.fastq.gz,data/datasets/GSE161918/raw/legacy_source/fastq/SRR13114000_1.fastq.gz,979191904,1774249802249471968,inode_preserved_by_same_filesystem_rename,
GSE161918,raw,sequence_reads,downloads/GSE161918/fastq/SRR13114001_1.fastq.gz,data/datasets/GSE161918/raw/legacy_source/fastq/SRR13114001_1.fastq.gz,1044223752,1774247432658189252,inode_preserved_by_same_filesystem_rename,
GSE161918,raw,sequence_reads,downloads/GSE161918/fastq/SRR13114002_1.fastq.gz,data/datasets/GSE161918/raw/legacy_source/fastq/SRR13114002_1.fastq.gz,1438265120,1774252578369484663,inode_preserved_by_same_filesystem_rename,
GSE161918,raw,sequence_reads,downloads/GSE161918/fastq/SRR13114003_1.fastq.gz,data/datasets/GSE161918/raw/legacy_source/fastq/SRR13114003_1.fastq.gz,999746984,1774247433140046860,inode_preserved_by_same_filesystem_rename,
GSE161918,raw,sequence_reads,downloads/GSE161918/fastq/SRR13114004_1.fastq.gz,data/datasets/GSE161918/raw/legacy_source/fastq/SRR13114004_1.fastq.gz,1132722616,1774249802267471987,inode_preserved_by_same_filesystem_rename,
GSE161918,raw,sequence_reads,downloads/GSE161918/fastq/SRR13114005_1.fastq.gz,data/datasets/GSE161918/raw/legacy_source/fastq/SRR13114005_1.fastq.gz,864820896,1774252578479403420,inode_preserved_by_same_filesystem_rename,
GSE161918,raw,sequence_reads,downloads/GSE161918/fastq/SRR13114006_1.fastq.gz,data/datasets/GSE161918/raw/legacy_source/fastq/SRR13114006_1.fastq.gz,983467120,1774252579954498030,inode_preserved_by_same_filesystem_rename,
GSE161918,raw,sequence_reads,downloads/GSE161918/fastq/SRR13114007_1.fastq.gz,data/datasets/GSE161918/raw/legacy_source/fastq/SRR13114007_1.fastq.gz,838994368,1774247434078569040,inode_preserved_by_same_filesystem_rename,
GSE161918,raw,sequence_reads,downloads/GSE161918/fastq/SRR13114008_1.fastq.gz,data/datasets/GSE161918/raw/legacy_source/fastq/SRR13114008_1.fastq.gz,1290699096,1774249803731473557,inode_preserved_by_same_filesystem_rename,
GSE161918,raw,sequence_reads,downloads/GSE161918/fastq/SRR13114009_1.fastq.gz,data/datasets/GSE161918/raw/legacy_source/fastq/SRR13114009_1.fastq.gz,1491259617,1774247379016161295,inode_preserved_by_same_filesystem_rename,
GSE161918,raw,sequence_reads,downloads/GSE161918/fastq/SRR13114009_2.fastq.gz,data/datasets/GSE161918/raw/legacy_source/fastq/SRR13114009_2.fastq.gz,672127416,1774247679311870909,inode_preserved_by_same_filesystem_rename,
GSE161918,raw,sequence_reads,downloads/GSE161918/fastq/SRR13114010_1.fastq.gz,data/datasets/GSE161918/raw/legacy_source/fastq/SRR13114010_1.fastq.gz,1489286600,1774247366907778342,inode_preserved_by_same_filesystem_rename,
GSE161918,raw,sequence_reads,downloads/GSE161918/fastq/SRR13114010_2.fastq.gz,data/datasets/GSE161918/raw/legacy_source/fastq/SRR13114010_2.fastq.gz,1175435888,1774247667191374924,inode_preserved_by_same_filesystem_rename,
GSE161918,raw,sequence_reads,downloads/GSE161918/fastq/SRR13114011_1.fastq.gz,data/datasets/GSE161918/raw/legacy_source/fastq/SRR13114011_1.fastq.gz,1249438072,1774247443963552995,inode_preserved_by_same_filesystem_rename,
GSE161918,raw,sequence_reads,downloads/GSE161918/fastq/SRR13114012_1.fastq.gz,data/datasets/GSE161918/raw/legacy_source/fastq/SRR13114012_1.fastq.gz,821049304,1774247452456379651,inode_preserved_by_same_filesystem_rename,
GSE161918,raw,sequence_reads,downloads/GSE161918/fastq/SRR13114013_1.fastq.gz,data/datasets/GSE161918/raw/legacy_source/fastq/SRR13114013_1.fastq.gz,1256490416,1774252586680428103,inode_preserved_by_same_filesystem_rename,
GSE161918,raw,sequence_reads,downloads/GSE161918/fastq/SRR13114014_1.fastq.gz,data/datasets/GSE161918/raw/legacy_source/fastq/SRR13114014_1.fastq.gz,1118571312,1774252632685938772,inode_preserved_by_same_filesystem_rename,
GSE161918,raw,sequence_reads,downloads/GSE161918/fastq/SRR13114015_1.fastq.gz,data/datasets/GSE161918/raw/legacy_source/fastq/SRR13114015_1.fastq.gz,881729192,1774252642735466038,inode_preserved_by_same_filesystem_rename,
GSE161918,raw,sequence_reads,downloads/GSE161918/fastq/SRR13114016_1.fastq.gz,data/datasets/GSE161918/raw/legacy_source/fastq/SRR13114016_1.fastq.gz,952550872,1774252664216332116,inode_preserved_by_same_filesystem_rename,
GSE161918,raw,sequence_reads,downloads/GSE161918/fastq/SRR13114017_1.fastq.gz,data/datasets/GSE161918/raw/legacy_source/fastq/SRR13114017_1.fastq.gz,993200576,1774252680090328894,inode_preserved_by_same_filesystem_rename,
GSE161918,raw,sequence_reads,downloads/GSE161918/fastq/SRR13114018_1.fastq.gz,data/datasets/GSE161918/raw/legacy_source/fastq/SRR13114018_1.fastq.gz,1037719336,1774247454722431562,inode_preserved_by_same_filesystem_rename,
GSE161918,raw,sequence_reads,downloads/GSE161918/fastq/SRR13114019_1.fastq.gz,data/datasets/GSE161918/raw/legacy_source/fastq/SRR13114019_1.fastq.gz,1196554800,1774252701872506368,inode_preserved_by_same_filesystem_rename,
GSE161918,raw,sequence_reads,downloads/GSE161918/fastq/SRR13114020_1.fastq.gz,data/datasets/GSE161918/raw/legacy_source/fastq/SRR13114020_1.fastq.gz,921598648,1774252733231760022,inode_preserved_by_same_filesystem_rename,
GSE161918,raw,sequence_reads,downloads/GSE161918/fastq/SRR13114021_1.fastq.gz,data/datasets/GSE161918/raw/legacy_source/fastq/SRR13114021_1.fastq.gz,1369324368,1774252880872928430,inode_preserved_by_same_filesystem_rename,
GSE161918,raw,sequence_reads,downloads/GSE161918/fastq/SRR13114022_1.fastq.gz,data/datasets/GSE161918/raw/legacy_source/fastq/SRR13114022_1.fastq.gz,1925947328,1774252880955929076,inode_preserved_by_same_filesystem_rename,
GSE161918,raw,sequence_reads,downloads/GSE161918/fastq/SRR13114023_1.fastq.gz,data/datasets/GSE161918/raw/legacy_source/fastq/SRR13114023_1.fastq.gz,955443976,1774247555882592568,inode_preserved_by_same_filesystem_rename,
GSE161918,raw,sequence_reads,downloads/GSE161918/fastq/SRR13114024_1.fastq.gz,data/datasets/GSE161918/raw/legacy_source/fastq/SRR13114024_1.fastq.gz,1924596920,1774249803803473634,inode_preserved_by_same_filesystem_rename,
GSE161918,raw,sequence_reads,downloads/GSE161918/fastq/SRR13114025_1.fastq.gz,data/datasets/GSE161918/raw/legacy_source/fastq/SRR13114025_1.fastq.gz,894713088,1774247696826912005,inode_preserved_by_same_filesystem_rename,
GSE161918,raw,sequence_reads,downloads/GSE161918/fastq/SRR13114026_1.fastq.gz,data/datasets/GSE161918/raw/legacy_source/fastq/SRR13114026_1.fastq.gz,1627178392,1774249816121487577,inode_preserved_by_same_filesystem_rename,
GSE161918,raw,sequence_reads,downloads/GSE161918/fastq/SRR13114027_1.fastq.gz,data/datasets/GSE161918/raw/legacy_source/fastq/SRR13114027_1.fastq.gz,1438193424,1774252882419792740,inode_preserved_by_same_filesystem_rename,
GSE161918,raw,sequence_reads,downloads/GSE161918/fastq/SRR13114028_1.fastq.gz,data/datasets/GSE161918/raw/legacy_source/fastq/SRR13114028_1.fastq.gz,1102649104,1774249842535521746,inode_preserved_by_same_filesystem_rename,
GSE161918,raw,sequence_reads,downloads/GSE161918/fastq/SRR13114029_1.fastq.gz,data/datasets/GSE161918/raw/legacy_source/fastq/SRR13114029_1.fastq.gz,1505755136,1774249858839545642,inode_preserved_by_same_filesystem_rename,
GSE161918,raw,sequence_reads,downloads/GSE161918/fastq/SRR13114030_1.fastq.gz,data/datasets/GSE161918/raw/legacy_source/fastq/SRR13114030_1.fastq.gz,1281874112,1774252889054281284,inode_preserved_by_same_filesystem_rename,
GSE161918,raw,sequence_reads,downloads/GSE161918/fastq/SRR13114031_1.fastq.gz,data/datasets/GSE161918/raw/legacy_source/fastq/SRR13114031_1.fastq.gz,1173604000,1774249917199647613,inode_preserved_by_same_filesystem_rename,
GSE161918,raw,sequence_reads,downloads/GSE161918/fastq/SRR13114032_1.fastq.gz,data/datasets/GSE161918/raw/legacy_source/fastq/SRR13114032_1.fastq.gz,1197074024,1774252935168348912,inode_preserved_by_same_filesystem_rename,
GSE161918,raw,sequence_reads,downloads/GSE161918/fastq/SRR13114033_1.fastq.gz,data/datasets/GSE161918/raw/legacy_source/fastq/SRR13114033_1.fastq.gz,1285784904,1774249928897774635,inode_preserved_by_same_filesystem_rename,
GSE161918,raw,sequence_reads,downloads/GSE161918/fastq/SRR13114034_1.fastq.gz,data/datasets/GSE161918/raw/legacy_source/fastq/SRR13114034_1.fastq.gz,1592142444,1774250049764962863,inode_preserved_by_same_filesystem_rename,
GSE161918,raw,sequence_reads,downloads/GSE161918/fastq/SRR13114034_2.fastq.gz,data/datasets/GSE161918/raw/legacy_source/fastq/SRR13114034_2.fastq.gz,1250275600,1774250350067992701,inode_preserved_by_same_filesystem_rename,
GSE161918,raw,sequence_reads,downloads/GSE161918/fastq/SRR13114035_1.fastq.gz,data/datasets/GSE161918/raw/legacy_source/fastq/SRR13114035_1.fastq.gz,1209565080,1774247735023791935,inode_preserved_by_same_filesystem_rename,
GSE161918,raw,sequence_reads,downloads/GSE161918/fastq/SRR13114036_1.fastq.gz,data/datasets/GSE161918/raw/legacy_source/fastq/SRR13114036_1.fastq.gz,844858768,1774247735516794408,inode_preserved_by_same_filesystem_rename,
GSE161918,raw,sequence_reads,downloads/GSE161918/fastq/SRR13114037_1.fastq.gz,data/datasets/GSE161918/raw/legacy_source/fastq/SRR13114037_1.fastq.gz,1006967960,1774252945191656082,inode_preserved_by_same_filesystem_rename,
GSE161918,raw,sequence_reads,downloads/GSE161918/fastq/SRR13114038_1.fastq.gz,data/datasets/GSE161918/raw/legacy_source/fastq/SRR13114038_1.fastq.gz,902636480,1774250104625122268,inode_preserved_by_same_filesystem_rename,
GSE161918,raw,sequence_reads,downloads/GSE161918/fastq/SRR13114039_1.fastq.gz,data/datasets/GSE161918/raw/legacy_source/fastq/SRR13114039_1.fastq.gz,803818104,1774247736573816711,inode_preserved_by_same_filesystem_rename,
GSE161918,raw,sequence_reads,downloads/GSE161918/fastq/SRR13114040_1.fastq.gz,data/datasets/GSE161918/raw/legacy_source/fastq/SRR13114040_1.fastq.gz,1090185173,1774252926110746145,inode_preserved_by_same_filesystem_rename,
GSE161918,raw,sequence_reads,downloads/GSE161918/fastq/SRR13114040_2.fastq.gz,data/datasets/GSE161918/raw/legacy_source/fastq/SRR13114040_2.fastq.gz,631239672,1774253226403542648,inode_preserved_by_same_filesystem_rename,
GSE161918,raw,sequence_reads,downloads/GSE161918/fastq/SRR13114041_1.fastq.gz,data/datasets/GSE161918/raw/legacy_source/fastq/SRR13114041_1.fastq.gz,1115555941,1774252836290579716,inode_preserved_by_same_filesystem_rename,
GSE161918,raw,sequence_reads,downloads/GSE161918/fastq/SRR13114041_2.fastq.gz,data/datasets/GSE161918/raw/legacy_source/fastq/SRR13114041_2.fastq.gz,831322496,1774253136569829776,inode_preserved_by_same_filesystem_rename,
GSE161918,raw,sequence_reads,downloads/GSE161918/fastq/SRR13114042_1.fastq.gz,data/datasets/GSE161918/raw/legacy_source/fastq/SRR13114042_1.fastq.gz,888662216,1774247746454973638,inode_preserved_by_same_filesystem_rename,
GSE161918,raw,sequence_reads,downloads/GSE161918/fastq/SRR13114043_1.fastq.gz,data/datasets/GSE161918/raw/legacy_source/fastq/SRR13114043_1.fastq.gz,963506440,1774247755187307722,inode_preserved_by_same_filesystem_rename,
GSE161918,raw,sequence_reads,downloads/GSE161918/fastq/SRR13114044_1.fastq.gz,data/datasets/GSE161918/raw/legacy_source/fastq/SRR13114044_1.fastq.gz,1050407640,1774250104762302981,inode_preserved_by_same_filesystem_rename,
GSE161918,raw,sequence_reads,downloads/GSE161918/fastq/SRR13114045_1.fastq.gz,data/datasets/GSE161918/raw/legacy_source/fastq/SRR13114045_1.fastq.gz,1080672342,1774250041518113759,inode_preserved_by_same_filesystem_rename,
GSE161918,raw,sequence_reads,downloads/GSE161918/fastq/SRR13114045_2.fastq.gz,data/datasets/GSE161918/raw/legacy_source/fastq/SRR13114045_2.fastq.gz,1323653000,1774250341825960030,inode_preserved_by_same_filesystem_rename,
GSE161918,raw,sequence_reads,downloads/GSE161918/fastq/SRR13114046_1.fastq.gz,data/datasets/GSE161918/raw/legacy_source/fastq/SRR13114046_1.fastq.gz,1074615074,1774252897673271515,inode_preserved_by_same_filesystem_rename,
GSE161918,raw,sequence_reads,downloads/GSE161918/fastq/SRR13114046_2.fastq.gz,data/datasets/GSE161918/raw/legacy_source/fastq/SRR13114046_2.fastq.gz,784981072,1774253197951332051,inode_preserved_by_same_filesystem_rename,
GSE161918,raw,sequence_reads,downloads/GSE161918/fastq/SRR13114047_1.fastq.gz,data/datasets/GSE161918/raw/legacy_source/fastq/SRR13114047_1.fastq.gz,997254432,1774250106233679336,inode_preserved_by_same_filesystem_rename,
GSE161918,raw,sequence_reads,downloads/GSE161918/fastq/SRR13114048_1.fastq.gz,data/datasets/GSE161918/raw/legacy_source/fastq/SRR13114048_1.fastq.gz,1073062081,1774247715835492475,inode_preserved_by_same_filesystem_rename,
GSE161918,raw,sequence_reads,downloads/GSE161918/fastq/SRR13114048_2.fastq.gz,data/datasets/GSE161918/raw/legacy_source/fastq/SRR13114048_2.fastq.gz,765352688,1774248016117678923,inode_preserved_by_same_filesystem_rename,
GSE161918,raw,sequence_reads,downloads/GSE161918/fastq/SRR13114049_1.fastq.gz,data/datasets/GSE161918/raw/legacy_source/fastq/SRR13114049_1.fastq.gz,1075791209,1774250036630927020,inode_preserved_by_same_filesystem_rename,
GSE161918,raw,sequence_reads,downloads/GSE161918/fastq/SRR13114049_2.fastq.gz,data/datasets/GSE161918/raw/legacy_source/fastq/SRR13114049_2.fastq.gz,1598587656,1774250336898358919,inode_preserved_by_same_filesystem_rename,
GSE161918,raw,sequence_reads,downloads/GSE161918/fastq/SRR13114050_1.fastq.gz,data/datasets/GSE161918/raw/legacy_source/fastq/SRR13114050_1.fastq.gz,1114250130,1774253002614587259,inode_preserved_by_same_filesystem_rename,
GSE161918,raw,sequence_reads,downloads/GSE161918/fastq/SRR13114050_2.fastq.gz,data/datasets/GSE161918/raw/legacy_source/fastq/SRR13114050_2.fastq.gz,1109887656,1774253302881663727,inode_preserved_by_same_filesystem_rename,
GSE161918,raw,sequence_reads,downloads/GSE161918/fastq/SRR13114051_1.fastq.gz,data/datasets/GSE161918/raw/legacy_source/fastq/SRR13114051_1.fastq.gz,1238411665,1774250046674954347,inode_preserved_by_same_filesystem_rename,
GSE161918,raw,sequence_reads,downloads/GSE161918/fastq/SRR13114051_2.fastq.gz,data/datasets/GSE161918/raw/legacy_source/fastq/SRR13114051_2.fastq.gz,1220481552,1774250346907732573,inode_preserved_by_same_filesystem_rename,
GSE161918,raw,sequence_reads,downloads/GSE161918/fastq/SRR13114052_1.fastq.gz,data/datasets/GSE161918/raw/legacy_source/fastq/SRR13114052_1.fastq.gz,893078616,1774253183334223594,inode_preserved_by_same_filesystem_rename,
GSE161918,raw,sequence_reads,downloads/GSE161918/fastq/SRR13114053_1.fastq.gz,data/datasets/GSE161918/raw/legacy_source/fastq/SRR13114053_1.fastq.gz,1280616344,1774250115403324307,inode_preserved_by_same_filesystem_rename,
GSE161918,raw,sequence_reads,downloads/GSE161918/fastq/SRR13114053_2.fastq.gz,data/datasets/GSE161918/raw/legacy_source/fastq/SRR13114053_2.fastq.gz,993794256,1774250415742259976,inode_preserved_by_same_filesystem_rename,
GSE161918,raw,sequence_reads,downloads/GSE161918/fastq/SRR13114054_1.fastq.gz,data/datasets/GSE161918/raw/legacy_source/fastq/SRR13114054_1.fastq.gz,1151385888,1774247858350635772,inode_preserved_by_same_filesystem_rename,
GSE161918,raw,sequence_reads,downloads/GSE161918/fastq/SRR13114055_1.fastq.gz,data/datasets/GSE161918/raw/legacy_source/fastq/SRR13114055_1.fastq.gz,880340560,1774253183420395384,inode_preserved_by_same_filesystem_rename,
GSE161918,raw,sequence_reads,downloads/GSE161918/fastq/SRR13114056_1.fastq.gz,data/datasets/GSE161918/raw/legacy_source/fastq/SRR13114056_1.fastq.gz,1235412160,1774250159836731688,inode_preserved_by_same_filesystem_rename,
GSE161918,raw,sequence_reads,downloads/GSE161918/fastq/SRR13114056_2.fastq.gz,data/datasets/GSE161918/raw/legacy_source/fastq/SRR13114056_2.fastq.gz,1063291016,1774250460138447125,inode_preserved_by_same_filesystem_rename,
GSE161918,raw,sequence_reads,downloads/GSE161918/fastq/SRR13114057_1.fastq.gz,data/datasets/GSE161918/raw/legacy_source/fastq/SRR13114057_1.fastq.gz,1230329685,1774250105461124813,inode_preserved_by_same_filesystem_rename,
GSE161918,raw,sequence_reads,downloads/GSE161918/fastq/SRR13114057_2.fastq.gz,data/datasets/GSE161918/raw/legacy_source/fastq/SRR13114057_2.fastq.gz,798150632,1774250405774387735,inode_preserved_by_same_filesystem_rename,
GSE161918,raw,sequence_reads,downloads/GSE161918/fastq/SRR13114058_1.fastq.gz,data/datasets/GSE161918/raw/legacy_source/fastq/SRR13114058_1.fastq.gz,1030257792,1774247967304079161,inode_preserved_by_same_filesystem_rename,
GSE161918,raw,sequence_reads,downloads/GSE161918/fastq/SRR13114059_1.fastq.gz,data/datasets/GSE161918/raw/legacy_source/fastq/SRR13114059_1.fastq.gz,1053308504,1774253184873031627,inode_preserved_by_same_filesystem_rename,
GSE161918,raw,sequence_reads,downloads/GSE161918/fastq/SRR13114060_1.fastq.gz,data/datasets/GSE161918/raw/legacy_source/fastq/SRR13114060_1.fastq.gz,874060584,1774253191647591992,inode_preserved_by_same_filesystem_rename,
GSE161918,raw,sequence_reads,downloads/GSE161918/fastq/SRR13114061_1.fastq.gz,data/datasets/GSE161918/raw/legacy_source/fastq/SRR13114061_1.fastq.gz,985125080,1774250407131224259,inode_preserved_by_same_filesystem_rename,
GSE161918,raw,sequence_reads,downloads/GSE161918/fastq/SRR13114062_1.fastq.gz,data/datasets/GSE161918/raw/legacy_source/fastq/SRR13114062_1.fastq.gz,954186016,1774253238134629288,inode_preserved_by_same_filesystem_rename,
GSE161918,raw,sequence_reads,downloads/GSE161918/fastq/SRR13114063_1.fastq.gz,data/datasets/GSE161918/raw/legacy_source/fastq/SRR13114063_1.fastq.gz,875615736,1774247979428300891,inode_preserved_by_same_filesystem_rename,
GSE161918,raw,sequence_reads,downloads/GSE161918/fastq/SRR13114064_1.fastq.gz,data/datasets/GSE161918/raw/legacy_source/fastq/SRR13114064_1.fastq.gz,1296268424,1774250407240224710,inode_preserved_by_same_filesystem_rename,
GSE161918,raw,sequence_reads,downloads/GSE161918/fastq/SRR13114065_1.fastq.gz,data/datasets/GSE161918/raw/legacy_source/fastq/SRR13114065_1.fastq.gz,951204232,1774253247703699880,inode_preserved_by_same_filesystem_rename,
GSE161918,raw,sequence_reads,downloads/GSE161918/fastq/SRR13114066_1.fastq.gz,data/datasets/GSE161918/raw/legacy_source/fastq/SRR13114066_1.fastq.gz,870208904,1774250408821231253,inode_preserved_by_same_filesystem_rename,
GSE161918,raw,sequence_reads,downloads/GSE161918/fastq/SRR13114067_1.fastq.gz,data/datasets/GSE161918/raw/legacy_source/fastq/SRR13114067_1.fastq.gz,867287016,1774250637006292376,inode_preserved_by_same_filesystem_rename,
GSE161918,raw,sequence_reads,downloads/GSE161918/fastq/SRR13114068_1.fastq.gz,data/datasets/GSE161918/raw/legacy_source/fastq/SRR13114068_1.fastq.gz,976332824,1774247999235381229,inode_preserved_by_same_filesystem_rename,
GSE161918,raw,sequence_reads,downloads/GSE161918/fastq/SRR13114069_1.fastq.gz,data/datasets/GSE161918/raw/legacy_source/fastq/SRR13114069_1.fastq.gz,818711064,1774248037524207642,inode_preserved_by_same_filesystem_rename,
GSE161918,raw,sequence_reads,downloads/GSE161918/fastq/SRR13114070_1.fastq.gz,data/datasets/GSE161918/raw/legacy_source/fastq/SRR13114070_1.fastq.gz,899343736,1774250641942258671,inode_preserved_by_same_filesystem_rename,
GSE161918,raw,sequence_reads,downloads/GSE161918/fastq/SRR13114071_1.fastq.gz,data/datasets/GSE161918/raw/legacy_source/fastq/SRR13114071_1.fastq.gz,934428144,1774250647014282207,inode_preserved_by_same_filesystem_rename,
GSE161918,raw,sequence_reads,downloads/GSE161918/fastq/SRR13114072_1.fastq.gz,data/datasets/GSE161918/raw/legacy_source/fastq/SRR13114072_1.fastq.gz,734066496,1774248038071607254,inode_preserved_by_same_filesystem_rename,
GSE161918,raw,sequence_reads,downloads/GSE161918/fastq/SRR13114073_1.fastq.gz,data/datasets/GSE161918/raw/legacy_source/fastq/SRR13114073_1.fastq.gz,820224000,1774250650193136481,inode_preserved_by_same_filesystem_rename,
GSE161918,raw,sequence_reads,downloads/GSE161918/fastq/SRR13114074_1.fastq.gz,data/datasets/GSE161918/raw/legacy_source/fastq/SRR13114074_1.fastq.gz,812438048,1774250705877558368,inode_preserved_by_same_filesystem_rename,
GSE161918,raw,sequence_reads,downloads/GSE161918/fastq/SRR13114075_1.fastq.gz,data/datasets/GSE161918/raw/legacy_source/fastq/SRR13114075_1.fastq.gz,897201312,1774250709617576094,inode_preserved_by_same_filesystem_rename,
GSE161918,raw,sequence_reads,downloads/GSE161918/fastq/SRR13114076_1.fastq.gz,data/datasets/GSE161918/raw/legacy_source/fastq/SRR13114076_1.fastq.gz,789852256,1774248039056029233,inode_preserved_by_same_filesystem_rename,
GSE161918,raw,sequence_reads,downloads/GSE161918/fastq/SRR13114077_1.fastq.gz,data/datasets/GSE161918/raw/legacy_source/fastq/SRR13114077_1.fastq.gz,897804888,1774253436700081257,inode_preserved_by_same_filesystem_rename,
GSE161918,raw,sequence_reads,downloads/GSE161918/fastq/SRR13114078_1.fastq.gz,data/datasets/GSE161918/raw/legacy_source/fastq/SRR13114078_1.fastq.gz,866231800,1774253485819436853,inode_preserved_by_same_filesystem_rename,
GSE161918,raw,sequence_reads,downloads/GSE161918/fastq/SRR13114079_1.fastq.gz,data/datasets/GSE161918/raw/legacy_source/fastq/SRR13114079_1.fastq.gz,1093004200,1774248048969370885,inode_preserved_by_same_filesystem_rename,
GSE161918,raw,sequence_reads,downloads/GSE161918/fastq/SRR13114080_1.fastq.gz,data/datasets/GSE161918/raw/legacy_source/fastq/SRR13114080_1.fastq.gz,960024008,1774250709757576758,inode_preserved_by_same_filesystem_rename,
GSE161918,raw,sequence_reads,downloads/GSE161918/fastq/SRR13114081_1.fastq.gz,data/datasets/GSE161918/raw/legacy_source/fastq/SRR13114081_1.fastq.gz,938173328,1774253485798436701,inode_preserved_by_same_filesystem_rename,
GSE161918,raw,sequence_reads,downloads/GSE161918/fastq/SRR13114082_1.fastq.gz,data/datasets/GSE161918/raw/legacy_source/fastq/SRR13114082_1.fastq.gz,821640904,1774250711341296776,inode_preserved_by_same_filesystem_rename,
GSE161918,raw,sequence_reads,downloads/GSE161918/fastq/SRR13114083_1.fastq.gz,data/datasets/GSE161918/raw/legacy_source/fastq/SRR13114083_1.fastq.gz,951451648,1774253468471311401,inode_preserved_by_same_filesystem_rename,
GSE161918,raw,sequence_reads,downloads/GSE161918/fastq/SRR13114084_1.fastq.gz,data/datasets/GSE161918/raw/legacy_source/fastq/SRR13114084_1.fastq.gz,839876568,1774253494146497017,inode_preserved_by_same_filesystem_rename,
GSE161918,raw,sequence_reads,downloads/GSE161918/fastq/SRR13114085_1.fastq.gz,data/datasets/GSE161918/raw/legacy_source/fastq/SRR13114085_1.fastq.gz,844676400,1774250716009606437,inode_preserved_by_same_filesystem_rename,
GSE161918,raw,sequence_reads,downloads/GSE161918/fastq/SRR13114086_1.fastq.gz,data/datasets/GSE161918/raw/legacy_source/fastq/SRR13114086_1.fastq.gz,797338304,1774248057660169295,inode_preserved_by_same_filesystem_rename,
GSE161918,raw,sequence_reads,downloads/GSE161918/fastq/SRR13114087_1.fastq.gz,data/datasets/GSE161918/raw/legacy_source/fastq/SRR13114087_1.fastq.gz,975881680,1774253498087325226,inode_preserved_by_same_filesystem_rename,
GSE161918,raw,sequence_reads,downloads/GSE161918/fastq/SRR13114088_1.fastq.gz,data/datasets/GSE161918/raw/legacy_source/fastq/SRR13114088_1.fastq.gz,824783696,1774253526525730656,inode_preserved_by_same_filesystem_rename,
GSE161918,raw,sequence_reads,downloads/GSE161918/fastq/SRR13114089_1.fastq.gz,data/datasets/GSE161918/raw/legacy_source/fastq/SRR13114089_1.fastq.gz,883494304,1774253540664832530,inode_preserved_by_same_filesystem_rename,
GSE161918,raw,sequence_reads,downloads/GSE161918/fastq/SRR13114090_1.fastq.gz,data/datasets/GSE161918/raw/legacy_source/fastq/SRR13114090_1.fastq.gz,1035775424,1774250760259365750,inode_preserved_by_same_filesystem_rename,
GSE161918,raw,sequence_reads,downloads/GSE161918/fastq/SRR13114091_1.fastq.gz,data/datasets/GSE161918/raw/legacy_source/fastq/SRR13114091_1.fastq.gz,1015330360,1774250939444699587,inode_preserved_by_same_filesystem_rename,
GSE161918,raw,sequence_reads,downloads/GSE161918/fastq/SRR13114092_1.fastq.gz,data/datasets/GSE161918/raw/legacy_source/fastq/SRR13114092_1.fastq.gz,1103949396,1774250888708786486,inode_preserved_by_same_filesystem_rename,
GSE161918,raw,sequence_reads,downloads/GSE161918/fastq/SRR13114092_2.fastq.gz,data/datasets/GSE161918/raw/legacy_source/fastq/SRR13114092_2.fastq.gz,744276344,1774251189016641242,inode_preserved_by_same_filesystem_rename,
GSE161918,raw,sequence_reads,downloads/GSE161918/fastq/SRR13114093_1.fastq.gz,data/datasets/GSE161918/raw/legacy_source/fastq/SRR13114093_1.fastq.gz,1096469661,1774250931545660009,inode_preserved_by_same_filesystem_rename,
GSE161918,raw,sequence_reads,downloads/GSE161918/fastq/SRR13114093_2.fastq.gz,data/datasets/GSE161918/raw/legacy_source/fastq/SRR13114093_2.fastq.gz,1139839536,1774251231856250321,inode_preserved_by_same_filesystem_rename,
GSE161918,raw,sequence_reads,downloads/GSE161918/fastq/SRR13114094_1.fastq.gz,data/datasets/GSE161918/raw/legacy_source/fastq/SRR13114094_1.fastq.gz,1009913392,1774248160864317113,inode_preserved_by_same_filesystem_rename,
GSE161918,raw,sequence_reads,downloads/GSE161918/fastq/SRR13114095_1.fastq.gz,data/datasets/GSE161918/raw/legacy_source/fastq/SRR13114095_1.fastq.gz,1012185304,1774250952667797984,inode_preserved_by_same_filesystem_rename,
GSE161918,raw,sequence_reads,downloads/GSE161918/fastq/SRR13114096_1.fastq.gz,data/datasets/GSE161918/raw/legacy_source/fastq/SRR13114096_1.fastq.gz,984350400,1774253550186901088,inode_preserved_by_same_filesystem_rename,
GSE161918,raw,sequence_reads,downloads/GSE161918/fastq/SRR13114097_1.fastq.gz,data/datasets/GSE161918/raw/legacy_source/fastq/SRR13114097_1.fastq.gz,860476120,1774248269812536201,inode_preserved_by_same_filesystem_rename,
GSE161918,raw,sequence_reads,downloads/GSE161918/fastq/SRR13114098_1.fastq.gz,data/datasets/GSE161918/raw/legacy_source/fastq/SRR13114098_1.fastq.gz,1138821519,1774250892363464581,inode_preserved_by_same_filesystem_rename,
GSE161918,raw,sequence_reads,downloads/GSE161918/fastq/SRR13114098_2.fastq.gz,data/datasets/GSE161918/raw/legacy_source/fastq/SRR13114098_2.fastq.gz,1273291560,1774251192658590796,inode_preserved_by_same_filesystem_rename,
GSE161918,raw,sequence_reads,downloads/GSE161918/fastq/SRR13114099_1.fastq.gz,data/datasets/GSE161918/raw/legacy_source/fastq/SRR13114099_1.fastq.gz,775205984,1774248281818554614,inode_preserved_by_same_filesystem_rename,
GSE161918,raw,sequence_reads,downloads/GSE161918/fastq/test_ftp.fastq.gz,data/datasets/GSE161918/raw/legacy_source/fastq/test_ftp.fastq.gz,1464875998,1774268537593474188,inode_preserved_by_same_filesystem_rename,
GSE161918,raw,geo_series_matrix,downloads/GSE161918/matrix/GSE161918_series_matrix.txt.gz,data/datasets/GSE161918/raw/legacy_source/matrix/GSE161918_series_matrix.txt.gz,23768,1770831812053709700,inode_preserved_by_same_filesystem_rename,
GSE161918,raw,supplementary_archive,downloads/GSE161918/suppl/GSE161918_AllBatches_SeuratObj.rds.gz,data/datasets/GSE161918/raw/legacy_source/suppl/GSE161918_AllBatches_SeuratObj.rds.gz,5840847302,1770832258131091982,inode_preserved_by_same_filesystem_rename,
GSE161918,raw,tcr_source,downloads/GSE161918/suppl/GSE161918_B1TCR_filtered_contig_annotations.csv.gz,data/datasets/GSE161918/raw/legacy_source/suppl/GSE161918_B1TCR_filtered_contig_annotations.csv.gz,2768483,1770832260438101124,inode_preserved_by_same_filesystem_rename,
GSE161918,raw,unclassified_source,downloads/GSE161918/suppl/GSE161918_B2GSE161918_B3bulkRNAseq_countmtx.csv.gz,data/datasets/GSE161918/raw/legacy_source/suppl/GSE161918_B2GSE161918_B3bulkRNAseq_countmtx.csv.gz,2193695,1770832265188120039,inode_preserved_by_same_filesystem_rename,
GSE161918,raw,tcr_source,downloads/GSE161918/suppl/GSE161918_B2TCR_filtered_contig_annotations.csv.gz,data/datasets/GSE161918/raw/legacy_source/suppl/GSE161918_B2TCR_filtered_contig_annotations.csv.gz,16528128,1770832270950143089,inode_preserved_by_same_filesystem_rename,
GSE161918,raw,tcr_source,downloads/GSE161918/suppl/GSE161918_B3TCR_filtered_contig_annotations.csv.gz,data/datasets/GSE161918/raw/legacy_source/suppl/GSE161918_B3TCR_filtered_contig_annotations.csv.gz,14823611,1770832275970163280,inode_preserved_by_same_filesystem_rename,
GSE161918,raw,supplementary_archive,downloads/GSE161918/suppl/GSE161918_RAW.tar,data/datasets/GSE161918/raw/legacy_source/suppl/GSE161918_RAW.tar,3331594240,1770832897769196905,inode_preserved_by_same_filesystem_rename,
GSE161918,raw,source_metadata,downloads/GSE161918/suppl/GSE161918_allbatches.HTOandTimepointMetadata.csv.gz,data/datasets/GSE161918/raw/legacy_source/suppl/GSE161918_allbatches.HTOandTimepointMetadata.csv.gz,2515,1770832898857053614,inode_preserved_by_same_filesystem_rename,
GSE161918,raw,supplementary_archive,downloads/GSE161918/suppl/GSE161918_demuxletResults.tar.gz,data/datasets/GSE161918/raw/legacy_source/suppl/GSE161918_demuxletResults.tar.gz,74623100,1770832925201346730,inode_preserved_by_same_filesystem_rename,
GSE161918,raw,unclassified_source,downloads/GSE161918/suppl/filelist.txt,data/datasets/GSE161918/raw/legacy_source/suppl/filelist.txt,10663,1770832926367353120,inode_preserved_by_same_filesystem_rename,
GSE162498,processed,standardized_h5ad,analysis_26GSE_V4/scanpy_projects/GSE162498/outputs/GSE162498_scanpy_processed.h5ad,data/datasets/GSE162498/interim/scanpy_project/outputs/GSE162498_scanpy_processed.h5ad,877681270,1773951536062532056,inode_preserved_by_same_filesystem_rename,
GSE162498,raw,geo_series_matrix,downloads/GSE162498/GSE162498_series_matrix_GPL16791.txt.gz,data/datasets/GSE162498/raw/legacy_source/GSE162498_series_matrix_GPL16791.txt.gz,3076,1771263154991091624,inode_preserved_by_same_filesystem_rename,
GSE162498,raw,geo_series_matrix,downloads/GSE162498/GSE162498_series_matrix_GPL24676.txt.gz,data/datasets/GSE162498/raw/legacy_source/GSE162498_series_matrix_GPL24676.txt.gz,3379,1771263155011091725,inode_preserved_by_same_filesystem_rename,
GSE162498,raw,geo_series_matrix,downloads/GSE162498/matrix/GSE162498-GPL16791_series_matrix.txt.gz,data/datasets/GSE162498/raw/legacy_source/matrix/GSE162498-GPL16791_series_matrix.txt.gz,3076,1770832961491464338,inode_preserved_by_same_filesystem_rename,
GSE162498,raw,geo_series_matrix,downloads/GSE162498/matrix/GSE162498-GPL24676_series_matrix.txt.gz,data/datasets/GSE162498/raw/legacy_source/matrix/GSE162498-GPL24676_series_matrix.txt.gz,3379,1770832962150634561,inode_preserved_by_same_filesystem_rename,
GSE162498,raw,geo_series_matrix,downloads/GSE162498/metadata/GSE162498_series_matrix_GPL16791.txt,data/datasets/GSE162498/raw/legacy_source/metadata/GSE162498_series_matrix_GPL16791.txt,20168,1771263155017091756,inode_preserved_by_same_filesystem_rename,
GSE162498,raw,geo_series_matrix,downloads/GSE162498/metadata/GSE162498_series_matrix_GPL24676.txt,data/datasets/GSE162498/raw/legacy_source/metadata/GSE162498_series_matrix_GPL24676.txt,33646,1771263155020091771,inode_preserved_by_same_filesystem_rename,
GSE162498,raw,supplementary_archive,downloads/GSE162498/suppl/GSE162498_NSCLC_CD3_11tumors.Rds.gz,data/datasets/GSE162498/raw/legacy_source/suppl/GSE162498_NSCLC_CD3_11tumors.Rds.gz,555181657,1770833087638249533,inode_preserved_by_same_filesystem_rename,
GSE162498,raw,supplementary_archive,downloads/GSE162498/suppl/GSE162498_NSCLC_CD3_4tumors_4Juxta_2Juxta.Rds.gz,data/datasets/GSE162498/raw/legacy_source/suppl/GSE162498_NSCLC_CD3_4tumors_4Juxta_2Juxta.Rds.gz,635151496,1770833238628108017,inode_preserved_by_same_filesystem_rename,
GSE162498,raw,supplementary_archive,downloads/GSE162498/suppl/GSE162498_RAW.tar,data/datasets/GSE162498/raw/legacy_source/suppl/GSE162498_RAW.tar,593192960,1770833503373644294,inode_preserved_by_same_filesystem_rename,
GSE162498,raw,unclassified_source,downloads/GSE162498/suppl/filelist.txt,data/datasets/GSE162498/raw/legacy_source/suppl/filelist.txt,1629,1770833504157648888,inode_preserved_by_same_filesystem_rename,
GSE162499,raw,geo_series_matrix,downloads/GSE162499/matrix/GSE162499-GPL15520_series_matrix.txt.gz,data/datasets/GSE162499/raw/legacy_source/matrix/GSE162499-GPL15520_series_matrix.txt.gz,2877,1770832929690371332,inode_preserved_by_same_filesystem_rename,
GSE162499,raw,geo_series_matrix,downloads/GSE162499/matrix/GSE162499-GPL24676_series_matrix.txt.gz,data/datasets/GSE162499/raw/legacy_source/matrix/GSE162499-GPL24676_series_matrix.txt.gz,2886,1770832930348646252,inode_preserved_by_same_filesystem_rename,
GSE162499,raw,supplementary_archive,downloads/GSE162499/suppl/GSE162499_RAW.tar,data/datasets/GSE162499/raw/legacy_source/suppl/GSE162499_RAW.tar,5160960,1770832958780531253,inode_preserved_by_same_filesystem_rename,
GSE162499,raw,unclassified_source,downloads/GSE162499/suppl/filelist.txt,data/datasets/GSE162499/raw/legacy_source/suppl/filelist.txt,1196,1770832959645781686,inode_preserved_by_same_filesystem_rename,
GSE168163,processed,standardized_h5ad,downloads/per_gse_h5ad_with_metadata/GSE168163_with_metadata.h5ad,data/datasets/GSE168163/processed/artifacts/GSE168163_with_metadata.h5ad,2899877359,1773915719024324719,inode_preserved_by_same_filesystem_rename,
GSE168163,raw,tcr_source,downloads/GSE168163/GSE168163_VDJ_Tcell.csv.gz,data/datasets/GSE168163/raw/legacy_source/GSE168163_VDJ_Tcell.csv.gz,7881079,1770831491978489839,inode_preserved_by_same_filesystem_rename,
GSE168163,raw,unclassified_source,downloads/GSE168163/GSE168163_dataCount.csv.gz,data/datasets/GSE168163/raw/legacy_source/GSE168163_dataCount.csv.gz,74540276,1770831500972553139,inode_preserved_by_same_filesystem_rename,
GSE168163,raw,geo_series_matrix,downloads/GSE168163/GSE168163_series_matrix.txt.gz,data/datasets/GSE168163/raw/legacy_source/GSE168163_series_matrix.txt.gz,2925,1770831488451465000,inode_preserved_by_same_filesystem_rename,
GSE168163,raw,geo_series_matrix,downloads/GSE168163/metadata/GSE168163_series_matrix.txt,data/datasets/GSE168163/raw/legacy_source/metadata/GSE168163_series_matrix.txt,22017,1773748307455485616,inode_preserved_by_same_filesystem_rename,
GSE168859,processed,standardized_h5ad,downloads/per_gse_h5ad_with_metadata/GSE168859_with_metadata.h5ad,data/datasets/GSE168859/processed/artifacts/GSE168859_with_metadata.h5ad,26293452922,1773915927340328835,inode_preserved_by_same_filesystem_rename,
GSE168859,raw,supplementary_archive,downloads/GSE168859/GSE168859_RAW.tar,data/datasets/GSE168859/raw/legacy_source/GSE168859_RAW.tar,772392960,1771263323467947618,inode_preserved_by_same_filesystem_rename,
GSE168859,raw,geo_series_matrix,downloads/GSE168859/GSE168859_series_matrix.txt.gz,data/datasets/GSE168859/raw/legacy_source/GSE168859_series_matrix.txt.gz,5500,1771263119101006502,inode_preserved_by_same_filesystem_rename,
GSE168859,raw,geo_series_matrix,downloads/GSE168859/matrix/GSE168859_series_matrix.txt.gz,data/datasets/GSE168859/raw/legacy_source/matrix/GSE168859_series_matrix.txt.gz,5500,1770831431578272789,inode_preserved_by_same_filesystem_rename,
GSE168859,raw,geo_series_matrix,downloads/GSE168859/metadata/GSE168859_series_matrix.txt,data/datasets/GSE168859/raw/legacy_source/metadata/GSE168859_series_matrix.txt,106201,1773748318743532920,inode_preserved_by_same_filesystem_rename,
GSE168859,raw,supplementary_archive,downloads/GSE168859/suppl/GSE168859_RAW.tar,data/datasets/GSE168859/raw/legacy_source/suppl/GSE168859_RAW.tar,772392960,1770831486299449835,inode_preserved_by_same_filesystem_rename,
GSE168859,raw,unclassified_source,downloads/GSE168859/suppl/filelist.txt,data/datasets/GSE168859/raw/legacy_source/suppl/filelist.txt,5077,1770831487116455592,inode_preserved_by_same_filesystem_rename,
GSE169441,raw,geo_series_matrix,downloads/GSE169441/matrix/GSE169441_series_matrix.txt.gz,data/datasets/GSE169441/raw/legacy_source/matrix/GSE169441_series_matrix.txt.gz,7240,1770831289187573313,inode_preserved_by_same_filesystem_rename,
GSE169441,raw,supplementary_archive,downloads/GSE169441/suppl/GSE169441_RAW.tar,data/datasets/GSE169441/raw/legacy_source/suppl/GSE169441_RAW.tar,6932480,1770831351063488741,inode_preserved_by_same_filesystem_rename,
GSE169441,raw,unclassified_source,downloads/GSE169441/suppl/filelist.txt,data/datasets/GSE169441/raw/legacy_source/suppl/filelist.txt,5242,1770831351803494047,inode_preserved_by_same_filesystem_rename,
GSE171037,processed,standardized_h5ad,analysis_26GSE_V4/scanpy_projects/GSE171037/outputs/GSE171037_scanpy_processed.h5ad,data/datasets/GSE171037/interim/scanpy_project/outputs/GSE171037_scanpy_processed.h5ad,608857194,1773951241063621120,inode_preserved_by_same_filesystem_rename,
GSE171037,raw,geo_series_matrix,downloads/GSE171037/matrix/GSE171037_series_matrix.txt.gz,data/datasets/GSE171037/raw/legacy_source/matrix/GSE171037_series_matrix.txt.gz,5870,1770831579185111479,inode_preserved_by_same_filesystem_rename,
GSE171037,raw,supplementary_archive,downloads/GSE171037/suppl/GSE171037_RAW.tar,data/datasets/GSE171037/raw/legacy_source/suppl/GSE171037_RAW.tar,225853440,1770831645110559530,inode_preserved_by_same_filesystem_rename,
GSE171037,raw,unclassified_source,downloads/GSE171037/suppl/GSE171037_TcellReversePT_barcodes_Munich.txt.gz,data/datasets/GSE171037/raw/legacy_source/suppl/GSE171037_TcellReversePT_barcodes_Munich.txt.gz,200870,1770831646450568819,inode_preserved_by_same_filesystem_rename,
GSE171037,raw,unclassified_source,downloads/GSE171037/suppl/GSE171037_TcellReversePT_genes_allCohorts.txt.gz,data/datasets/GSE171037/raw/legacy_source/suppl/GSE171037_TcellReversePT_genes_allCohorts.txt.gz,123606,1770831647757577883,inode_preserved_by_same_filesystem_rename,
GSE171037,raw,unclassified_source,downloads/GSE171037/suppl/GSE171037_TcellReversePT_integrated_Tcells.h5ad.gz,data/datasets/GSE171037/raw/legacy_source/suppl/GSE171037_TcellReversePT_integrated_Tcells.h5ad.gz,205666259,1770831672964752458,inode_preserved_by_same_filesystem_rename,
GSE171037,raw,source_metadata,downloads/GSE171037/suppl/GSE171037_TcellReversePT_metadata_allCohorts.txt.gz,data/datasets/GSE171037/raw/legacy_source/suppl/GSE171037_TcellReversePT_metadata_allCohorts.txt.gz,9986861,1770831677613784615,inode_preserved_by_same_filesystem_rename,
GSE171037,raw,source_metadata,downloads/GSE171037/suppl/GSE171037_TcellReversePT_metadata_munich.txt.gz,data/datasets/GSE171037/raw/legacy_source/suppl/GSE171037_TcellReversePT_metadata_munich.txt.gz,895861,1770831679399796965,inode_preserved_by_same_filesystem_rename,
GSE171037,raw,unclassified_source,downloads/GSE171037/suppl/GSE171037_TcellReversePT_munich.h5ad.gz,data/datasets/GSE171037/raw/legacy_source/suppl/GSE171037_TcellReversePT_munich.h5ad.gz,89400224,1770831700642943732,inode_preserved_by_same_filesystem_rename,
GSE171037,raw,unclassified_source,downloads/GSE171037/suppl/GSE171037_TcellReversePT_raw_counts_Munich.mtx.gz,data/datasets/GSE171037/raw/legacy_source/suppl/GSE171037_TcellReversePT_raw_counts_Munich.mtx.gz,156858192,1770831719682075063,inode_preserved_by_same_filesystem_rename,
GSE171037,raw,unclassified_source,downloads/GSE171037/suppl/filelist.txt,data/datasets/GSE171037/raw/legacy_source/suppl/filelist.txt,2181,1770831720563234680,inode_preserved_by_same_filesystem_rename,
GSE175930,raw,geo_series_matrix,downloads/GSE175930/matrix/GSE175930-GPL15520_series_matrix.txt.gz,data/datasets/GSE175930/raw/legacy_source/matrix/GSE175930-GPL15520_series_matrix.txt.gz,3055,1770831550219952718,inode_preserved_by_same_filesystem_rename,
GSE175930,raw,geo_series_matrix,downloads/GSE175930/matrix/GSE175930-GPL24676_series_matrix.txt.gz,data/datasets/GSE175930/raw/legacy_source/matrix/GSE175930-GPL24676_series_matrix.txt.gz,5982,1770831550873903206,inode_preserved_by_same_filesystem_rename,
GSE175930,raw,supplementary_archive,downloads/GSE175930/suppl/GSE175930_RAW.tar,data/datasets/GSE175930/raw/legacy_source/suppl/GSE175930_RAW.tar,316815360,1770831576912085146,inode_preserved_by_same_filesystem_rename,
GSE175930,raw,unclassified_source,downloads/GSE175930/suppl/filelist.txt,data/datasets/GSE175930/raw/legacy_source/suppl/filelist.txt,10577,1770831577709659045,inode_preserved_by_same_filesystem_rename,
GSE178882,processed,standardized_h5ad,analysis_26GSE_V4/scanpy_projects/GSE178882/outputs/GSE178882_scanpy_processed.h5ad,data/datasets/GSE178882/interim/scanpy_project/outputs/GSE178882_scanpy_processed.h5ad,1020750786,1773951267411797431,inode_preserved_by_same_filesystem_rename,
GSE178882,raw,geo_series_matrix,downloads/GSE178882/matrix/GSE178882_series_matrix.txt.gz,data/datasets/GSE178882/raw/legacy_source/matrix/GSE178882_series_matrix.txt.gz,6179,1770831247337738591,inode_preserved_by_same_filesystem_rename,
GSE178882,raw,supplementary_archive,downloads/GSE178882/suppl/GSE178882_RAW.tar,data/datasets/GSE178882/raw/legacy_source/suppl/GSE178882_RAW.tar,224020480,1770831286753025152,inode_preserved_by_same_filesystem_rename,
GSE178882,raw,unclassified_source,downloads/GSE178882/suppl/filelist.txt,data/datasets/GSE178882/raw/legacy_source/suppl/filelist.txt,7136,1770831287526030753,inode_preserved_by_same_filesystem_rename,
GSE179994,processed,standardized_h5ad,downloads/per_gse_h5ad_with_metadata/GSE179994_with_tcr.h5ad,data/datasets/GSE179994/processed/artifacts/GSE179994_with_tcr.h5ad,2516609292,1773993564463439911,inode_preserved_by_same_filesystem_rename,
GSE179994,raw,geo_series_matrix,downloads/GSE179994/matrix/GSE179994_series_matrix.txt.gz,data/datasets/GSE179994/raw/legacy_source/matrix/GSE179994_series_matrix.txt.gz,4738,1770831502326524575,inode_preserved_by_same_filesystem_rename,
GSE179994,raw,tcr_source,downloads/GSE179994/suppl/GSE179994_PBMC.bulkTCR.tsv.gz,data/datasets/GSE179994/raw/legacy_source/suppl/GSE179994_PBMC.bulkTCR.tsv.gz,2699065,1770831505199582867,inode_preserved_by_same_filesystem_rename,
GSE179994,raw,supplementary_archive,downloads/GSE179994/suppl/GSE179994_RAW.tar,data/datasets/GSE179994/raw/legacy_source/suppl/GSE179994_RAW.tar,46213120,1770831511699628555,inode_preserved_by_same_filesystem_rename,
GSE179994,raw,source_metadata,downloads/GSE179994/suppl/GSE179994_Tcell.metadata.tsv.gz,data/datasets/GSE179994/raw/legacy_source/suppl/GSE179994_Tcell.metadata.tsv.gz,935774,1770831513687642519,inode_preserved_by_same_filesystem_rename,
GSE179994,raw,supplementary_archive,downloads/GSE179994/suppl/GSE179994_all.Tcell.rawCounts.rds.gz,data/datasets/GSE179994/raw/legacy_source/suppl/GSE179994_all.Tcell.rawCounts.rds.gz,441470188,1770831545196863474,inode_preserved_by_same_filesystem_rename,
GSE179994,raw,tcr_source,downloads/GSE179994/suppl/GSE179994_all.scTCR.tsv.gz,data/datasets/GSE179994/raw/legacy_source/suppl/GSE179994_all.scTCR.tsv.gz,6775654,1770831548218884627,inode_preserved_by_same_filesystem_rename,
GSE179994,raw,unclassified_source,downloads/GSE179994/suppl/filelist.txt,data/datasets/GSE179994/raw/legacy_source/suppl/filelist.txt,258,1770831548892106555,inode_preserved_by_same_filesystem_rename,
GSE181710,raw,geo_series_matrix,downloads/GSE181710/matrix/GSE181710_series_matrix.txt.gz,data/datasets/GSE181710/raw/legacy_source/matrix/GSE181710_series_matrix.txt.gz,4794,1770826760502136423,inode_preserved_by_same_filesystem_rename,
GSE181710,raw,unclassified_source,downloads/GSE181710/suppl/GSE181710_library_patients_sex.txt.gz,data/datasets/GSE181710/raw/legacy_source/suppl/GSE181710_library_patients_sex.txt.gz,270,1770826761978151087,inode_preserved_by_same_filesystem_rename,
GSE181710,raw,source_metadata,downloads/GSE181710/suppl/GSE181710_sc_cd4resting_annotation.txt.gz,data/datasets/GSE181710/raw/legacy_source/suppl/GSE181710_sc_cd4resting_annotation.txt.gz,1189561,1770826764730178399,inode_preserved_by_same_filesystem_rename,
GSE181710,raw,unclassified_source,downloads/GSE181710/suppl/GSE181710_sc_cd4resting_umi.txt.gz,data/datasets/GSE181710/raw/legacy_source/suppl/GSE181710_sc_cd4resting_umi.txt.gz,53276468,1770826774366273758,inode_preserved_by_same_filesystem_rename,
GSE181710,raw,source_metadata,downloads/GSE181710/suppl/GSE181710_sc_cd4stim_annotation.txt.gz,data/datasets/GSE181710/raw/legacy_source/suppl/GSE181710_sc_cd4stim_annotation.txt.gz,1147311,1770826776578295592,inode_preserved_by_same_filesystem_rename,
GSE181710,raw,unclassified_source,downloads/GSE181710/suppl/GSE181710_sc_cd4stim_umi.txt.gz,data/datasets/GSE181710/raw/legacy_source/suppl/GSE181710_sc_cd4stim_umi.txt.gz,55002581,1770826785983388183,inode_preserved_by_same_filesystem_rename,
GSE188620,processed,standardized_h5ad,analysis_26GSE_V4/scanpy_projects/GSE188620/outputs/GSE188620_scanpy_processed.h5ad,data/datasets/GSE188620/interim/scanpy_project/outputs/GSE188620_scanpy_processed.h5ad,1904213670,1774466553280399750,inode_preserved_by_same_filesystem_rename,
GSE188620,raw,geo_series_matrix,downloads/GSE188620/matrix/GSE188620_series_matrix.txt.gz,data/datasets/GSE188620/raw/legacy_source/matrix/GSE188620_series_matrix.txt.gz,5518,1770831361114560782,inode_preserved_by_same_filesystem_rename,
GSE188620,raw,supplementary_archive,downloads/GSE188620/suppl/GSE188620_RAW.tar,data/datasets/GSE188620/raw/legacy_source/suppl/GSE188620_RAW.tar,1023170560,1770831424965016053,inode_preserved_by_same_filesystem_rename,
GSE188620,raw,unclassified_source,downloads/GSE188620/suppl/filelist.txt,data/datasets/GSE188620/raw/legacy_source/suppl/filelist.txt,5825,1770831425783423240,inode_preserved_by_same_filesystem_rename,
GSE189126,raw,geo_series_matrix,downloads/GSE189126/matrix/GSE189126_series_matrix.txt.gz,data/datasets/GSE189126/raw/legacy_source/matrix/GSE189126_series_matrix.txt.gz,4285,1770831427104745921,inode_preserved_by_same_filesystem_rename,
GSE189126,raw,supplementary_archive,downloads/GSE189126/suppl/GSE189126_RAW.tar,data/datasets/GSE189126/raw/legacy_source/suppl/GSE189126_RAW.tar,450560,1770831429513048330,inode_preserved_by_same_filesystem_rename,
GSE189126,raw,unclassified_source,downloads/GSE189126/suppl/filelist.txt,data/datasets/GSE189126/raw/legacy_source/suppl/filelist.txt,1930,1770831430219784703,inode_preserved_by_same_filesystem_rename,
GSE190870,processed,standardized_h5ad,analysis_26GSE_V4/scanpy_projects/GSE190870/outputs/GSE190870_scanpy_processed.h5ad,data/datasets/GSE190870/interim/scanpy_project/outputs/GSE190870_scanpy_processed.h5ad,808709729,1773964615653071907,inode_preserved_by_same_filesystem_rename,
GSE190870,raw,unclassified_source,downloads/GSE190870/GSE167036_barcodes.csv.gz,data/datasets/GSE190870/raw/legacy_source/GSE167036_barcodes.csv.gz,770557,1771263288589770115,inode_preserved_by_same_filesystem_rename,
GSE190870,raw,unclassified_source,downloads/GSE190870/GSE167036_features.csv.gz,data/datasets/GSE190870/raw/legacy_source/GSE167036_features.csv.gz,163625,1771263290076777678,inode_preserved_by_same_filesystem_rename,
GSE190870,raw,unclassified_source,downloads/GSE190870/GSE167036_meta_all.csv.gz,data/datasets/GSE190870/raw/legacy_source/GSE167036_meta_all.csv.gz,4013892,1771263283780745653,inode_preserved_by_same_filesystem_rename,
GSE190870,raw,tcr_source,downloads/GSE190870/GSE167036_meta_tcr.csv.gz,data/datasets/GSE190870/raw/legacy_source/GSE167036_meta_tcr.csv.gz,4130251,1771263286533759656,inode_preserved_by_same_filesystem_rename,
GSE190870,raw,supplementary_archive,downloads/GSE190870/GSE190870_RAW.tar,data/datasets/GSE190870/raw/legacy_source/GSE190870_RAW.tar,493199360,1771263252656587400,inode_preserved_by_same_filesystem_rename,
GSE190870,raw,geo_series_matrix,downloads/GSE190870/GSE190870_series_matrix.txt,data/datasets/GSE190870/raw/legacy_source/GSE190870_series_matrix.txt,83124,1771263126582928057,inode_preserved_by_same_filesystem_rename,
GSE190870,raw,geo_series_matrix,downloads/GSE190870/matrix/GSE190870_series_matrix.txt.gz,data/datasets/GSE190870/raw/legacy_source/matrix/GSE190870_series_matrix.txt.gz,4042,1770836283487528637,inode_preserved_by_same_filesystem_rename,
GSE190870,raw,geo_series_matrix,downloads/GSE190870/metadata/GSE190870_series_matrix.txt,data/datasets/GSE190870/raw/legacy_source/metadata/GSE190870_series_matrix.txt,89525,1773748321252497628,inode_preserved_by_same_filesystem_rename,
GSE190870,raw,supplementary_archive,downloads/GSE190870/suppl/GSE190870_RAW.tar,data/datasets/GSE190870/raw/legacy_source/suppl/GSE190870_RAW.tar,493199360,1770836342313212400,inode_preserved_by_same_filesystem_rename,
GSE190870,raw,unclassified_source,downloads/GSE190870/suppl/filelist.txt,data/datasets/GSE190870/raw/legacy_source/suppl/filelist.txt,1577,1770836343377782472,inode_preserved_by_same_filesystem_rename,
GSE198265,raw,geo_series_matrix,downloads/GSE198265/matrix/GSE198265_series_matrix.txt.gz,data/datasets/GSE198265/raw/legacy_source/matrix/GSE198265_series_matrix.txt.gz,6404,1770831353579506785,inode_preserved_by_same_filesystem_rename,
GSE198265,raw,supplementary_archive,downloads/GSE198265/suppl/GSE198265_RAW.tar,data/datasets/GSE198265/raw/legacy_source/suppl/GSE198265_RAW.tar,21739520,1770831359028545840,inode_preserved_by_same_filesystem_rename,
GSE198265,raw,unclassified_source,downloads/GSE198265/suppl/filelist.txt,data/datasets/GSE198265/raw/legacy_source/suppl/filelist.txt,3253,1770831359716550766,inode_preserved_by_same_filesystem_rename,
GSE211504,processed,standardized_h5ad,analysis_26GSE_V4/scanpy_projects/GSE211504/outputs/GSE211504_scanpy_processed.h5ad,data/datasets/GSE211504/interim/scanpy_project/outputs/GSE211504_scanpy_processed.h5ad,372675087,1773951292335963032,inode_preserved_by_same_filesystem_rename,
GSE211504,raw,geo_series_matrix,downloads/GSE211504/matrix/GSE211504_series_matrix.txt.gz,data/datasets/GSE211504/raw/legacy_source/matrix/GSE211504_series_matrix.txt.gz,3904,1770831219114749009,inode_preserved_by_same_filesystem_rename,
GSE211504,raw,supplementary_archive,downloads/GSE211504/suppl/GSE211504_RAW.tar,data/datasets/GSE211504/raw/legacy_source/suppl/GSE211504_RAW.tar,205230080,1770831244874720619,inode_preserved_by_same_filesystem_rename,
GSE211504,raw,unclassified_source,downloads/GSE211504/suppl/filelist.txt,data/datasets/GSE211504/raw/legacy_source/suppl/filelist.txt,2222,1770831245757727062,inode_preserved_by_same_filesystem_rename,
GSE212217,processed,standardized_h5ad,analysis_26GSE_V4/scanpy_projects/GSE212217/outputs/GSE212217_scanpy_processed.h5ad,data/datasets/GSE212217/interim/scanpy_project/outputs/GSE212217_scanpy_processed.h5ad,2992215125,1774466598424639498,inode_preserved_by_same_filesystem_rename,
GSE212217,raw,geo_series_matrix,downloads/GSE212217/matrix/GSE212217-GPL20301_series_matrix.txt.gz,data/datasets/GSE212217/raw/legacy_source/matrix/GSE212217-GPL20301_series_matrix.txt.gz,3443,1770827460790468270,inode_preserved_by_same_filesystem_rename,
GSE212217,raw,geo_series_matrix,downloads/GSE212217/matrix/GSE212217-GPL24676_series_matrix.txt.gz,data/datasets/GSE212217/raw/legacy_source/matrix/GSE212217-GPL24676_series_matrix.txt.gz,5601,1770827461446731265,inode_preserved_by_same_filesystem_rename,
GSE212217,raw,supplementary_archive,downloads/GSE212217/suppl/GSE212217_RAW.tar,data/datasets/GSE212217/raw/legacy_source/suppl/GSE212217_RAW.tar,789770240,1770827683730158233,inode_preserved_by_same_filesystem_rename,
GSE212217,raw,supplementary_archive,downloads/GSE212217/suppl/GSE212217_TIL.rds.gz,data/datasets/GSE212217/raw/legacy_source/suppl/GSE212217_TIL.rds.gz,6725715,1770827687118185317,inode_preserved_by_same_filesystem_rename,
GSE212217,raw,tcr_source,downloads/GSE212217/suppl/GSE212217_scTCR.rds.gz,data/datasets/GSE212217/raw/legacy_source/suppl/GSE212217_scTCR.rds.gz,12768906,1770827691460220015,inode_preserved_by_same_filesystem_rename,
GSE212217,raw,supplementary_archive,downloads/GSE212217/suppl/GSE212217_seurat_scRNAseq.v2.rds.gz,data/datasets/GSE212217/raw/legacy_source/suppl/GSE212217_seurat_scRNAseq.v2.rds.gz,25665784632,1770831214272496636,inode_preserved_by_same_filesystem_rename,
GSE212217,raw,source_metadata,downloads/GSE212217/suppl/GSE212217_seurat_scRNAseq_metadata.txt.gz,data/datasets/GSE212217/raw/legacy_source/suppl/GSE212217_seurat_scRNAseq_metadata.txt.gz,7368464,1770831217062517110,inode_preserved_by_same_filesystem_rename,
GSE212217,raw,unclassified_source,downloads/GSE212217/suppl/filelist.txt,data/datasets/GSE212217/raw/legacy_source/suppl/filelist.txt,9809,1770831217752522171,inode_preserved_by_same_filesystem_rename,
GSE221776,processed,standardized_h5ad,downloads/per_gse_h5ad_with_metadata/GSE221776_with_metadata.h5ad,data/datasets/GSE221776/processed/artifacts/GSE221776_with_metadata.h5ad,448380153,1773926785218337989,inode_preserved_by_same_filesystem_rename,
GSE221776,raw,geo_series_matrix,downloads/GSE221776/matrix/GSE221776_series_matrix.txt.gz,data/datasets/GSE221776/raw/legacy_source/matrix/GSE221776_series_matrix.txt.gz,7321,1770826500942657216,inode_preserved_by_same_filesystem_rename,
GSE221776,raw,source_metadata,downloads/GSE221776/suppl/GSE221776_sc_NSCLC_PBT_annotation.txt.gz,data/datasets/GSE221776/raw/legacy_source/suppl/GSE221776_sc_NSCLC_PBT_annotation.txt.gz,9973120,1770826504458414837,inode_preserved_by_same_filesystem_rename,
GSE221776,raw,unclassified_source,downloads/GSE221776/suppl/GSE221776_sc_NSCLC_PBT_umi.txt.gz,data/datasets/GSE221776/raw/legacy_source/suppl/GSE221776_sc_NSCLC_PBT_umi.txt.gz,194340021,1770826517570564295,inode_preserved_by_same_filesystem_rename,
GSE221776,raw,source_metadata,downloads/GSE221776/suppl/GSE221776_sc_PBT_CD4_annotation.txt.gz,data/datasets/GSE221776/raw/legacy_source/suppl/GSE221776_sc_PBT_CD4_annotation.txt.gz,1331609,1770826519577587064,inode_preserved_by_same_filesystem_rename,
GSE221776,raw,unclassified_source,downloads/GSE221776/suppl/GSE221776_sc_PBT_CD4_umi.txt.gz,data/datasets/GSE221776/raw/legacy_source/suppl/GSE221776_sc_PBT_CD4_umi.txt.gz,28542658,1770826523349629768,inode_preserved_by_same_filesystem_rename,
GSE221776,raw,source_metadata,downloads/GSE221776/suppl/GSE221776_sc_PBT_CD8_annotation.txt.gz,data/datasets/GSE221776/raw/legacy_source/suppl/GSE221776_sc_PBT_CD8_annotation.txt.gz,2129238,1770826525553760277,inode_preserved_by_same_filesystem_rename,
GSE221776,raw,unclassified_source,downloads/GSE221776/suppl/GSE221776_sc_PBT_CD8_umi.txt.gz,data/datasets/GSE221776/raw/legacy_source/suppl/GSE221776_sc_PBT_CD8_umi.txt.gz,44415778,1770826530242707544,inode_preserved_by_same_filesystem_rename,
GSE227709,processed,standardized_h5ad,analysis_26GSE_V4/scanpy_projects/GSE227709/outputs/GSE227709_scanpy_processed.h5ad,data/datasets/GSE227709/interim/scanpy_project/outputs/GSE227709_scanpy_processed.h5ad,160227668,1773951507118349812,inode_preserved_by_same_filesystem_rename,
GSE227709,raw,geo_series_matrix,downloads/GSE227709/matrix/GSE227709_series_matrix.txt.gz,data/datasets/GSE227709/raw/legacy_source/matrix/GSE227709_series_matrix.txt.gz,4146,1770827440745683159,inode_preserved_by_same_filesystem_rename,
GSE227709,raw,supplementary_archive,downloads/GSE227709/suppl/GSE227709_RAW.tar,data/datasets/GSE227709/raw/legacy_source/suppl/GSE227709_RAW.tar,134604800,1770827457940330775,inode_preserved_by_same_filesystem_rename,
GSE227709,raw,unclassified_source,downloads/GSE227709/suppl/GSE227709_meta_data.csv.gz,data/datasets/GSE227709/raw/legacy_source/suppl/GSE227709_meta_data.csv.gz,197,1770827458654336634,inode_preserved_by_same_filesystem_rename,
GSE227709,raw,unclassified_source,downloads/GSE227709/suppl/filelist.txt,data/datasets/GSE227709/raw/legacy_source/suppl/filelist.txt,979,1770827459313325910,inode_preserved_by_same_filesystem_rename,
GSE228597,processed,standardized_h5ad,analysis_26GSE_V4/scanpy_projects/GSE228597/outputs/GSE228597_scanpy_processed.h5ad,data/datasets/GSE228597/interim/scanpy_project/outputs/GSE228597_scanpy_processed.h5ad,2640652070,1773948107715242331,inode_preserved_by_same_filesystem_rename,
GSE228597,processed,standardized_h5ad,downloads/GSE228597/suppl/GSE228597_combined_pbmc_data_with_tcr.h5ad,data/datasets/GSE228597/raw/legacy_source/suppl/GSE228597_combined_pbmc_data_with_tcr.h5ad,2810535702,1770825332136373606,inode_preserved_by_same_filesystem_rename,
GSE228597,raw,geo_series_matrix,downloads/GSE228597/matrix/GSE228597-GPL18573_series_matrix.txt.gz,data/datasets/GSE228597/raw/legacy_source/matrix/GSE228597-GPL18573_series_matrix.txt.gz,6042,1770824917168008189,inode_preserved_by_same_filesystem_rename,
GSE228597,raw,geo_series_matrix,downloads/GSE228597/matrix/GSE228597-GPL24676_series_matrix.txt.gz,data/datasets/GSE228597/raw/legacy_source/matrix/GSE228597-GPL24676_series_matrix.txt.gz,5364,1770824918562738340,inode_preserved_by_same_filesystem_rename,
GSE228597,raw,supplementary_archive,downloads/GSE228597/suppl/GSE228597_RAW.tar,data/datasets/GSE228597/raw/legacy_source/suppl/GSE228597_RAW.tar,3457761280,1770825155427758404,inode_preserved_by_same_filesystem_rename,
GSE228597,raw,unclassified_source,downloads/GSE228597/suppl/GSE228597_cite_info.csv.gz,data/datasets/GSE228597/raw/legacy_source/suppl/GSE228597_cite_info.csv.gz,6064,1770825156196576252,inode_preserved_by_same_filesystem_rename,
GSE228597,raw,unclassified_source,downloads/GSE228597/suppl/GSE228597_combined_tissue_data.h5ad.gz,data/datasets/GSE228597/raw/legacy_source/suppl/GSE228597_combined_tissue_data.h5ad.gz,602822557,1770825375650530746,inode_preserved_by_same_filesystem_rename,
GSE228597,raw,unclassified_source,downloads/GSE228597/suppl/GSE228597_hashing_info.csv.gz,data/datasets/GSE228597/raw/legacy_source/suppl/GSE228597_hashing_info.csv.gz,708,1770825376337533242,inode_preserved_by_same_filesystem_rename,
GSE228597,raw,unclassified_source,downloads/GSE228597/suppl/filelist.txt,data/datasets/GSE228597/raw/legacy_source/suppl/filelist.txt,13355,1770825377032535767,inode_preserved_by_same_filesystem_rename,
GSE229858,processed,standardized_h5ad,downloads/per_gse_h5ad_with_metadata/GSE229858_with_metadata.h5ad,data/datasets/GSE229858/processed/artifacts/GSE229858_with_metadata.h5ad,3543568542,1773920667271968945,inode_preserved_by_same_filesystem_rename,
GSE229858,raw,geo_series_matrix,downloads/GSE229858/matrix/GSE229858_series_matrix.txt.gz,data/datasets/GSE229858/raw/legacy_source/matrix/GSE229858_series_matrix.txt.gz,3981,1770827294464971743,inode_preserved_by_same_filesystem_rename,
GSE229858,raw,supplementary_archive,downloads/GSE229858/suppl/GSE229858_RAW.tar,data/datasets/GSE229858/raw/legacy_source/suppl/GSE229858_RAW.tar,133611520,1770827304999060471,inode_preserved_by_same_filesystem_rename,
GSE229858,raw,unclassified_source,downloads/GSE229858/suppl/filelist.txt,data/datasets/GSE229858/raw/legacy_source/suppl/filelist.txt,1027,1770827305696066335,inode_preserved_by_same_filesystem_rename,
GSE229860,raw,geo_series_matrix,downloads/GSE229860/matrix/GSE229860_series_matrix.txt.gz,data/datasets/GSE229860/raw/legacy_source/matrix/GSE229860_series_matrix.txt.gz,3772,1770827289123841782,inode_preserved_by_same_filesystem_rename,
GSE229860,raw,supplementary_archive,downloads/GSE229860/suppl/GSE229860_RAW.tar,data/datasets/GSE229860/raw/legacy_source/suppl/GSE229860_RAW.tar,7260160,1770827292411954421,inode_preserved_by_same_filesystem_rename,
GSE229860,raw,unclassified_source,downloads/GSE229860/suppl/filelist.txt,data/datasets/GSE229860/raw/legacy_source/suppl/filelist.txt,1280,1770827293101677157,inode_preserved_by_same_filesystem_rename,
GSE232240,processed,standardized_h5ad,downloads/per_gse_h5ad_with_metadata/GSE232240_with_metadata.h5ad,data/datasets/GSE232240/processed/artifacts/GSE232240_with_metadata.h5ad,3233828037,1773920683331059580,inode_preserved_by_same_filesystem_rename,
GSE232240,raw,geo_series_matrix,downloads/GSE232240/GSE232240-GPL18573_series_matrix.txt.gz,data/datasets/GSE232240/raw/legacy_source/GSE232240-GPL18573_series_matrix.txt.gz,2988,1769981700000000000,inode_preserved_by_same_filesystem_rename,
GSE232240,raw,geo_series_matrix,downloads/GSE232240/GSE232240-GPL21697_series_matrix.txt.gz,data/datasets/GSE232240/raw/legacy_source/GSE232240-GPL21697_series_matrix.txt.gz,3070,1769981700000000000,inode_preserved_by_same_filesystem_rename,
GSE232240,raw,geo_series_matrix,downloads/GSE232240/matrix/GSE232240-GPL18573_series_matrix.txt.gz,data/datasets/GSE232240/raw/legacy_source/matrix/GSE232240-GPL18573_series_matrix.txt.gz,2988,1770827261318765142,inode_preserved_by_same_filesystem_rename,
GSE232240,raw,geo_series_matrix,downloads/GSE232240/matrix/GSE232240-GPL21697_series_matrix.txt.gz,data/datasets/GSE232240/raw/legacy_source/matrix/GSE232240-GPL21697_series_matrix.txt.gz,3070,1770827261976696967,inode_preserved_by_same_filesystem_rename,
GSE232240,raw,unclassified_source,downloads/GSE232240/metadata/GSM7324295_Meta_data_IMCISION.txt,data/datasets/GSE232240/raw/legacy_source/metadata/GSM7324295_Meta_data_IMCISION.txt,3265085,1686241606000000000,inode_preserved_by_same_filesystem_rename,
GSE232240,raw,supplementary_archive,downloads/GSE232240/suppl/GSE232240_RAW.tar,data/datasets/GSE232240/raw/legacy_source/suppl/GSE232240_RAW.tar,61460480,1770827268431751702,inode_preserved_by_same_filesystem_rename,
GSE232240,raw,unclassified_source,downloads/GSE232240/suppl/filelist.txt,data/datasets/GSE232240/raw/legacy_source/suppl/filelist.txt,1447,1770827269109757444,inode_preserved_by_same_filesystem_rename,
GSE234069,processed,standardized_h5ad,downloads/per_gse_h5ad_with_metadata/GSE234069_with_tcr.h5ad,data/datasets/GSE234069/processed/artifacts/GSE234069_with_tcr.h5ad,288465897,1773994070659564285,inode_preserved_by_same_filesystem_rename,
GSE234069,raw,geo_series_matrix,downloads/GSE234069/matrix/GSE234069_series_matrix.txt.gz,data/datasets/GSE234069/raw/legacy_source/matrix/GSE234069_series_matrix.txt.gz,4794,1770827307032551372,inode_preserved_by_same_filesystem_rename,
GSE234069,raw,geo_series_matrix,downloads/GSE234069/metadata/GSE234069_series_matrix.txt,data/datasets/GSE234069/raw/legacy_source/metadata/GSE234069_series_matrix.txt,92856,1773748326316515271,inode_preserved_by_same_filesystem_rename,
GSE234069,raw,supplementary_archive,downloads/GSE234069/suppl/GSE234069_CR_outputs.tar.gz,data/datasets/GSE234069/raw/legacy_source/suppl/GSE234069_CR_outputs.tar.gz,893273248,1770827386499741324,inode_preserved_by_same_filesystem_rename,
GSE234352,raw,geo_series_matrix,downloads/GSE234352/matrix/GSE234352-GPL15520_series_matrix.txt.gz,data/datasets/GSE234352/raw/legacy_source/matrix/GSE234352-GPL15520_series_matrix.txt.gz,2373,1770827270444768755,inode_preserved_by_same_filesystem_rename,
GSE234352,raw,geo_series_matrix,downloads/GSE234352/matrix/GSE234352-GPL16791_series_matrix.txt.gz,data/datasets/GSE234352/raw/legacy_source/matrix/GSE234352-GPL16791_series_matrix.txt.gz,3070,1770827271103723038,inode_preserved_by_same_filesystem_rename,
GSE234352,raw,geo_series_matrix,downloads/GSE234352/matrix/GSE234352-GPL22790_series_matrix.txt.gz,data/datasets/GSE234352/raw/legacy_source/matrix/GSE234352-GPL22790_series_matrix.txt.gz,4672,1770827271760779899,inode_preserved_by_same_filesystem_rename,
GSE234352,raw,supplementary_archive,downloads/GSE234352/suppl/GSE234352_RAW.tar,data/datasets/GSE234352/raw/legacy_source/suppl/GSE234352_RAW.tar,124108800,1770827287073909382,inode_preserved_by_same_filesystem_rename,
GSE234352,raw,unclassified_source,downloads/GSE234352/suppl/filelist.txt,data/datasets/GSE234352/raw/legacy_source/suppl/filelist.txt,6327,1770827287775915306,inode_preserved_by_same_filesystem_rename,
GSE235863,processed,standardized_h5ad,downloads/per_gse_h5ad_with_metadata/GSE235863_with_tcr.h5ad,data/datasets/GSE235863/processed/artifacts/GSE235863_with_tcr.h5ad,3726516735,1773993884182506221,inode_preserved_by_same_filesystem_rename,
GSE235863,raw,geo_series_matrix,downloads/GSE235863/matrix/GSE235863_series_matrix.txt.gz,data/datasets/GSE235863/raw/legacy_source/matrix/GSE235863_series_matrix.txt.gz,8052,1770823980600450987,inode_preserved_by_same_filesystem_rename,
GSE235863,raw,unclassified_source,downloads/GSE235863/suppl/GSE235863_bulk_rna_seq_raw_counts.txt.gz,data/datasets/GSE235863/raw/legacy_source/suppl/GSE235863_bulk_rna_seq_raw_counts.txt.gz,1133180,1770823986077431563,inode_preserved_by_same_filesystem_rename,
GSE235863,raw,unclassified_source,downloads/GSE235863/suppl/GSE235863_bulk_rna_seq_tpm.txt.gz,data/datasets/GSE235863/raw/legacy_source/suppl/GSE235863_bulk_rna_seq_tpm.txt.gz,2321423,1770823988801422070,inode_preserved_by_same_filesystem_rename,
GSE235863,raw,tcr_source,downloads/GSE235863/suppl/GSE235863_five_patients_TCR.csv.gz,data/datasets/GSE235863/raw/legacy_source/suppl/GSE235863_five_patients_TCR.csv.gz,2609353,1770823990997414496,inode_preserved_by_same_filesystem_rename,
GSE235863,raw,unclassified_source,downloads/GSE235863/suppl/GSE235863_five_patients_dCODE_dextramer_counts.csv.gz,data/datasets/GSE235863/raw/legacy_source/suppl/GSE235863_five_patients_dCODE_dextramer_counts.csv.gz,612718,1770823992739408541,inode_preserved_by_same_filesystem_rename,
GSE235863,raw,unclassified_source,downloads/GSE235863/suppl/GSE235863_five_patients_scRNAseq_cd8t_raw_counts.h5ad.gz,data/datasets/GSE235863/raw/legacy_source/suppl/GSE235863_five_patients_scRNAseq_cd8t_raw_counts.h5ad.gz,329405958,1770824012608343726,inode_preserved_by_same_filesystem_rename,
GSE235863,raw,tcr_source,downloads/GSE235863/suppl/GSE235863_nine_patients_TCR.csv.gz,data/datasets/GSE235863/raw/legacy_source/suppl/GSE235863_nine_patients_TCR.csv.gz,3137035,1770824014928336527,inode_preserved_by_same_filesystem_rename,
GSE235863,raw,unclassified_source,downloads/GSE235863/suppl/GSE235863_nine_patients_scRNAseq_cd45_raw_counts.h5ad.gz,data/datasets/GSE235863/raw/legacy_source/suppl/GSE235863_nine_patients_scRNAseq_cd45_raw_counts.h5ad.gz,758311089,1770824072090182342,inode_preserved_by_same_filesystem_rename,
GSE240361,processed,standardized_h5ad,downloads/per_gse_h5ad_with_metadata/GSE240361_with_metadata.h5ad,data/datasets/GSE240361/processed/artifacts/GSE240361_with_metadata.h5ad,413826415,1773920690922102437,inode_preserved_by_same_filesystem_rename,
GSE240361,raw,geo_series_matrix,downloads/GSE240361/matrix/GSE240361_series_matrix.txt.gz,data/datasets/GSE240361/raw/legacy_source/matrix/GSE240361_series_matrix.txt.gz,3319,1770826494511736846,inode_preserved_by_same_filesystem_rename,
GSE240361,raw,supplementary_archive,downloads/GSE240361/suppl/GSE240361_RAW.tar,data/datasets/GSE240361/raw/legacy_source/suppl/GSE240361_RAW.tar,17336320,1770826498289344081,inode_preserved_by_same_filesystem_rename,
GSE240361,raw,unclassified_source,downloads/GSE240361/suppl/GSE240361_hashtag_information.txt.gz,data/datasets/GSE240361/raw/legacy_source/suppl/GSE240361_hashtag_information.txt.gz,475,1770826498957686222,inode_preserved_by_same_filesystem_rename,
GSE240361,raw,unclassified_source,downloads/GSE240361/suppl/filelist.txt,data/datasets/GSE240361/raw/legacy_source/suppl/filelist.txt,496,1770826499614728847,inode_preserved_by_same_filesystem_rename,
GSE240865,processed,standardized_h5ad,downloads/per_gse_h5ad_with_metadata/GSE240865_with_tcr.h5ad,data/datasets/GSE240865/processed/artifacts/GSE240865_with_tcr.h5ad,370996517,1773996745035598646,inode_preserved_by_same_filesystem_rename,
GSE240865,raw,geo_series_matrix,downloads/GSE240865/matrix/GSE240865_series_matrix.txt.gz,data/datasets/GSE240865/raw/legacy_source/matrix/GSE240865_series_matrix.txt.gz,5469,1770825378539541246,inode_preserved_by_same_filesystem_rename,
GSE240865,raw,tcr_source,downloads/GSE240865/suppl/GSE240865_Mem_CD4_Tcells_CRTH2negCCR6pos_control_all_contig_annotations.csv.gz,data/datasets/GSE240865/raw/legacy_source/suppl/GSE240865_Mem_CD4_Tcells_CRTH2negCCR6pos_control_all_contig_annotations.csv.gz,336391,1770825380763549337,inode_preserved_by_same_filesystem_rename,
GSE240865,raw,unclassified_source,downloads/GSE240865/suppl/GSE240865_Mem_CD4_Tcells_CRTH2negCCR6pos_control_barcodes.tsv.gz,data/datasets/GSE240865/raw/legacy_source/suppl/GSE240865_Mem_CD4_Tcells_CRTH2negCCR6pos_control_barcodes.tsv.gz,12950,1770825381636552513,inode_preserved_by_same_filesystem_rename,
GSE240865,raw,unclassified_source,downloads/GSE240865/suppl/GSE240865_Mem_CD4_Tcells_CRTH2negCCR6pos_control_consensus.fasta.gz,data/datasets/GSE240865/raw/legacy_source/suppl/GSE240865_Mem_CD4_Tcells_CRTH2negCCR6pos_control_consensus.fasta.gz,172951,1770825382948557288,inode_preserved_by_same_filesystem_rename,
GSE240865,raw,unclassified_source,downloads/GSE240865/suppl/GSE240865_Mem_CD4_Tcells_CRTH2negCCR6pos_control_feature_reference.csv.gz,data/datasets/GSE240865/raw/legacy_source/suppl/GSE240865_Mem_CD4_Tcells_CRTH2negCCR6pos_control_feature_reference.csv.gz,2099,1770825383608559692,inode_preserved_by_same_filesystem_rename,
GSE240865,raw,unclassified_source,downloads/GSE240865/suppl/GSE240865_Mem_CD4_Tcells_CRTH2negCCR6pos_control_features.tsv.gz,data/datasets/GSE240865/raw/legacy_source/suppl/GSE240865_Mem_CD4_Tcells_CRTH2negCCR6pos_control_features.tsv.gz,334685,1770825385163565355,inode_preserved_by_same_filesystem_rename,
GSE240865,raw,unclassified_source,downloads/GSE240865/suppl/GSE240865_Mem_CD4_Tcells_CRTH2negCCR6pos_control_matrix.mtx.gz,data/datasets/GSE240865/raw/legacy_source/suppl/GSE240865_Mem_CD4_Tcells_CRTH2negCCR6pos_control_matrix.mtx.gz,12751007,1770825388243576576,inode_preserved_by_same_filesystem_rename,
GSE240865,raw,tcr_source,downloads/GSE240865/suppl/GSE240865_Mem_CD4_Tcells_CRTH2negCCR6pos_filarial_all_contig_annotations.csv.gz,data/datasets/GSE240865/raw/legacy_source/suppl/GSE240865_Mem_CD4_Tcells_CRTH2negCCR6pos_filarial_all_contig_annotations.csv.gz,494745,1770825389999582981,inode_preserved_by_same_filesystem_rename,
GSE240865,raw,unclassified_source,downloads/GSE240865/suppl/GSE240865_Mem_CD4_Tcells_CRTH2negCCR6pos_filarial_barcodes.tsv.gz,data/datasets/GSE240865/raw/legacy_source/suppl/GSE240865_Mem_CD4_Tcells_CRTH2negCCR6pos_filarial_barcodes.tsv.gz,24332,1770825390874586173,inode_preserved_by_same_filesystem_rename,
GSE240865,raw,unclassified_source,downloads/GSE240865/suppl/GSE240865_Mem_CD4_Tcells_CRTH2negCCR6pos_filarial_consensus.fasta.gz,data/datasets/GSE240865/raw/legacy_source/suppl/GSE240865_Mem_CD4_Tcells_CRTH2negCCR6pos_filarial_consensus.fasta.gz,527008,1770825392611592511,inode_preserved_by_same_filesystem_rename,
GSE240865,raw,unclassified_source,downloads/GSE240865/suppl/GSE240865_Mem_CD4_Tcells_CRTH2negCCR6pos_filarial_feature_reference.csv.gz,data/datasets/GSE240865/raw/legacy_source/suppl/GSE240865_Mem_CD4_Tcells_CRTH2negCCR6pos_filarial_feature_reference.csv.gz,2100,1770825393273472409,inode_preserved_by_same_filesystem_rename,
GSE240865,raw,unclassified_source,downloads/GSE240865/suppl/GSE240865_Mem_CD4_Tcells_CRTH2negCCR6pos_filarial_features.tsv.gz,data/datasets/GSE240865/raw/legacy_source/suppl/GSE240865_Mem_CD4_Tcells_CRTH2negCCR6pos_filarial_features.tsv.gz,334685,1770825394795600483,inode_preserved_by_same_filesystem_rename,
GSE240865,raw,unclassified_source,downloads/GSE240865/suppl/GSE240865_Mem_CD4_Tcells_CRTH2negCCR6pos_filarial_matrix.mtx.gz,data/datasets/GSE240865/raw/legacy_source/suppl/GSE240865_Mem_CD4_Tcells_CRTH2negCCR6pos_filarial_matrix.mtx.gz,29129093,1770825399702618413,inode_preserved_by_same_filesystem_rename,
GSE240865,raw,tcr_source,downloads/GSE240865/suppl/GSE240865_Mem_CD4_Tcells_CRTH2posCCR6neg_control_all_contig_annotations.csv.gz,data/datasets/GSE240865/raw/legacy_source/suppl/GSE240865_Mem_CD4_Tcells_CRTH2posCCR6neg_control_all_contig_annotations.csv.gz,485547,1770825401451624812,inode_preserved_by_same_filesystem_rename,
GSE240865,raw,unclassified_source,downloads/GSE240865/suppl/GSE240865_Mem_CD4_Tcells_CRTH2posCCR6neg_control_barcodes.tsv.gz,data/datasets/GSE240865/raw/legacy_source/suppl/GSE240865_Mem_CD4_Tcells_CRTH2posCCR6neg_control_barcodes.tsv.gz,20715,1770825402328628025,inode_preserved_by_same_filesystem_rename,
GSE240865,raw,unclassified_source,downloads/GSE240865/suppl/GSE240865_Mem_CD4_Tcells_CRTH2posCCR6neg_control_consensus.fasta.gz,data/datasets/GSE240865/raw/legacy_source/suppl/GSE240865_Mem_CD4_Tcells_CRTH2posCCR6neg_control_consensus.fasta.gz,127429,1770825403634632799,inode_preserved_by_same_filesystem_rename,
GSE240865,raw,unclassified_source,downloads/GSE240865/suppl/GSE240865_Mem_CD4_Tcells_CRTH2posCCR6neg_control_feature_reference.csv.gz,data/datasets/GSE240865/raw/legacy_source/suppl/GSE240865_Mem_CD4_Tcells_CRTH2posCCR6neg_control_feature_reference.csv.gz,2099,1770825404293635210,inode_preserved_by_same_filesystem_rename,
GSE240865,raw,unclassified_source,downloads/GSE240865/suppl/GSE240865_Mem_CD4_Tcells_CRTH2posCCR6neg_control_features.tsv.gz,data/datasets/GSE240865/raw/legacy_source/suppl/GSE240865_Mem_CD4_Tcells_CRTH2posCCR6neg_control_features.tsv.gz,334685,1770825405821640808,inode_preserved_by_same_filesystem_rename,
GSE240865,raw,unclassified_source,downloads/GSE240865/suppl/GSE240865_Mem_CD4_Tcells_CRTH2posCCR6neg_control_matrix.mtx.gz,data/datasets/GSE240865/raw/legacy_source/suppl/GSE240865_Mem_CD4_Tcells_CRTH2posCCR6neg_control_matrix.mtx.gz,12554179,1770825409100652819,inode_preserved_by_same_filesystem_rename,
GSE240865,raw,tcr_source,downloads/GSE240865/suppl/GSE240865_Mem_CD4_Tcells_CRTH2posCCR6neg_filarial_all_contig_annotations.csv.gz,data/datasets/GSE240865/raw/legacy_source/suppl/GSE240865_Mem_CD4_Tcells_CRTH2posCCR6neg_filarial_all_contig_annotations.csv.gz,717585,1770825410866659296,inode_preserved_by_same_filesystem_rename,
GSE240865,raw,unclassified_source,downloads/GSE240865/suppl/GSE240865_Mem_CD4_Tcells_CRTH2posCCR6neg_filarial_barcodes.tsv.gz,data/datasets/GSE240865/raw/legacy_source/suppl/GSE240865_Mem_CD4_Tcells_CRTH2posCCR6neg_filarial_barcodes.tsv.gz,38818,1770825411744662515,inode_preserved_by_same_filesystem_rename,
GSE240865,raw,unclassified_source,downloads/GSE240865/suppl/GSE240865_Mem_CD4_Tcells_CRTH2posCCR6neg_filarial_consensus.fasta.gz,data/datasets/GSE240865/raw/legacy_source/suppl/GSE240865_Mem_CD4_Tcells_CRTH2posCCR6neg_filarial_consensus.fasta.gz,702094,1770825413486668905,inode_preserved_by_same_filesystem_rename,
GSE240865,raw,unclassified_source,downloads/GSE240865/suppl/GSE240865_Mem_CD4_Tcells_CRTH2posCCR6neg_filarial_feature_reference.csv.gz,data/datasets/GSE240865/raw/legacy_source/suppl/GSE240865_Mem_CD4_Tcells_CRTH2posCCR6neg_filarial_feature_reference.csv.gz,2100,1770825414148671332,inode_preserved_by_same_filesystem_rename,
GSE240865,raw,unclassified_source,downloads/GSE240865/suppl/GSE240865_Mem_CD4_Tcells_CRTH2posCCR6neg_filarial_features.tsv.gz,data/datasets/GSE240865/raw/legacy_source/suppl/GSE240865_Mem_CD4_Tcells_CRTH2posCCR6neg_filarial_features.tsv.gz,334685,1770825415671676924,inode_preserved_by_same_filesystem_rename,
GSE240865,raw,unclassified_source,downloads/GSE240865/suppl/GSE240865_Mem_CD4_Tcells_CRTH2posCCR6neg_filarial_matrix.mtx.gz,data/datasets/GSE240865/raw/legacy_source/suppl/GSE240865_Mem_CD4_Tcells_CRTH2posCCR6neg_filarial_matrix.mtx.gz,37767316,1770825420763695628,inode_preserved_by_same_filesystem_rename,
GSE240865,raw,tcr_source,downloads/GSE240865/suppl/GSE240865_Mem_CD4_Tcells_CRTH2posCCR6pos_control_all_contig_annotations.csv.gz,data/datasets/GSE240865/raw/legacy_source/suppl/GSE240865_Mem_CD4_Tcells_CRTH2posCCR6pos_control_all_contig_annotations.csv.gz,104904,1770825422085700486,inode_preserved_by_same_filesystem_rename,
GSE240865,raw,unclassified_source,downloads/GSE240865/suppl/GSE240865_Mem_CD4_Tcells_CRTH2posCCR6pos_control_barcodes.tsv.gz,data/datasets/GSE240865/raw/legacy_source/suppl/GSE240865_Mem_CD4_Tcells_CRTH2posCCR6pos_control_barcodes.tsv.gz,10962,1770825422955703686,inode_preserved_by_same_filesystem_rename,
GSE240865,raw,unclassified_source,downloads/GSE240865/suppl/GSE240865_Mem_CD4_Tcells_CRTH2posCCR6pos_control_consensus.fasta.gz,data/datasets/GSE240865/raw/legacy_source/suppl/GSE240865_Mem_CD4_Tcells_CRTH2posCCR6pos_control_consensus.fasta.gz,80560,1770825424047707702,inode_preserved_by_same_filesystem_rename,
GSE240865,raw,unclassified_source,downloads/GSE240865/suppl/GSE240865_Mem_CD4_Tcells_CRTH2posCCR6pos_control_feature_reference.csv.gz,data/datasets/GSE240865/raw/legacy_source/suppl/GSE240865_Mem_CD4_Tcells_CRTH2posCCR6pos_control_feature_reference.csv.gz,2099,1770825424707710133,inode_preserved_by_same_filesystem_rename,
GSE240865,raw,unclassified_source,downloads/GSE240865/suppl/GSE240865_Mem_CD4_Tcells_CRTH2posCCR6pos_control_features.tsv.gz,data/datasets/GSE240865/raw/legacy_source/suppl/GSE240865_Mem_CD4_Tcells_CRTH2posCCR6pos_control_features.tsv.gz,1483526,1770825426670717358,inode_preserved_by_same_filesystem_rename,
GSE240865,raw,unclassified_source,downloads/GSE240865/suppl/GSE240865_Mem_CD4_Tcells_CRTH2posCCR6pos_control_matrix.mtx.gz,data/datasets/GSE240865/raw/legacy_source/suppl/GSE240865_Mem_CD4_Tcells_CRTH2posCCR6pos_control_matrix.mtx.gz,9823971,1770825429531727893,inode_preserved_by_same_filesystem_rename,
GSE240865,raw,tcr_source,downloads/GSE240865/suppl/GSE240865_Mem_CD4_Tcells_CRTH2posCCR6pos_filarial_all_contig_annotations.csv.gz,data/datasets/GSE240865/raw/legacy_source/suppl/GSE240865_Mem_CD4_Tcells_CRTH2posCCR6pos_filarial_all_contig_annotations.csv.gz,209281,1770825430891732906,inode_preserved_by_same_filesystem_rename,
GSE240865,raw,unclassified_source,downloads/GSE240865/suppl/GSE240865_Mem_CD4_Tcells_CRTH2posCCR6pos_filarial_barcodes.tsv.gz,data/datasets/GSE240865/raw/legacy_source/suppl/GSE240865_Mem_CD4_Tcells_CRTH2posCCR6pos_filarial_barcodes.tsv.gz,30327,1770825431766736129,inode_preserved_by_same_filesystem_rename,
GSE240865,raw,unclassified_source,downloads/GSE240865/suppl/GSE240865_Mem_CD4_Tcells_CRTH2posCCR6pos_filarial_consensus.fasta.gz,data/datasets/GSE240865/raw/legacy_source/suppl/GSE240865_Mem_CD4_Tcells_CRTH2posCCR6pos_filarial_consensus.fasta.gz,231034,1770825433285741731,inode_preserved_by_same_filesystem_rename,
GSE240865,raw,unclassified_source,downloads/GSE240865/suppl/GSE240865_Mem_CD4_Tcells_CRTH2posCCR6pos_filarial_feature_reference.csv.gz,data/datasets/GSE240865/raw/legacy_source/suppl/GSE240865_Mem_CD4_Tcells_CRTH2posCCR6pos_filarial_feature_reference.csv.gz,2100,1770825433947744170,inode_preserved_by_same_filesystem_rename,
GSE240865,raw,unclassified_source,downloads/GSE240865/suppl/GSE240865_Mem_CD4_Tcells_CRTH2posCCR6pos_filarial_features.tsv.gz,data/datasets/GSE240865/raw/legacy_source/suppl/GSE240865_Mem_CD4_Tcells_CRTH2posCCR6pos_filarial_features.tsv.gz,334685,1770825435469749783,inode_preserved_by_same_filesystem_rename,
GSE240865,raw,unclassified_source,downloads/GSE240865/suppl/GSE240865_Mem_CD4_Tcells_CRTH2posCCR6pos_filarial_matrix.mtx.gz,data/datasets/GSE240865/raw/legacy_source/suppl/GSE240865_Mem_CD4_Tcells_CRTH2posCCR6pos_filarial_matrix.mtx.gz,25086390,1770825439664765266,inode_preserved_by_same_filesystem_rename,
GSE241783,processed,standardized_h5ad,downloads/per_gse_h5ad_with_metadata/GSE241783_with_tcr.h5ad,data/datasets/GSE241783/processed/artifacts/GSE241783_with_tcr.h5ad,3656812368,1773939523022380924,inode_preserved_by_same_filesystem_rename,
GSE241783,raw,geo_series_matrix,downloads/GSE241783/matrix/GSE241783_series_matrix.txt.gz,data/datasets/GSE241783/raw/legacy_source/matrix/GSE241783_series_matrix.txt.gz,3290,1770826787374722739,inode_preserved_by_same_filesystem_rename,
GSE241783,raw,supplementary_archive,downloads/GSE241783/suppl/GSE241783_RAW.tar,data/datasets/GSE241783/raw/legacy_source/suppl/GSE241783_RAW.tar,6484500480,1770827259283674109,inode_preserved_by_same_filesystem_rename,
GSE241783,raw,unclassified_source,downloads/GSE241783/suppl/filelist.txt,data/datasets/GSE241783/raw/legacy_source/suppl/filelist.txt,3723,1770827259978789291,inode_preserved_by_same_filesystem_rename,
GSE243013,processed,standardized_h5ad,downloads/per_gse_h5ad_with_metadata/GSE243013_TNK.h5ad,data/datasets/GSE243013/processed/artifacts/GSE243013_TNK.h5ad,13628747457,1773920850989008250,inode_preserved_by_same_filesystem_rename,
GSE243572,processed,standardized_h5ad,analysis_26GSE_V4/scanpy_projects/GSE243572/outputs/GSE243572_scanpy_processed.h5ad,data/datasets/GSE243572/interim/scanpy_project/outputs/GSE243572_scanpy_processed.h5ad,2146674459,1774466631836817084,inode_preserved_by_same_filesystem_rename,
GSE243572,raw,geo_series_matrix,downloads/GSE243572/matrix/GSE243572_series_matrix.txt.gz,data/datasets/GSE243572/raw/legacy_source/matrix/GSE243572_series_matrix.txt.gz,5535,1770826714391673238,inode_preserved_by_same_filesystem_rename,
GSE243572,raw,supplementary_archive,downloads/GSE243572/suppl/GSE243572_RAW.tar,data/datasets/GSE243572/raw/legacy_source/suppl/GSE243572_RAW.tar,577495040,1770826757508106651,inode_preserved_by_same_filesystem_rename,
GSE243572,raw,unclassified_source,downloads/GSE243572/suppl/filelist.txt,data/datasets/GSE243572/raw/legacy_source/suppl/filelist.txt,2760,1770826758198113514,inode_preserved_by_same_filesystem_rename,
GSE243905,interim,legacy_derived_or_analysis,downloads/GSE243905/suppl/GSE243905_gex_aggr_filtered_feature_bc_matrix.h5,data/datasets/GSE243905/raw/legacy_source/suppl/GSE243905_gex_aggr_filtered_feature_bc_matrix.h5,1060286946,1770826276459577629,inode_preserved_by_same_filesystem_rename,
GSE243905,processed,standardized_h5ad,analysis_26GSE_V4/scanpy_projects/GSE243905/outputs/GSE243905_scanpy_processed.h5ad,data/datasets/GSE243905/interim/scanpy_project/outputs/GSE243905_scanpy_processed.h5ad,5007726803,1774466706188212659,inode_preserved_by_same_filesystem_rename,
GSE243905,raw,geo_series_matrix,downloads/GSE243905/matrix/GSE243905_series_matrix.txt.gz,data/datasets/GSE243905/raw/legacy_source/matrix/GSE243905_series_matrix.txt.gz,7246,1770825441012770246,inode_preserved_by_same_filesystem_rename,
GSE243905,raw,supplementary_archive,downloads/GSE243905/suppl/GSE243905_RAW.tar,data/datasets/GSE243905/raw/legacy_source/suppl/GSE243905_RAW.tar,1092249600,1770826210624655749,inode_preserved_by_same_filesystem_rename,
GSE243905,raw,supplementary_archive,downloads/GSE243905/suppl/GSE243905_gex_aggr_seurat.rds.gz,data/datasets/GSE243905/raw/legacy_source/suppl/GSE243905_gex_aggr_seurat.rds.gz,3374202518,1770826475261077358,inode_preserved_by_same_filesystem_rename,
GSE243905,raw,unclassified_source,downloads/GSE243905/suppl/GSE243905_gex_aggregation.csv.gz,data/datasets/GSE243905/raw/legacy_source/suppl/GSE243905_gex_aggregation.csv.gz,458,1770826475975344013,inode_preserved_by_same_filesystem_rename,
GSE243905,raw,tcr_source,downloads/GSE243905/suppl/GSE243905_tcr_aggr.tar.gz,data/datasets/GSE243905/raw/legacy_source/suppl/GSE243905_tcr_aggr.tar.gz,141157941,1770826492457276916,inode_preserved_by_same_filesystem_rename,
GSE243905,raw,unclassified_source,downloads/GSE243905/suppl/filelist.txt,data/datasets/GSE243905/raw/legacy_source/suppl/filelist.txt,6698,1770826493159432369,inode_preserved_by_same_filesystem_rename,
GSE247531,raw,geo_series_matrix,downloads/GSE247531/matrix/GSE247531_series_matrix.txt.gz,data/datasets/GSE247531/raw/legacy_source/matrix/GSE247531_series_matrix.txt.gz,8095,1770835406530609055,inode_preserved_by_same_filesystem_rename,
GSE247531,raw,tcr_source,downloads/GSE247531/suppl/GSE247531_BCR_filtered_contig_annotations.csv.gz,data/datasets/GSE247531/raw/legacy_source/suppl/GSE247531_BCR_filtered_contig_annotations.csv.gz,21634864,1770835411140127161,inode_preserved_by_same_filesystem_rename,
GSE247531,raw,supplementary_archive,downloads/GSE247531/suppl/GSE247531_BMcounts.Rdata.gz,data/datasets/GSE247531/raw/legacy_source/suppl/GSE247531_BMcounts.Rdata.gz,1821662122,1770835531284780592,inode_preserved_by_same_filesystem_rename,
GSE247531,raw,supplementary_archive,downloads/GSE247531/suppl/GSE247531_CD34counts.Rdata.gz,data/datasets/GSE247531/raw/legacy_source/suppl/GSE247531_CD34counts.Rdata.gz,1584795417,1770835644109396938,inode_preserved_by_same_filesystem_rename,
GSE247531,raw,tcr_source,downloads/GSE247531/suppl/GSE247531_TCR_filtered_contig_annotations.csv.gz,data/datasets/GSE247531/raw/legacy_source/suppl/GSE247531_TCR_filtered_contig_annotations.csv.gz,97908610,1770835652228441377,inode_preserved_by_same_filesystem_rename,
GSE252762,processed,standardized_h5ad,analysis_26GSE_V4/scanpy_projects/GSE252762/outputs/GSE252762_scanpy_processed.h5ad,data/datasets/GSE252762/interim/scanpy_project/outputs/GSE252762_scanpy_processed.h5ad,590225086,1773951296474990425,inode_preserved_by_same_filesystem_rename,
GSE252762,raw,geo_series_matrix,downloads/GSE252762/matrix/GSE252762-GPL18573_series_matrix.txt.gz,data/datasets/GSE252762/raw/legacy_source/matrix/GSE252762-GPL18573_series_matrix.txt.gz,2930,1770826531607722905,inode_preserved_by_same_filesystem_rename,
GSE252762,raw,geo_series_matrix,downloads/GSE252762/matrix/GSE252762-GPL24676_series_matrix.txt.gz,data/datasets/GSE252762/raw/legacy_source/matrix/GSE252762-GPL24676_series_matrix.txt.gz,2524,1770826532267730327,inode_preserved_by_same_filesystem_rename,
GSE252762,raw,unclassified_source,downloads/GSE252762/suppl/GSE252762_batch1_cite_barcodes.tsv.gz,data/datasets/GSE252762/raw/legacy_source/suppl/GSE252762_batch1_cite_barcodes.tsv.gz,20552,1770826533938749108,inode_preserved_by_same_filesystem_rename,
GSE252762,raw,unclassified_source,downloads/GSE252762/suppl/GSE252762_batch1_cite_features.tsv.gz,data/datasets/GSE252762/raw/legacy_source/suppl/GSE252762_batch1_cite_features.tsv.gz,1257,1770826534632756901,inode_preserved_by_same_filesystem_rename,
GSE252762,raw,unclassified_source,downloads/GSE252762/suppl/GSE252762_batch1_cite_matrix.mtx.gz,data/datasets/GSE252762/raw/legacy_source/suppl/GSE252762_batch1_cite_matrix.mtx.gz,1797642,1770826536603779016,inode_preserved_by_same_filesystem_rename,
GSE252762,raw,source_metadata,downloads/GSE252762/suppl/GSE252762_batch1_metadata.csv.gz,data/datasets/GSE252762/raw/legacy_source/suppl/GSE252762_batch1_metadata.csv.gz,454098,1770826538339798473,inode_preserved_by_same_filesystem_rename,
GSE252762,raw,unclassified_source,downloads/GSE252762/suppl/GSE252762_batch1_rna_barcodes.tsv.gz,data/datasets/GSE252762/raw/legacy_source/suppl/GSE252762_batch1_rna_barcodes.tsv.gz,20552,1770826539216808293,inode_preserved_by_same_filesystem_rename,
GSE252762,raw,unclassified_source,downloads/GSE252762/suppl/GSE252762_batch1_rna_features.tsv.gz,data/datasets/GSE252762/raw/legacy_source/suppl/GSE252762_batch1_rna_features.tsv.gz,252981,1770826540735825293,inode_preserved_by_same_filesystem_rename,
GSE252762,raw,unclassified_source,downloads/GSE252762/suppl/GSE252762_batch1_rna_matrix.mtx.gz,data/datasets/GSE252762/raw/legacy_source/suppl/GSE252762_batch1_rna_matrix.mtx.gz,25037581,1770826544937872233,inode_preserved_by_same_filesystem_rename,
GSE252762,raw,unclassified_source,downloads/GSE252762/suppl/GSE252762_batch2_cite_barcodes.tsv.gz,data/datasets/GSE252762/raw/legacy_source/suppl/GSE252762_batch2_cite_barcodes.tsv.gz,2758,1770826545635289945,inode_preserved_by_same_filesystem_rename,
GSE252762,raw,unclassified_source,downloads/GSE252762/suppl/GSE252762_batch2_cite_features.tsv.gz,data/datasets/GSE252762/raw/legacy_source/suppl/GSE252762_batch2_cite_features.tsv.gz,1257,1770826546293646839,inode_preserved_by_same_filesystem_rename,
GSE252762,raw,unclassified_source,downloads/GSE252762/suppl/GSE252762_batch2_cite_matrix.mtx.gz,data/datasets/GSE252762/raw/legacy_source/suppl/GSE252762_batch2_cite_matrix.mtx.gz,192178,1770826547599901902,inode_preserved_by_same_filesystem_rename,
GSE252762,raw,source_metadata,downloads/GSE252762/suppl/GSE252762_batch2_metadata.csv.gz,data/datasets/GSE252762/raw/legacy_source/suppl/GSE252762_batch2_metadata.csv.gz,41814,1770826548684913981,inode_preserved_by_same_filesystem_rename,
GSE252762,raw,unclassified_source,downloads/GSE252762/suppl/GSE252762_batch2_rna_barcodes.tsv.gz,data/datasets/GSE252762/raw/legacy_source/suppl/GSE252762_batch2_rna_barcodes.tsv.gz,2758,1770826549343664108,inode_preserved_by_same_filesystem_rename,
GSE252762,raw,unclassified_source,downloads/GSE252762/suppl/GSE252762_batch2_rna_features.tsv.gz,data/datasets/GSE252762/raw/legacy_source/suppl/GSE252762_batch2_rna_features.tsv.gz,252981,1770826550861938192,inode_preserved_by_same_filesystem_rename,
GSE252762,raw,unclassified_source,downloads/GSE252762/suppl/GSE252762_batch2_rna_matrix.mtx.gz,data/datasets/GSE252762/raw/legacy_source/suppl/GSE252762_batch2_rna_matrix.mtx.gz,2298154,1770826553035962340,inode_preserved_by_same_filesystem_rename,
GSE252762,raw,unclassified_source,downloads/GSE252762/suppl/GSE252762_batch3_cite_barcodes.tsv.gz,data/datasets/GSE252762/raw/legacy_source/suppl/GSE252762_batch3_cite_barcodes.tsv.gz,24577,1770826553910972048,inode_preserved_by_same_filesystem_rename,
GSE252762,raw,unclassified_source,downloads/GSE252762/suppl/GSE252762_batch3_cite_features.tsv.gz,data/datasets/GSE252762/raw/legacy_source/suppl/GSE252762_batch3_cite_features.tsv.gz,1257,1770826554568979347,inode_preserved_by_same_filesystem_rename,
GSE252762,raw,unclassified_source,downloads/GSE252762/suppl/GSE252762_batch3_cite_matrix.mtx.gz,data/datasets/GSE252762/raw/legacy_source/suppl/GSE252762_batch3_cite_matrix.mtx.gz,2282678,1770826556751003527,inode_preserved_by_same_filesystem_rename,
GSE252762,raw,source_metadata,downloads/GSE252762/suppl/GSE252762_batch3_metadata.csv.gz,data/datasets/GSE252762/raw/legacy_source/suppl/GSE252762_batch3_metadata.csv.gz,475924,1770826558502022908,inode_preserved_by_same_filesystem_rename,
GSE252762,raw,unclassified_source,downloads/GSE252762/suppl/GSE252762_batch3_rna_barcodes.tsv.gz,data/datasets/GSE252762/raw/legacy_source/suppl/GSE252762_batch3_rna_barcodes.tsv.gz,24577,1770826559376032577,inode_preserved_by_same_filesystem_rename,
GSE252762,raw,unclassified_source,downloads/GSE252762/suppl/GSE252762_batch3_rna_features.tsv.gz,data/datasets/GSE252762/raw/legacy_source/suppl/GSE252762_batch3_rna_features.tsv.gz,252981,1770826560895049364,inode_preserved_by_same_filesystem_rename,
GSE252762,raw,unclassified_source,downloads/GSE252762/suppl/GSE252762_batch3_rna_matrix.mtx.gz,data/datasets/GSE252762/raw/legacy_source/suppl/GSE252762_batch3_rna_matrix.mtx.gz,21764331,1770826564629090566,inode_preserved_by_same_filesystem_rename,
GSE252762,raw,unclassified_source,downloads/GSE252762/suppl/GSE252762_batch4_cite_barcodes.tsv.gz,data/datasets/GSE252762/raw/legacy_source/suppl/GSE252762_batch4_cite_barcodes.tsv.gz,15701,1770826565552100736,inode_preserved_by_same_filesystem_rename,
GSE252762,raw,unclassified_source,downloads/GSE252762/suppl/GSE252762_batch4_cite_features.tsv.gz,data/datasets/GSE252762/raw/legacy_source/suppl/GSE252762_batch4_cite_features.tsv.gz,1257,1770826566210895110,inode_preserved_by_same_filesystem_rename,
GSE252762,raw,unclassified_source,downloads/GSE252762/suppl/GSE252762_batch4_cite_matrix.mtx.gz,data/datasets/GSE252762/raw/legacy_source/suppl/GSE252762_batch4_cite_matrix.mtx.gz,1343388,1770826568181129673,inode_preserved_by_same_filesystem_rename,
GSE252762,raw,source_metadata,downloads/GSE252762/suppl/GSE252762_batch4_metadata.csv.gz,data/datasets/GSE252762/raw/legacy_source/suppl/GSE252762_batch4_metadata.csv.gz,334452,1770826569707146447,inode_preserved_by_same_filesystem_rename,
GSE252762,raw,unclassified_source,downloads/GSE252762/suppl/GSE252762_batch4_rna_barcodes.tsv.gz,data/datasets/GSE252762/raw/legacy_source/suppl/GSE252762_batch4_rna_barcodes.tsv.gz,15701,1770826570579156029,inode_preserved_by_same_filesystem_rename,
GSE252762,raw,unclassified_source,downloads/GSE252762/suppl/GSE252762_batch4_rna_features.tsv.gz,data/datasets/GSE252762/raw/legacy_source/suppl/GSE252762_batch4_rna_features.tsv.gz,252981,1770826572098172712,inode_preserved_by_same_filesystem_rename,
GSE252762,raw,unclassified_source,downloads/GSE252762/suppl/GSE252762_batch4_rna_matrix.mtx.gz,data/datasets/GSE252762/raw/legacy_source/suppl/GSE252762_batch4_rna_matrix.mtx.gz,22264316,1770826575838213696,inode_preserved_by_same_filesystem_rename,
GSE252762,raw,unclassified_source,downloads/GSE252762/suppl/GSE252762_batch5_cite_barcodes.tsv.gz,data/datasets/GSE252762/raw/legacy_source/suppl/GSE252762_batch5_cite_barcodes.tsv.gz,14548,1770826576729223442,inode_preserved_by_same_filesystem_rename,
GSE252762,raw,unclassified_source,downloads/GSE252762/suppl/GSE252762_batch5_cite_features.tsv.gz,data/datasets/GSE252762/raw/legacy_source/suppl/GSE252762_batch5_cite_features.tsv.gz,1257,1770826577388230652,inode_preserved_by_same_filesystem_rename,
GSE252762,raw,unclassified_source,downloads/GSE252762/suppl/GSE252762_batch5_cite_matrix.mtx.gz,data/datasets/GSE252762/raw/legacy_source/suppl/GSE252762_batch5_cite_matrix.mtx.gz,1151493,1770826579342252013,inode_preserved_by_same_filesystem_rename,
GSE252762,raw,source_metadata,downloads/GSE252762/suppl/GSE252762_batch5_metadata.csv.gz,data/datasets/GSE252762/raw/legacy_source/suppl/GSE252762_batch5_metadata.csv.gz,243691,1770826580863268623,inode_preserved_by_same_filesystem_rename,
GSE252762,raw,unclassified_source,downloads/GSE252762/suppl/GSE252762_batch5_rna_barcodes.tsv.gz,data/datasets/GSE252762/raw/legacy_source/suppl/GSE252762_batch5_rna_barcodes.tsv.gz,14548,1770826581735278136,inode_preserved_by_same_filesystem_rename,
GSE252762,raw,unclassified_source,downloads/GSE252762/suppl/GSE252762_batch5_rna_features.tsv.gz,data/datasets/GSE252762/raw/legacy_source/suppl/GSE252762_batch5_rna_features.tsv.gz,252981,1770826583254294701,inode_preserved_by_same_filesystem_rename,
GSE252762,raw,unclassified_source,downloads/GSE252762/suppl/GSE252762_batch5_rna_matrix.mtx.gz,data/datasets/GSE252762/raw/legacy_source/suppl/GSE252762_batch5_rna_matrix.mtx.gz,13302986,1770826586331328210,inode_preserved_by_same_filesystem_rename,
GSE252762,raw,unclassified_source,downloads/GSE252762/suppl/GSE252762_batch6_cite_barcodes.tsv.gz,data/datasets/GSE252762/raw/legacy_source/suppl/GSE252762_batch6_cite_barcodes.tsv.gz,62145,1770826587426340120,inode_preserved_by_same_filesystem_rename,
GSE252762,raw,unclassified_source,downloads/GSE252762/suppl/GSE252762_batch6_cite_features.tsv.gz,data/datasets/GSE252762/raw/legacy_source/suppl/GSE252762_batch6_cite_features.tsv.gz,1257,1770826588088347319,inode_preserved_by_same_filesystem_rename,
GSE252762,raw,unclassified_source,downloads/GSE252762/suppl/GSE252762_batch6_cite_matrix.mtx.gz,data/datasets/GSE252762/raw/legacy_source/suppl/GSE252762_batch6_cite_matrix.mtx.gz,4952984,1770826590500373514,inode_preserved_by_same_filesystem_rename,
GSE252762,raw,source_metadata,downloads/GSE252762/suppl/GSE252762_batch6_metadata.csv.gz,data/datasets/GSE252762/raw/legacy_source/suppl/GSE252762_batch6_metadata.csv.gz,1251651,1770826592460394774,inode_preserved_by_same_filesystem_rename,
GSE252762,raw,unclassified_source,downloads/GSE252762/suppl/GSE252762_batch6_rna_barcodes.tsv.gz,data/datasets/GSE252762/raw/legacy_source/suppl/GSE252762_batch6_rna_barcodes.tsv.gz,62145,1770826593553406620,inode_preserved_by_same_filesystem_rename,
GSE252762,raw,unclassified_source,downloads/GSE252762/suppl/GSE252762_batch6_rna_features.tsv.gz,data/datasets/GSE252762/raw/legacy_source/suppl/GSE252762_batch6_rna_features.tsv.gz,252981,1770826595074423094,inode_preserved_by_same_filesystem_rename,
GSE252762,raw,unclassified_source,downloads/GSE252762/suppl/GSE252762_batch6_rna_matrix.mtx.gz,data/datasets/GSE252762/raw/legacy_source/suppl/GSE252762_batch6_rna_matrix.mtx.gz,89728625,1770826610828592854,inode_preserved_by_same_filesystem_rename,
GSE252762,raw,source_metadata,downloads/GSE252762/suppl/GSE252762_batch7_metadata.csv.gz,data/datasets/GSE252762/raw/legacy_source/suppl/GSE252762_batch7_metadata.csv.gz,153081,1770826612161607146,inode_preserved_by_same_filesystem_rename,
GSE252762,raw,unclassified_source,downloads/GSE252762/suppl/GSE252762_batch7_rna_barcodes.tsv.gz,data/datasets/GSE252762/raw/legacy_source/suppl/GSE252762_batch7_rna_barcodes.tsv.gz,9085,1770826612819614201,inode_preserved_by_same_filesystem_rename,
GSE252762,raw,unclassified_source,downloads/GSE252762/suppl/GSE252762_batch7_rna_features.tsv.gz,data/datasets/GSE252762/raw/legacy_source/suppl/GSE252762_batch7_rna_features.tsv.gz,252981,1770826614337630459,inode_preserved_by_same_filesystem_rename,
GSE252762,raw,unclassified_source,downloads/GSE252762/suppl/GSE252762_batch7_rna_matrix.mtx.gz,data/datasets/GSE252762/raw/legacy_source/suppl/GSE252762_batch7_rna_matrix.mtx.gz,14273104,1770826618263672445,inode_preserved_by_same_filesystem_rename,
GSE252762,raw,source_metadata,downloads/GSE252762/suppl/GSE252762_batch8_metadata.csv.gz,data/datasets/GSE252762/raw/legacy_source/suppl/GSE252762_batch8_metadata.csv.gz,225706,1770826619815689015,inode_preserved_by_same_filesystem_rename,
GSE252762,raw,unclassified_source,downloads/GSE252762/suppl/GSE252762_batch8_rna_barcodes.tsv.gz,data/datasets/GSE252762/raw/legacy_source/suppl/GSE252762_batch8_rna_barcodes.tsv.gz,15830,1770826620686698311,inode_preserved_by_same_filesystem_rename,
GSE252762,raw,unclassified_source,downloads/GSE252762/suppl/GSE252762_batch8_rna_features.tsv.gz,data/datasets/GSE252762/raw/legacy_source/suppl/GSE252762_batch8_rna_features.tsv.gz,252981,1770826622203714488,inode_preserved_by_same_filesystem_rename,
GSE252762,raw,unclassified_source,downloads/GSE252762/suppl/GSE252762_batch8_rna_matrix.mtx.gz,data/datasets/GSE252762/raw/legacy_source/suppl/GSE252762_batch8_rna_matrix.mtx.gz,11860866,1770826625907753932,inode_preserved_by_same_filesystem_rename,
GSE252762,raw,source_metadata,downloads/GSE252762/suppl/GSE252762_batch9_metadata.csv.gz,data/datasets/GSE252762/raw/legacy_source/suppl/GSE252762_batch9_metadata.csv.gz,868046,1770826627676772734,inode_preserved_by_same_filesystem_rename,
GSE252762,raw,unclassified_source,downloads/GSE252762/suppl/GSE252762_batch9_rna_barcodes.tsv.gz,data/datasets/GSE252762/raw/legacy_source/suppl/GSE252762_batch9_rna_barcodes.tsv.gz,48548,1770826628764784298,inode_preserved_by_same_filesystem_rename,
GSE252762,raw,unclassified_source,downloads/GSE252762/suppl/GSE252762_batch9_rna_features.tsv.gz,data/datasets/GSE252762/raw/legacy_source/suppl/GSE252762_batch9_rna_features.tsv.gz,252981,1770826630283800418,inode_preserved_by_same_filesystem_rename,
GSE252762,raw,unclassified_source,downloads/GSE252762/suppl/GSE252762_batch9_rna_matrix.mtx.gz,data/datasets/GSE252762/raw/legacy_source/suppl/GSE252762_batch9_rna_matrix.mtx.gz,47329136,1770826637112872743,inode_preserved_by_same_filesystem_rename,
GSE252762,raw,supplementary_archive,downloads/GSE252762/suppl/GSE252762_kornberg_han_celiac_dataset_fig1-2.RDS.gz,data/datasets/GSE252762/raw/legacy_source/suppl/GSE252762_kornberg_han_celiac_dataset_fig1-2.RDS.gz,358898172,1770826660410117474,inode_preserved_by_same_filesystem_rename,
GSE252762,raw,supplementary_archive,downloads/GSE252762/suppl/GSE252762_kornberg_han_celiac_dataset_fig3-4.RDS.gz,data/datasets/GSE252762/raw/legacy_source/suppl/GSE252762_kornberg_han_celiac_dataset_fig3-4.RDS.gz,231724175,1770826688579409393,inode_preserved_by_same_filesystem_rename,
GSE252762,raw,supplementary_archive,downloads/GSE252762/suppl/GSE252762_kornberg_han_celiac_dataset_fig5.RDS.gz,data/datasets/GSE252762/raw/legacy_source/suppl/GSE252762_kornberg_han_celiac_dataset_fig5.RDS.gz,51687751,1770826696546491194,inode_preserved_by_same_filesystem_rename,
GSE252762,raw,supplementary_archive,downloads/GSE252762/suppl/GSE252762_kornberg_han_celiac_dataset_sup_fig6.RDS.gz,data/datasets/GSE252762/raw/legacy_source/suppl/GSE252762_kornberg_han_celiac_dataset_sup_fig6.RDS.gz,237844962,1770826712983658934,inode_preserved_by_same_filesystem_rename,
GSE253173,raw,geo_series_matrix,downloads/GSE253173/matrix/GSE253173_series_matrix.txt.gz,data/datasets/GSE253173/raw/legacy_source/matrix/GSE253173_series_matrix.txt.gz,6117,1770836181096298949,inode_preserved_by_same_filesystem_rename,
GSE253173,raw,unclassified_source,downloads/GSE253173/suppl/GSE253173_single_cell_DREAM.h5ad.gz,data/datasets/GSE253173/raw/legacy_source/suppl/GSE253173_single_cell_DREAM.h5ad.gz,1489982637,1770836281933215861,inode_preserved_by_same_filesystem_rename,
GSE254176,processed,standardized_h5ad,analysis_26GSE_V4/scanpy_projects/GSE254176/outputs/GSE254176_scanpy_processed.h5ad,data/datasets/GSE254176/interim/scanpy_project/outputs/GSE254176_scanpy_processed.h5ad,1429624107,1773951345585313229,inode_preserved_by_same_filesystem_rename,
GSE254176,raw,geo_series_matrix,downloads/GSE254176/matrix/GSE254176-GPL18573_series_matrix.txt.gz,data/datasets/GSE254176/raw/legacy_source/matrix/GSE254176-GPL18573_series_matrix.txt.gz,2812,1770823869383950622,inode_preserved_by_same_filesystem_rename,
GSE254176,raw,geo_series_matrix,downloads/GSE254176/matrix/GSE254176-GPL24676_series_matrix.txt.gz,data/datasets/GSE254176/raw/legacy_source/matrix/GSE254176-GPL24676_series_matrix.txt.gz,5152,1770823870041947027,inode_preserved_by_same_filesystem_rename,
GSE254176,raw,supplementary_archive,downloads/GSE254176/suppl/GSE254176_RAW.tar,data/datasets/GSE254176/raw/legacy_source/suppl/GSE254176_RAW.tar,767078400,1770823917047710830,inode_preserved_by_same_filesystem_rename,
GSE254176,raw,unclassified_source,downloads/GSE254176/suppl/filelist.txt,data/datasets/GSE254176/raw/legacy_source/suppl/filelist.txt,8269,1770823917971706577,inode_preserved_by_same_filesystem_rename,
GSE254249,processed,standardized_h5ad,analysis_26GSE_V4/scanpy_projects/GSE254249/outputs/GSE254249_scanpy_processed.h5ad,data/datasets/GSE254249/interim/scanpy_project/outputs/GSE254249_scanpy_processed.h5ad,8865526646,1774466810968770940,inode_preserved_by_same_filesystem_rename,
GSE254249,raw,geo_series_matrix,downloads/GSE254249/matrix/GSE254249-GPL30173_series_matrix.txt.gz,data/datasets/GSE254249/raw/legacy_source/matrix/GSE254249-GPL30173_series_matrix.txt.gz,3826,1770822757085368987,inode_preserved_by_same_filesystem_rename,
GSE254249,raw,geo_series_matrix,downloads/GSE254249/matrix/GSE254249-GPL30209_series_matrix.txt.gz,data/datasets/GSE254249/raw/legacy_source/matrix/GSE254249-GPL30209_series_matrix.txt.gz,7098,1770822757740466185,inode_preserved_by_same_filesystem_rename,
GSE254249,raw,tcr_source,downloads/GSE254249/suppl/GSE254249_10X_VDJ.merge.txt.gz,data/datasets/GSE254249/raw/legacy_source/suppl/GSE254249_10X_VDJ.merge.txt.gz,10411476,1770822761250486231,inode_preserved_by_same_filesystem_rename,
GSE254249,raw,unclassified_source,downloads/GSE254249/suppl/GSE254249_scRNA_barcodes.tsv.gz,data/datasets/GSE254249/raw/legacy_source/suppl/GSE254249_scRNA_barcodes.tsv.gz,3245073,1770822766388515590,inode_preserved_by_same_filesystem_rename,
GSE254249,raw,unclassified_source,downloads/GSE254249/suppl/GSE254249_scRNA_features.tsv.gz,data/datasets/GSE254249/raw/legacy_source/suppl/GSE254249_scRNA_features.tsv.gz,119839,1770822767694523053,inode_preserved_by_same_filesystem_rename,
GSE254249,raw,unclassified_source,downloads/GSE254249/suppl/GSE254249_scRNA_matrix.mtx.gz,data/datasets/GSE254249/raw/legacy_source/suppl/GSE254249_scRNA_matrix.mtx.gz,4329411285,1770823046946136339,inode_preserved_by_same_filesystem_rename,
GSE254249,raw,source_metadata,downloads/GSE254249/suppl/GSE254249_scRNA_metadata.tsv.gz,data/datasets/GSE254249/raw/legacy_source/suppl/GSE254249_scRNA_metadata.tsv.gz,4109718,1770823049542151471,inode_preserved_by_same_filesystem_rename,
GSE267639,raw,geo_series_matrix,downloads/GSE267639/matrix/GSE267639-GPL24676_series_matrix.txt.gz,data/datasets/GSE267639/raw/legacy_source/matrix/GSE267639-GPL24676_series_matrix.txt.gz,2579,1770824144367534063,inode_preserved_by_same_filesystem_rename,
GSE267639,raw,geo_series_matrix,downloads/GSE267639/matrix/GSE267639-GPL28038_series_matrix.txt.gz,data/datasets/GSE267639/raw/legacy_source/matrix/GSE267639-GPL28038_series_matrix.txt.gz,3149,1770824145065381044,inode_preserved_by_same_filesystem_rename,
GSE267639,raw,supplementary_archive,downloads/GSE267639/suppl/GSE267639_RAW.tar,data/datasets/GSE267639/raw/legacy_source/suppl/GSE267639_RAW.tar,9553920,1770824148767039595,inode_preserved_by_same_filesystem_rename,
GSE267639,raw,unclassified_source,downloads/GSE267639/suppl/filelist.txt,data/datasets/GSE267639/raw/legacy_source/suppl/filelist.txt,2743,1770824149465962139,inode_preserved_by_same_filesystem_rename,
GSE267642,raw,geo_series_matrix,downloads/GSE267642/matrix/GSE267642_series_matrix.txt.gz,data/datasets/GSE267642/raw/legacy_source/matrix/GSE267642_series_matrix.txt.gz,3395,1770824137978608189,inode_preserved_by_same_filesystem_rename,
GSE267642,raw,supplementary_archive,downloads/GSE267642/suppl/GSE267642_RAW.tar,data/datasets/GSE267642/raw/legacy_source/suppl/GSE267642_RAW.tar,8478720,1770824141714049908,inode_preserved_by_same_filesystem_rename,
GSE267642,raw,unclassified_source,downloads/GSE267642/suppl/filelist.txt,data/datasets/GSE267642/raw/legacy_source/suppl/filelist.txt,4044,1770824142610242535,inode_preserved_by_same_filesystem_rename,
GSE267645,processed,standardized_h5ad,analysis_26GSE_V4/scanpy_projects/GSE267645/outputs/GSE267645_scanpy_processed.h5ad,data/datasets/GSE267645/interim/scanpy_project/outputs/GSE267645_scanpy_processed.h5ad,1690948364,1773964642679290870,inode_preserved_by_same_filesystem_rename,
GSE267645,raw,geo_series_matrix,downloads/GSE267645/matrix/GSE267645-GPL24676_series_matrix.txt.gz,data/datasets/GSE267645/raw/legacy_source/matrix/GSE267645-GPL24676_series_matrix.txt.gz,2591,1770824073610524105,inode_preserved_by_same_filesystem_rename,
GSE267645,raw,geo_series_matrix,downloads/GSE267645/matrix/GSE267645-GPL28038_series_matrix.txt.gz,data/datasets/GSE267645/raw/legacy_source/matrix/GSE267645-GPL28038_series_matrix.txt.gz,3230,1770824074280763477,inode_preserved_by_same_filesystem_rename,
GSE267645,raw,supplementary_archive,downloads/GSE267645/suppl/GSE267645_RAW.tar,data/datasets/GSE267645/raw/legacy_source/suppl/GSE267645_RAW.tar,867072000,1770824135835058919,inode_preserved_by_same_filesystem_rename,
GSE267645,raw,unclassified_source,downloads/GSE267645/suppl/filelist.txt,data/datasets/GSE267645/raw/legacy_source/suppl/filelist.txt,3599,1770824136662619460,inode_preserved_by_same_filesystem_rename,
GSE271413,raw,geo_series_matrix,downloads/GSE271413/matrix/GSE271413_series_matrix.txt.gz,data/datasets/GSE271413/raw/legacy_source/matrix/GSE271413_series_matrix.txt.gz,6194,1770823767277530020,inode_preserved_by_same_filesystem_rename,
GSE271413,raw,supplementary_archive,downloads/GSE271413/suppl/GSE271413_RAW.tar,data/datasets/GSE271413/raw/legacy_source/suppl/GSE271413_RAW.tar,1549015040,1770823867356961734,inode_preserved_by_same_filesystem_rename,
GSE271413,raw,unclassified_source,downloads/GSE271413/suppl/filelist.txt,data/datasets/GSE271413/raw/legacy_source/suppl/filelist.txt,11357,1770823868057957880,inode_preserved_by_same_filesystem_rename,
GSE273170,raw,geo_series_matrix,downloads/GSE273170/matrix/GSE273170_series_matrix.txt.gz,data/datasets/GSE273170/raw/legacy_source/matrix/GSE273170_series_matrix.txt.gz,5799,1770824899131956284,inode_preserved_by_same_filesystem_rename,
GSE273170,raw,supplementary_archive,downloads/GSE273170/suppl/GSE273170_RAW.tar,data/datasets/GSE273170/raw/legacy_source/suppl/GSE273170_RAW.tar,222033920,1770824914327999969,inode_preserved_by_same_filesystem_rename,
GSE273170,raw,unclassified_source,downloads/GSE273170/suppl/GSE273170_details_for_the_ADT_HTO_antibodies.txt.gz,data/datasets/GSE273170/raw/legacy_source/suppl/GSE273170_details_for_the_ADT_HTO_antibodies.txt.gz,728,1770824915079597692,inode_preserved_by_same_filesystem_rename,
GSE273170,raw,unclassified_source,downloads/GSE273170/suppl/filelist.txt,data/datasets/GSE273170/raw/legacy_source/suppl/filelist.txt,5817,1770824915817668695,inode_preserved_by_same_filesystem_rename,
GSE276167,raw,geo_series_matrix,downloads/GSE276167/matrix/GSE276167_series_matrix.txt.gz,data/datasets/GSE276167/raw/legacy_source/matrix/GSE276167_series_matrix.txt.gz,4032,1770824150788730165,inode_preserved_by_same_filesystem_rename,
GSE276167,raw,supplementary_archive,downloads/GSE276167/suppl/GSE276167_RAW.tar,data/datasets/GSE276167/raw/legacy_source/suppl/GSE276167_RAW.tar,12201410560,1770824897092950466,inode_preserved_by_same_filesystem_rename,
GSE276167,raw,unclassified_source,downloads/GSE276167/suppl/filelist.txt,data/datasets/GSE276167/raw/legacy_source/suppl/filelist.txt,412,1770824897814509810,inode_preserved_by_same_filesystem_rename,
GSE278119,raw,geo_series_matrix,downloads/GSE278119/matrix/GSE278119_series_matrix.txt.gz,data/datasets/GSE278119/raw/legacy_source/matrix/GSE278119_series_matrix.txt.gz,4967,1770822645049826314,inode_preserved_by_same_filesystem_rename,
GSE278119,raw,supplementary_archive,downloads/GSE278119/suppl/GSE278119_RAW.tar,data/datasets/GSE278119/raw/legacy_source/suppl/GSE278119_RAW.tar,1569556480,1770822755041450774,inode_preserved_by_same_filesystem_rename,
GSE278119,raw,unclassified_source,downloads/GSE278119/suppl/filelist.txt,data/datasets/GSE278119/raw/legacy_source/suppl/filelist.txt,8854,1770822755771454942,inode_preserved_by_same_filesystem_rename,
GSE286518,raw,geo_series_matrix,downloads/GSE286518/matrix/GSE286518_series_matrix.txt.gz,data/datasets/GSE286518/raw/legacy_source/matrix/GSE286518_series_matrix.txt.gz,4128,1770822615096657591,inode_preserved_by_same_filesystem_rename,
GSE286518,raw,unclassified_source,downloads/GSE286518/suppl/GSE286518_CSF_all_cells_counts.txt.gz,data/datasets/GSE286518/raw/legacy_source/suppl/GSE286518_CSF_all_cells_counts.txt.gz,131313741,1770822634838768727,inode_preserved_by_same_filesystem_rename,
GSE286518,raw,source_metadata,downloads/GSE286518/suppl/GSE286518_CSF_all_cells_metadata.txt.gz,data/datasets/GSE286518/raw/legacy_source/suppl/GSE286518_CSF_all_cells_metadata.txt.gz,3968502,1770822637312782676,inode_preserved_by_same_filesystem_rename,
GSE286518,raw,supplementary_archive,downloads/GSE286518/suppl/GSE286518_RAW.tar,data/datasets/GSE286518/raw/legacy_source/suppl/GSE286518_RAW.tar,10199040,1770822642997814736,inode_preserved_by_same_filesystem_rename,
GSE286518,raw,unclassified_source,downloads/GSE286518/suppl/filelist.txt,data/datasets/GSE286518/raw/legacy_source/suppl/filelist.txt,1918,1770822643732300974,inode_preserved_by_same_filesystem_rename,
GSE287301,processed,standardized_h5ad,downloads/per_gse_h5ad_with_metadata/GSE287301_with_tcr.h5ad,data/datasets/GSE287301/processed/artifacts/GSE287301_with_tcr.h5ad,8537762638,1773996402668281083,inode_preserved_by_same_filesystem_rename,
GSE287301,raw,geo_series_matrix,downloads/GSE287301/matrix/GSE287301_series_matrix.txt.gz,data/datasets/GSE287301/raw/legacy_source/matrix/GSE287301_series_matrix.txt.gz,5617,1770823301771629969,inode_preserved_by_same_filesystem_rename,
GSE287301,raw,supplementary_archive,downloads/GSE287301/suppl/GSE287301_RAW.tar,data/datasets/GSE287301/raw/legacy_source/suppl/GSE287301_RAW.tar,861972480,1770823381729101423,inode_preserved_by_same_filesystem_rename,
GSE287301,raw,unclassified_source,downloads/GSE287301/suppl/GSE287301_aggregation.csv.gz,data/datasets/GSE287301/raw/legacy_source/suppl/GSE287301_aggregation.csv.gz,570,1770823382594008655,inode_preserved_by_same_filesystem_rename,
GSE287301,raw,supplementary_archive,downloads/GSE287301/suppl/GSE287301_filtered_feature_bc_matrix.tar.gz,data/datasets/GSE287301/raw/legacy_source/suppl/GSE287301_filtered_feature_bc_matrix.tar.gz,2752469184,1770823591885345016,inode_preserved_by_same_filesystem_rename,
GSE287301,raw,unclassified_source,downloads/GSE287301/suppl/GSE287301_hnscc_scrnaseq.cloupe.gz,data/datasets/GSE287301/raw/legacy_source/suppl/GSE287301_hnscc_scrnaseq.cloupe.gz,1820304569,1770823701993159582,inode_preserved_by_same_filesystem_rename,
GSE287301,raw,unclassified_source,downloads/GSE287301/suppl/GSE287301_patient_matrix.txt.gz,data/datasets/GSE287301/raw/legacy_source/suppl/GSE287301_patient_matrix.txt.gz,155,1770823702874654385,inode_preserved_by_same_filesystem_rename,
GSE287301,raw,unclassified_source,downloads/GSE287301/suppl/filelist.txt,data/datasets/GSE287301/raw/legacy_source/suppl/filelist.txt,2160,1770823703532378651,inode_preserved_by_same_filesystem_rename,
GSE287541,processed,standardized_h5ad,downloads/per_gse_h5ad_with_metadata/GSE287541_with_tcr.h5ad,data/datasets/GSE287541/processed/artifacts/GSE287541_with_tcr.h5ad,2498841200,1773994064985557874,inode_preserved_by_same_filesystem_rename,
GSE287541,raw,geo_series_matrix,downloads/GSE287541/matrix/GSE287541_series_matrix.txt.gz,data/datasets/GSE287541/raw/legacy_source/matrix/GSE287541_series_matrix.txt.gz,6208,1770823919312700434,inode_preserved_by_same_filesystem_rename,
GSE287541,raw,supplementary_archive,downloads/GSE287541/suppl/GSE287541_all_pbmc_combined_filtered_SeuratObj.RDS.gz,data/datasets/GSE287541/raw/legacy_source/suppl/GSE287541_all_pbmc_combined_filtered_SeuratObj.RDS.gz,943487488,1770823977524462098,inode_preserved_by_same_filesystem_rename,
GSE288452,raw,geo_series_matrix,downloads/GSE288452/matrix/GSE288452_series_matrix.txt.gz,data/datasets/GSE288452/raw/legacy_source/matrix/GSE288452_series_matrix.txt.gz,5415,1770823050913404557,inode_preserved_by_same_filesystem_rename,
GSE288452,raw,supplementary_archive,downloads/GSE288452/suppl/GSE288452_POISED_all_samples_CD4_PR_rpca_DBEC_WNN_72491_final.rds.gz,data/datasets/GSE288452/raw/legacy_source/suppl/GSE288452_POISED_all_samples_CD4_PR_rpca_DBEC_WNN_72491_final.rds.gz,591838128,1770823096943428111,inode_preserved_by_same_filesystem_rename,
GSE288452,raw,supplementary_archive,downloads/GSE288452/suppl/GSE288452_POISED_all_samples_CD4_rpca_DBEC_WNN_160336_final.rds.gz,data/datasets/GSE288452/raw/legacy_source/suppl/GSE288452_POISED_all_samples_CD4_rpca_DBEC_WNN_160336_final.rds.gz,1297034711,1770823177885901905,inode_preserved_by_same_filesystem_rename,
GSE288452,raw,tcr_source,downloads/GSE288452/suppl/GSE288452_POISED_all_samples_TCRab_cd4_scRepertoire.csv.gz,data/datasets/GSE288452/raw/legacy_source/suppl/GSE288452_POISED_all_samples_TCRab_cd4_scRepertoire.csv.gz,14150405,1770823181544923361,inode_preserved_by_same_filesystem_rename,
GSE288452,raw,tcr_source,downloads/GSE288452/suppl/GSE288452_POISED_all_samples_TCRab_prcd4_scRepertoire.csv.gz,data/datasets/GSE288452/raw/legacy_source/suppl/GSE288452_POISED_all_samples_TCRab_prcd4_scRepertoire.csv.gz,7049865,1770823184483940600,inode_preserved_by_same_filesystem_rename,
GSE288452,raw,unclassified_source,downloads/GSE288452/suppl/GSE288452_POISED_all_samples_cd4_ab_integrated_counts.csv.gz,data/datasets/GSE288452/raw/legacy_source/suppl/GSE288452_POISED_all_samples_cd4_ab_integrated_counts.csv.gz,53020377,1770823190279974597,inode_preserved_by_same_filesystem_rename,
GSE288452,raw,unclassified_source,downloads/GSE288452/suppl/GSE288452_POISED_all_samples_cd4_ab_raw_counts.csv.gz,data/datasets/GSE288452/raw/legacy_source/suppl/GSE288452_POISED_all_samples_cd4_ab_raw_counts.csv.gz,8555881,1770823193144991406,inode_preserved_by_same_filesystem_rename,
GSE288452,raw,unclassified_source,downloads/GSE288452/suppl/GSE288452_POISED_all_samples_cd4_rna_integrated_counts.csv.gz,data/datasets/GSE288452/raw/legacy_source/suppl/GSE288452_POISED_all_samples_cd4_rna_integrated_counts.csv.gz,456871861,1770823219959148803,inode_preserved_by_same_filesystem_rename,
GSE288452,raw,unclassified_source,downloads/GSE288452/suppl/GSE288452_POISED_all_samples_cd4_rna_raw_counts.csv.gz,data/datasets/GSE288452/raw/legacy_source/suppl/GSE288452_POISED_all_samples_cd4_rna_raw_counts.csv.gz,9860145,1770823223160167605,inode_preserved_by_same_filesystem_rename,
GSE288452,raw,unclassified_source,downloads/GSE288452/suppl/GSE288452_POISED_all_samples_prcd4_ab_integrated_counts.csv.gz,data/datasets/GSE288452/raw/legacy_source/suppl/GSE288452_POISED_all_samples_prcd4_ab_integrated_counts.csv.gz,23934116,1770823227007190203,inode_preserved_by_same_filesystem_rename,
GSE288452,raw,unclassified_source,downloads/GSE288452/suppl/GSE288452_POISED_all_samples_prcd4_ab_raw_counts.csv.gz,data/datasets/GSE288452/raw/legacy_source/suppl/GSE288452_POISED_all_samples_prcd4_ab_raw_counts.csv.gz,3934064,1770823229420204376,inode_preserved_by_same_filesystem_rename,
GSE288452,raw,unclassified_source,downloads/GSE288452/suppl/GSE288452_POISED_all_samples_prcd4_rna_integrated_counts.csv.gz,data/datasets/GSE288452/raw/legacy_source/suppl/GSE288452_POISED_all_samples_prcd4_rna_integrated_counts.csv.gz,200871219,1770823242877283457,inode_preserved_by_same_filesystem_rename,
GSE288452,raw,unclassified_source,downloads/GSE288452/suppl/GSE288452_POISED_all_samples_prcd4_rna_raw_counts.csv.gz,data/datasets/GSE288452/raw/legacy_source/suppl/GSE288452_POISED_all_samples_prcd4_rna_raw_counts.csv.gz,5239733,1770823247223309004,inode_preserved_by_same_filesystem_rename,
GSE288452,raw,source_metadata,downloads/GSE288452/suppl/GSE288452_POISED_sample_metadata.csv.gz,data/datasets/GSE288452/raw/legacy_source/suppl/GSE288452_POISED_sample_metadata.csv.gz,1420,1770823247896698319,inode_preserved_by_same_filesystem_rename,
GSE288452,raw,unclassified_source,downloads/GSE288452/suppl/GSE288452_abseq-panel-index.fasta.gz,data/datasets/GSE288452/raw/legacy_source/suppl/GSE288452_abseq-panel-index.fasta.gz,1311,1770823248569316917,inode_preserved_by_same_filesystem_rename,
GSE288452,raw,unclassified_source,downloads/GSE288452/suppl/GSE288452_targeted-rnaseq-panel-index.fasta.gz,data/datasets/GSE288452/raw/legacy_source/suppl/GSE288452_targeted-rnaseq-panel-index.fasta.gz,53080,1770823249697323549,inode_preserved_by_same_filesystem_rename,
GSE296971,raw,geo_series_matrix,downloads/GSE296971/matrix/GSE296971_series_matrix.txt.gz,data/datasets/GSE296971/raw/legacy_source/matrix/GSE296971_series_matrix.txt.gz,3897,1770823704849434279,inode_preserved_by_same_filesystem_rename,
GSE296971,raw,supplementary_archive,downloads/GSE296971/suppl/GSE296971_RAW.tar,data/datasets/GSE296971/raw/legacy_source/suppl/GSE296971_RAW.tar,10158080,1770823708443100898,inode_preserved_by_same_filesystem_rename,
GSE296971,raw,tcr_source,downloads/GSE296971/suppl/GSE296971_combined_airrflow_tcr.rds,data/datasets/GSE296971/raw/legacy_source/suppl/GSE296971_combined_airrflow_tcr.rds,176027234,1770823713235057989,inode_preserved_by_same_filesystem_rename,
GSE296971,raw,unclassified_source,downloads/GSE296971/suppl/GSE296971_re-analyzed_sample-to-processed_data.txt.gz,data/datasets/GSE296971/raw/legacy_source/suppl/GSE296971_re-analyzed_sample-to-processed_data.txt.gz,290,1770823714019051023,inode_preserved_by_same_filesystem_rename,
GSE296971,raw,unclassified_source,downloads/GSE296971/suppl/GSE296971_readme.txt,data/datasets/GSE296971/raw/legacy_source/suppl/GSE296971_readme.txt,6532,1770823714675731803,inode_preserved_by_same_filesystem_rename,
GSE296971,raw,unclassified_source,downloads/GSE296971/suppl/filelist.txt,data/datasets/GSE296971/raw/legacy_source/suppl/filelist.txt,1640,1770823715332145992,inode_preserved_by_same_filesystem_rename,
GSE301528,processed,standardized_h5ad,analysis_26GSE_V4/scanpy_projects/GSE301528/outputs/GSE301528_scanpy_processed.h5ad,data/datasets/GSE301528/interim/scanpy_project/outputs/GSE301528_scanpy_processed.h5ad,1190608240,1773965068598495579,inode_preserved_by_same_filesystem_rename,
GSE301528,raw,geo_series_matrix,downloads/GSE301528/matrix/GSE301528_series_matrix.txt.gz,data/datasets/GSE301528/raw/legacy_source/matrix/GSE301528_series_matrix.txt.gz,4496,1770823716663779341,inode_preserved_by_same_filesystem_rename,
GSE301528,raw,supplementary_archive,downloads/GSE301528/suppl/GSE301528_RAW.tar,data/datasets/GSE301528/raw/legacy_source/suppl/GSE301528_RAW.tar,695623680,1770823765198629135,inode_preserved_by_same_filesystem_rename,
GSE301528,raw,unclassified_source,downloads/GSE301528/suppl/filelist.txt,data/datasets/GSE301528/raw/legacy_source/suppl/filelist.txt,3814,1770823765959697198,inode_preserved_by_same_filesystem_rename,
GSE308075,processed,standardized_h5ad,analysis_26GSE_V4/scanpy_projects/GSE308075/outputs/GSE308075_scanpy_processed.h5ad,data/datasets/GSE308075/interim/scanpy_project/outputs/GSE308075_scanpy_processed.h5ad,1626316970,1774466838859919686,inode_preserved_by_same_filesystem_rename,
GSE308075,raw,geo_series_matrix,downloads/GSE308075/matrix/GSE308075_series_matrix.txt.gz,data/datasets/GSE308075/raw/legacy_source/matrix/GSE308075_series_matrix.txt.gz,4575,1770823251017450485,inode_preserved_by_same_filesystem_rename,
GSE308075,raw,supplementary_archive,downloads/GSE308075/suppl/GSE308075_RAW.tar,data/datasets/GSE308075/raw/legacy_source/suppl/GSE308075_RAW.tar,901539840,1770823299606617224,inode_preserved_by_same_filesystem_rename,
GSE308075,raw,unclassified_source,downloads/GSE308075/suppl/filelist.txt,data/datasets/GSE308075/raw/legacy_source/suppl/filelist.txt,4647,1770823300455622222,inode_preserved_by_same_filesystem_rename,
GSE311112,processed,standardized_h5ad,analysis_26GSE_V4/scanpy_projects/GSE311112/outputs/GSE311112_scanpy_processed.h5ad,data/datasets/GSE311112/interim/scanpy_project/outputs/GSE311112_scanpy_processed.h5ad,1527783127,1774466859745031102,inode_preserved_by_same_filesystem_rename,
GSE311112,raw,geo_series_matrix,downloads/GSE311112/matrix/GSE311112_series_matrix.txt.gz,data/datasets/GSE311112/raw/legacy_source/matrix/GSE311112_series_matrix.txt.gz,7685,1770822542607251955,inode_preserved_by_same_filesystem_rename,
GSE311112,raw,supplementary_archive,downloads/GSE311112/suppl/GSE311112_RAW.tar,data/datasets/GSE311112/raw/legacy_source/suppl/GSE311112_RAW.tar,834969600,1770822613057646128,inode_preserved_by_same_filesystem_rename,
GSE311112,raw,unclassified_source,downloads/GSE311112/suppl/filelist.txt,data/datasets/GSE311112/raw/legacy_source/suppl/filelist.txt,14696,1770822613750650025,inode_preserved_by_same_filesystem_rename,
HRA005041,processed,standardized_h5ad,downloads/per_gse_h5ad_with_metadata/HRA005041_T_cells_subset.h5ad,data/datasets/HRA005041/processed/artifacts/HRA005041_T_cells_subset.h5ad,19626113528,1776138030398204610,inode_preserved_by_same_filesystem_rename,
HRA005041,processed,standardized_h5ad,newdata/HRA005041/HRA005041_T_cells_subset.h5ad,data/datasets/HRA005041/raw/legacy_source/HRA005041_T_cells_subset.h5ad,3659577378,1776092857544659512,inode_preserved_by_same_filesystem_rename,
HRA005041,raw,tcr_source,newdata/HRA005041/abTCR/H1.TCR.csv,data/datasets/HRA005041/raw/legacy_source/abTCR/H1.TCR.csv,3159496,1762082127000000000,inode_preserved_by_same_filesystem_rename,
HRA005041,raw,tcr_source,newdata/HRA005041/abTCR/H10.TCR.csv,data/datasets/HRA005041/raw/legacy_source/abTCR/H10.TCR.csv,6019765,1762082127000000000,inode_preserved_by_same_filesystem_rename,
HRA005041,raw,tcr_source,newdata/HRA005041/abTCR/H100.TCR.csv,data/datasets/HRA005041/raw/legacy_source/abTCR/H100.TCR.csv,2339572,1762082128000000000,inode_preserved_by_same_filesystem_rename,
HRA005041,raw,tcr_source,newdata/HRA005041/abTCR/H101.TCR.csv,data/datasets/HRA005041/raw/legacy_source/abTCR/H101.TCR.csv,2776381,1762082128000000000,inode_preserved_by_same_filesystem_rename,
HRA005041,raw,tcr_source,newdata/HRA005041/abTCR/H102.TCR.csv,data/datasets/HRA005041/raw/legacy_source/abTCR/H102.TCR.csv,4113791,1762082128000000000,inode_preserved_by_same_filesystem_rename,
HRA005041,raw,tcr_source,newdata/HRA005041/abTCR/H103.TCR.csv,data/datasets/HRA005041/raw/legacy_source/abTCR/H103.TCR.csv,6996648,1762082128000000000,inode_preserved_by_same_filesystem_rename,
HRA005041,raw,tcr_source,newdata/HRA005041/abTCR/H104.TCR.csv,data/datasets/HRA005041/raw/legacy_source/abTCR/H104.TCR.csv,7282862,1762082128000000000,inode_preserved_by_same_filesystem_rename,
HRA005041,raw,tcr_source,newdata/HRA005041/abTCR/H105.TCR.csv,data/datasets/HRA005041/raw/legacy_source/abTCR/H105.TCR.csv,6659479,1762082129000000000,inode_preserved_by_same_filesystem_rename,
HRA005041,raw,tcr_source,newdata/HRA005041/abTCR/H106.TCR.csv,data/datasets/HRA005041/raw/legacy_source/abTCR/H106.TCR.csv,8241769,1762082129000000000,inode_preserved_by_same_filesystem_rename,
HRA005041,raw,tcr_source,newdata/HRA005041/abTCR/H107.TCR.csv,data/datasets/HRA005041/raw/legacy_source/abTCR/H107.TCR.csv,2980811,1762082129000000000,inode_preserved_by_same_filesystem_rename,
HRA005041,raw,tcr_source,newdata/HRA005041/abTCR/H108.TCR.csv,data/datasets/HRA005041/raw/legacy_source/abTCR/H108.TCR.csv,8824973,1762082129000000000,inode_preserved_by_same_filesystem_rename,
HRA005041,raw,tcr_source,newdata/HRA005041/abTCR/H109.TCR.csv,data/datasets/HRA005041/raw/legacy_source/abTCR/H109.TCR.csv,6912020,1762082130000000000,inode_preserved_by_same_filesystem_rename,
HRA005041,raw,tcr_source,newdata/HRA005041/abTCR/H11.TCR.csv,data/datasets/HRA005041/raw/legacy_source/abTCR/H11.TCR.csv,9945379,1762082130000000000,inode_preserved_by_same_filesystem_rename,
HRA005041,raw,tcr_source,newdata/HRA005041/abTCR/H12.TCR.csv,data/datasets/HRA005041/raw/legacy_source/abTCR/H12.TCR.csv,5542791,1762082130000000000,inode_preserved_by_same_filesystem_rename,
HRA005041,raw,tcr_source,newdata/HRA005041/abTCR/H13.TCR.csv,data/datasets/HRA005041/raw/legacy_source/abTCR/H13.TCR.csv,4794222,1762082130000000000,inode_preserved_by_same_filesystem_rename,
HRA005041,raw,tcr_source,newdata/HRA005041/abTCR/H14.TCR.csv,data/datasets/HRA005041/raw/legacy_source/abTCR/H14.TCR.csv,4835295,1762082131000000000,inode_preserved_by_same_filesystem_rename,
HRA005041,raw,tcr_source,newdata/HRA005041/abTCR/H15.TCR.csv,data/datasets/HRA005041/raw/legacy_source/abTCR/H15.TCR.csv,1038856,1762082131000000000,inode_preserved_by_same_filesystem_rename,
HRA005041,raw,tcr_source,newdata/HRA005041/abTCR/H16.TCR.csv,data/datasets/HRA005041/raw/legacy_source/abTCR/H16.TCR.csv,3076210,1762082131000000000,inode_preserved_by_same_filesystem_rename,
HRA005041,raw,tcr_source,newdata/HRA005041/abTCR/H17.TCR.csv,data/datasets/HRA005041/raw/legacy_source/abTCR/H17.TCR.csv,3164736,1762082131000000000,inode_preserved_by_same_filesystem_rename,
HRA005041,raw,tcr_source,newdata/HRA005041/abTCR/H18.TCR.csv,data/datasets/HRA005041/raw/legacy_source/abTCR/H18.TCR.csv,3378693,1762082131000000000,inode_preserved_by_same_filesystem_rename,
HRA005041,raw,tcr_source,newdata/HRA005041/abTCR/H19.TCR.csv,data/datasets/HRA005041/raw/legacy_source/abTCR/H19.TCR.csv,2481807,1762082131000000000,inode_preserved_by_same_filesystem_rename,
HRA005041,raw,tcr_source,newdata/HRA005041/abTCR/H2.TCR.csv,data/datasets/HRA005041/raw/legacy_source/abTCR/H2.TCR.csv,3208804,1762082131000000000,inode_preserved_by_same_filesystem_rename,
HRA005041,raw,tcr_source,newdata/HRA005041/abTCR/H20.TCR.csv,data/datasets/HRA005041/raw/legacy_source/abTCR/H20.TCR.csv,7451002,1762082131000000000,inode_preserved_by_same_filesystem_rename,
HRA005041,raw,tcr_source,newdata/HRA005041/abTCR/H21.TCR.csv,data/datasets/HRA005041/raw/legacy_source/abTCR/H21.TCR.csv,3040786,1762082132000000000,inode_preserved_by_same_filesystem_rename,
HRA005041,raw,tcr_source,newdata/HRA005041/abTCR/H22.TCR.csv,data/datasets/HRA005041/raw/legacy_source/abTCR/H22.TCR.csv,7076078,1762082132000000000,inode_preserved_by_same_filesystem_rename,
HRA005041,raw,tcr_source,newdata/HRA005041/abTCR/H23.TCR.csv,data/datasets/HRA005041/raw/legacy_source/abTCR/H23.TCR.csv,936212,1762082132000000000,inode_preserved_by_same_filesystem_rename,
HRA005041,raw,tcr_source,newdata/HRA005041/abTCR/H24.TCR.csv,data/datasets/HRA005041/raw/legacy_source/abTCR/H24.TCR.csv,6218001,1762082132000000000,inode_preserved_by_same_filesystem_rename,
HRA005041,raw,tcr_source,newdata/HRA005041/abTCR/H25.TCR.csv,data/datasets/HRA005041/raw/legacy_source/abTCR/H25.TCR.csv,731212,1762082132000000000,inode_preserved_by_same_filesystem_rename,
HRA005041,raw,tcr_source,newdata/HRA005041/abTCR/H26.TCR.csv,data/datasets/HRA005041/raw/legacy_source/abTCR/H26.TCR.csv,2890433,1762082132000000000,inode_preserved_by_same_filesystem_rename,
HRA005041,raw,tcr_source,newdata/HRA005041/abTCR/H27.TCR.csv,data/datasets/HRA005041/raw/legacy_source/abTCR/H27.TCR.csv,2790796,1762082132000000000,inode_preserved_by_same_filesystem_rename,
HRA005041,raw,tcr_source,newdata/HRA005041/abTCR/H28.TCR.csv,data/datasets/HRA005041/raw/legacy_source/abTCR/H28.TCR.csv,7088174,1762082133000000000,inode_preserved_by_same_filesystem_rename,
HRA005041,raw,tcr_source,newdata/HRA005041/abTCR/H29.TCR.csv,data/datasets/HRA005041/raw/legacy_source/abTCR/H29.TCR.csv,1008967,1762082133000000000,inode_preserved_by_same_filesystem_rename,
HRA005041,raw,tcr_source,newdata/HRA005041/abTCR/H3.TCR.csv,data/datasets/HRA005041/raw/legacy_source/abTCR/H3.TCR.csv,3437509,1762082133000000000,inode_preserved_by_same_filesystem_rename,
HRA005041,raw,tcr_source,newdata/HRA005041/abTCR/H30.TCR.csv,data/datasets/HRA005041/raw/legacy_source/abTCR/H30.TCR.csv,4350147,1762082133000000000,inode_preserved_by_same_filesystem_rename,
HRA005041,raw,tcr_source,newdata/HRA005041/abTCR/H31.TCR.csv,data/datasets/HRA005041/raw/legacy_source/abTCR/H31.TCR.csv,1212770,1762082133000000000,inode_preserved_by_same_filesystem_rename,
HRA005041,raw,tcr_source,newdata/HRA005041/abTCR/H32.TCR.csv,data/datasets/HRA005041/raw/legacy_source/abTCR/H32.TCR.csv,1191342,1762082133000000000,inode_preserved_by_same_filesystem_rename,
HRA005041,raw,tcr_source,newdata/HRA005041/abTCR/H33.TCR.csv,data/datasets/HRA005041/raw/legacy_source/abTCR/H33.TCR.csv,1619343,1762082133000000000,inode_preserved_by_same_filesystem_rename,
HRA005041,raw,tcr_source,newdata/HRA005041/abTCR/H34.TCR.csv,data/datasets/HRA005041/raw/legacy_source/abTCR/H34.TCR.csv,9767134,1762082134000000000,inode_preserved_by_same_filesystem_rename,
HRA005041,raw,tcr_source,newdata/HRA005041/abTCR/H35.TCR.csv,data/datasets/HRA005041/raw/legacy_source/abTCR/H35.TCR.csv,8206540,1762082134000000000,inode_preserved_by_same_filesystem_rename,
HRA005041,raw,tcr_source,newdata/HRA005041/abTCR/H36.TCR.csv,data/datasets/HRA005041/raw/legacy_source/abTCR/H36.TCR.csv,3973112,1762082134000000000,inode_preserved_by_same_filesystem_rename,
HRA005041,raw,tcr_source,newdata/HRA005041/abTCR/H37.TCR.csv,data/datasets/HRA005041/raw/legacy_source/abTCR/H37.TCR.csv,3218798,1762082134000000000,inode_preserved_by_same_filesystem_rename,
HRA005041,raw,tcr_source,newdata/HRA005041/abTCR/H38.TCR.csv,data/datasets/HRA005041/raw/legacy_source/abTCR/H38.TCR.csv,7837072,1762082134000000000,inode_preserved_by_same_filesystem_rename,
HRA005041,raw,tcr_source,newdata/HRA005041/abTCR/H39.TCR.csv,data/datasets/HRA005041/raw/legacy_source/abTCR/H39.TCR.csv,7185518,1762082135000000000,inode_preserved_by_same_filesystem_rename,
HRA005041,raw,tcr_source,newdata/HRA005041/abTCR/H4.TCR.csv,data/datasets/HRA005041/raw/legacy_source/abTCR/H4.TCR.csv,5731753,1762082135000000000,inode_preserved_by_same_filesystem_rename,
HRA005041,raw,tcr_source,newdata/HRA005041/abTCR/H40.TCR.csv,data/datasets/HRA005041/raw/legacy_source/abTCR/H40.TCR.csv,293459,1762082135000000000,inode_preserved_by_same_filesystem_rename,
HRA005041,raw,tcr_source,newdata/HRA005041/abTCR/H41.TCR.csv,data/datasets/HRA005041/raw/legacy_source/abTCR/H41.TCR.csv,3052567,1762082135000000000,inode_preserved_by_same_filesystem_rename,
HRA005041,raw,tcr_source,newdata/HRA005041/abTCR/H42.TCR.csv,data/datasets/HRA005041/raw/legacy_source/abTCR/H42.TCR.csv,641015,1762082135000000000,inode_preserved_by_same_filesystem_rename,
HRA005041,raw,tcr_source,newdata/HRA005041/abTCR/H43.TCR.csv,data/datasets/HRA005041/raw/legacy_source/abTCR/H43.TCR.csv,1090165,1762082135000000000,inode_preserved_by_same_filesystem_rename,
HRA005041,raw,tcr_source,newdata/HRA005041/abTCR/H44.TCR.csv,data/datasets/HRA005041/raw/legacy_source/abTCR/H44.TCR.csv,2118755,1762082135000000000,inode_preserved_by_same_filesystem_rename,
HRA005041,raw,tcr_source,newdata/HRA005041/abTCR/H45.TCR.csv,data/datasets/HRA005041/raw/legacy_source/abTCR/H45.TCR.csv,1017448,1762082135000000000,inode_preserved_by_same_filesystem_rename,
HRA005041,raw,tcr_source,newdata/HRA005041/abTCR/H46.TCR.csv,data/datasets/HRA005041/raw/legacy_source/abTCR/H46.TCR.csv,2231196,1762082135000000000,inode_preserved_by_same_filesystem_rename,
HRA005041,raw,tcr_source,newdata/HRA005041/abTCR/H47.TCR.csv,data/datasets/HRA005041/raw/legacy_source/abTCR/H47.TCR.csv,4052828,1762082136000000000,inode_preserved_by_same_filesystem_rename,
HRA005041,raw,tcr_source,newdata/HRA005041/abTCR/H48.TCR.csv,data/datasets/HRA005041/raw/legacy_source/abTCR/H48.TCR.csv,551392,1762082136000000000,inode_preserved_by_same_filesystem_rename,
HRA005041,raw,tcr_source,newdata/HRA005041/abTCR/H49.TCR.csv,data/datasets/HRA005041/raw/legacy_source/abTCR/H49.TCR.csv,7915619,1762082136000000000,inode_preserved_by_same_filesystem_rename,
HRA005041,raw,tcr_source,newdata/HRA005041/abTCR/H5.TCR.csv,data/datasets/HRA005041/raw/legacy_source/abTCR/H5.TCR.csv,4683875,1762082136000000000,inode_preserved_by_same_filesystem_rename,
HRA005041,raw,tcr_source,newdata/HRA005041/abTCR/H50.TCR.csv,data/datasets/HRA005041/raw/legacy_source/abTCR/H50.TCR.csv,4522198,1762082136000000000,inode_preserved_by_same_filesystem_rename,
HRA005041,raw,tcr_source,newdata/HRA005041/abTCR/H51.TCR.csv,data/datasets/HRA005041/raw/legacy_source/abTCR/H51.TCR.csv,4512235,1762082136000000000,inode_preserved_by_same_filesystem_rename,
HRA005041,raw,tcr_source,newdata/HRA005041/abTCR/H52.TCR.csv,data/datasets/HRA005041/raw/legacy_source/abTCR/H52.TCR.csv,5910542,1762082137000000000,inode_preserved_by_same_filesystem_rename,
HRA005041,raw,tcr_source,newdata/HRA005041/abTCR/H53.TCR.csv,data/datasets/HRA005041/raw/legacy_source/abTCR/H53.TCR.csv,12517896,1762082137000000000,inode_preserved_by_same_filesystem_rename,
HRA005041,raw,tcr_source,newdata/HRA005041/abTCR/H54.TCR.csv,data/datasets/HRA005041/raw/legacy_source/abTCR/H54.TCR.csv,1341523,1762082137000000000,inode_preserved_by_same_filesystem_rename,
HRA005041,raw,tcr_source,newdata/HRA005041/abTCR/H55.TCR.csv,data/datasets/HRA005041/raw/legacy_source/abTCR/H55.TCR.csv,6119632,1762082137000000000,inode_preserved_by_same_filesystem_rename,
HRA005041,raw,tcr_source,newdata/HRA005041/abTCR/H56.TCR.csv,data/datasets/HRA005041/raw/legacy_source/abTCR/H56.TCR.csv,866779,1762082138000000000,inode_preserved_by_same_filesystem_rename,
HRA005041,raw,tcr_source,newdata/HRA005041/abTCR/H57.TCR.csv,data/datasets/HRA005041/raw/legacy_source/abTCR/H57.TCR.csv,117238,1762082138000000000,inode_preserved_by_same_filesystem_rename,
HRA005041,raw,tcr_source,newdata/HRA005041/abTCR/H58.TCR.csv,data/datasets/HRA005041/raw/legacy_source/abTCR/H58.TCR.csv,308877,1762082138000000000,inode_preserved_by_same_filesystem_rename,
HRA005041,raw,tcr_source,newdata/HRA005041/abTCR/H59.TCR.csv,data/datasets/HRA005041/raw/legacy_source/abTCR/H59.TCR.csv,315304,1762082138000000000,inode_preserved_by_same_filesystem_rename,
HRA005041,raw,tcr_source,newdata/HRA005041/abTCR/H6.TCR.csv,data/datasets/HRA005041/raw/legacy_source/abTCR/H6.TCR.csv,4573054,1762082138000000000,inode_preserved_by_same_filesystem_rename,
HRA005041,raw,tcr_source,newdata/HRA005041/abTCR/H60.TCR.csv,data/datasets/HRA005041/raw/legacy_source/abTCR/H60.TCR.csv,777011,1762082138000000000,inode_preserved_by_same_filesystem_rename,
HRA005041,raw,tcr_source,newdata/HRA005041/abTCR/H61.TCR.csv,data/datasets/HRA005041/raw/legacy_source/abTCR/H61.TCR.csv,2655639,1762082138000000000,inode_preserved_by_same_filesystem_rename,
HRA005041,raw,tcr_source,newdata/HRA005041/abTCR/H62.TCR.csv,data/datasets/HRA005041/raw/legacy_source/abTCR/H62.TCR.csv,4879609,1762082138000000000,inode_preserved_by_same_filesystem_rename,
HRA005041,raw,tcr_source,newdata/HRA005041/abTCR/H63.TCR.csv,data/datasets/HRA005041/raw/legacy_source/abTCR/H63.TCR.csv,967874,1762082138000000000,inode_preserved_by_same_filesystem_rename,
HRA005041,raw,tcr_source,newdata/HRA005041/abTCR/H64.TCR.csv,data/datasets/HRA005041/raw/legacy_source/abTCR/H64.TCR.csv,419408,1762082138000000000,inode_preserved_by_same_filesystem_rename,
HRA005041,raw,tcr_source,newdata/HRA005041/abTCR/H65.TCR.csv,data/datasets/HRA005041/raw/legacy_source/abTCR/H65.TCR.csv,3562479,1762082138000000000,inode_preserved_by_same_filesystem_rename,
HRA005041,raw,tcr_source,newdata/HRA005041/abTCR/H66.TCR.csv,data/datasets/HRA005041/raw/legacy_source/abTCR/H66.TCR.csv,6717111,1762082139000000000,inode_preserved_by_same_filesystem_rename,
HRA005041,raw,tcr_source,newdata/HRA005041/abTCR/H67.TCR.csv,data/datasets/HRA005041/raw/legacy_source/abTCR/H67.TCR.csv,6112255,1762082139000000000,inode_preserved_by_same_filesystem_rename,
HRA005041,raw,tcr_source,newdata/HRA005041/abTCR/H68.TCR.csv,data/datasets/HRA005041/raw/legacy_source/abTCR/H68.TCR.csv,7608094,1762082139000000000,inode_preserved_by_same_filesystem_rename,
HRA005041,raw,tcr_source,newdata/HRA005041/abTCR/H69.TCR.csv,data/datasets/HRA005041/raw/legacy_source/abTCR/H69.TCR.csv,1192832,1762082139000000000,inode_preserved_by_same_filesystem_rename,
HRA005041,raw,tcr_source,newdata/HRA005041/abTCR/H7.TCR.csv,data/datasets/HRA005041/raw/legacy_source/abTCR/H7.TCR.csv,5018898,1762082139000000000,inode_preserved_by_same_filesystem_rename,
HRA005041,raw,tcr_source,newdata/HRA005041/abTCR/H70.TCR.csv,data/datasets/HRA005041/raw/legacy_source/abTCR/H70.TCR.csv,5334255,1762082140000000000,inode_preserved_by_same_filesystem_rename,
HRA005041,raw,tcr_source,newdata/HRA005041/abTCR/H71.TCR.csv,data/datasets/HRA005041/raw/legacy_source/abTCR/H71.TCR.csv,4658948,1762082140000000000,inode_preserved_by_same_filesystem_rename,
HRA005041,raw,tcr_source,newdata/HRA005041/abTCR/H72.TCR.csv,data/datasets/HRA005041/raw/legacy_source/abTCR/H72.TCR.csv,4123171,1762082140000000000,inode_preserved_by_same_filesystem_rename,
HRA005041,raw,tcr_source,newdata/HRA005041/abTCR/H73.TCR.csv,data/datasets/HRA005041/raw/legacy_source/abTCR/H73.TCR.csv,5713065,1762082140000000000,inode_preserved_by_same_filesystem_rename,
HRA005041,raw,tcr_source,newdata/HRA005041/abTCR/H74.TCR.csv,data/datasets/HRA005041/raw/legacy_source/abTCR/H74.TCR.csv,5540619,1762082140000000000,inode_preserved_by_same_filesystem_rename,
HRA005041,raw,tcr_source,newdata/HRA005041/abTCR/H75.TCR.csv,data/datasets/HRA005041/raw/legacy_source/abTCR/H75.TCR.csv,3061626,1762082140000000000,inode_preserved_by_same_filesystem_rename,
HRA005041,raw,tcr_source,newdata/HRA005041/abTCR/H76.TCR.csv,data/datasets/HRA005041/raw/legacy_source/abTCR/H76.TCR.csv,1669109,1762082140000000000,inode_preserved_by_same_filesystem_rename,
HRA005041,raw,tcr_source,newdata/HRA005041/abTCR/H77.TCR.csv,data/datasets/HRA005041/raw/legacy_source/abTCR/H77.TCR.csv,8933691,1762082141000000000,inode_preserved_by_same_filesystem_rename,
HRA005041,raw,tcr_source,newdata/HRA005041/abTCR/H78.TCR.csv,data/datasets/HRA005041/raw/legacy_source/abTCR/H78.TCR.csv,6207871,1762082141000000000,inode_preserved_by_same_filesystem_rename,
HRA005041,raw,tcr_source,newdata/HRA005041/abTCR/H79.TCR.csv,data/datasets/HRA005041/raw/legacy_source/abTCR/H79.TCR.csv,1334588,1762082141000000000,inode_preserved_by_same_filesystem_rename,
HRA005041,raw,tcr_source,newdata/HRA005041/abTCR/H8.TCR.csv,data/datasets/HRA005041/raw/legacy_source/abTCR/H8.TCR.csv,7313719,1762082141000000000,inode_preserved_by_same_filesystem_rename,
HRA005041,raw,tcr_source,newdata/HRA005041/abTCR/H80.TCR.csv,data/datasets/HRA005041/raw/legacy_source/abTCR/H80.TCR.csv,3511376,1762082141000000000,inode_preserved_by_same_filesystem_rename,
HRA005041,raw,tcr_source,newdata/HRA005041/abTCR/H81.TCR.csv,data/datasets/HRA005041/raw/legacy_source/abTCR/H81.TCR.csv,4769550,1762082142000000000,inode_preserved_by_same_filesystem_rename,
HRA005041,raw,tcr_source,newdata/HRA005041/abTCR/H82.TCR.csv,data/datasets/HRA005041/raw/legacy_source/abTCR/H82.TCR.csv,2711467,1762082142000000000,inode_preserved_by_same_filesystem_rename,
HRA005041,raw,tcr_source,newdata/HRA005041/abTCR/H83.TCR.csv,data/datasets/HRA005041/raw/legacy_source/abTCR/H83.TCR.csv,3495324,1762082142000000000,inode_preserved_by_same_filesystem_rename,
HRA005041,raw,tcr_source,newdata/HRA005041/abTCR/H84.TCR.csv,data/datasets/HRA005041/raw/legacy_source/abTCR/H84.TCR.csv,8571906,1762082142000000000,inode_preserved_by_same_filesystem_rename,
HRA005041,raw,tcr_source,newdata/HRA005041/abTCR/H85.TCR.csv,data/datasets/HRA005041/raw/legacy_source/abTCR/H85.TCR.csv,11280686,1762082143000000000,inode_preserved_by_same_filesystem_rename,
HRA005041,raw,tcr_source,newdata/HRA005041/abTCR/H86.TCR.csv,data/datasets/HRA005041/raw/legacy_source/abTCR/H86.TCR.csv,6567417,1762082143000000000,inode_preserved_by_same_filesystem_rename,
HRA005041,raw,tcr_source,newdata/HRA005041/abTCR/H87.TCR.csv,data/datasets/HRA005041/raw/legacy_source/abTCR/H87.TCR.csv,2233288,1762082143000000000,inode_preserved_by_same_filesystem_rename,
HRA005041,raw,tcr_source,newdata/HRA005041/abTCR/H88.TCR.csv,data/datasets/HRA005041/raw/legacy_source/abTCR/H88.TCR.csv,1959783,1762082143000000000,inode_preserved_by_same_filesystem_rename,
HRA005041,raw,tcr_source,newdata/HRA005041/abTCR/H89.TCR.csv,data/datasets/HRA005041/raw/legacy_source/abTCR/H89.TCR.csv,2104859,1762082143000000000,inode_preserved_by_same_filesystem_rename,
HRA005041,raw,tcr_source,newdata/HRA005041/abTCR/H9.TCR.csv,data/datasets/HRA005041/raw/legacy_source/abTCR/H9.TCR.csv,2374179,1762082143000000000,inode_preserved_by_same_filesystem_rename,
HRA005041,raw,tcr_source,newdata/HRA005041/abTCR/H90.TCR.csv,data/datasets/HRA005041/raw/legacy_source/abTCR/H90.TCR.csv,2264842,1762082143000000000,inode_preserved_by_same_filesystem_rename,
HRA005041,raw,tcr_source,newdata/HRA005041/abTCR/H91.TCR.csv,data/datasets/HRA005041/raw/legacy_source/abTCR/H91.TCR.csv,5777033,1762082144000000000,inode_preserved_by_same_filesystem_rename,
HRA005041,raw,tcr_source,newdata/HRA005041/abTCR/H92.TCR.csv,data/datasets/HRA005041/raw/legacy_source/abTCR/H92.TCR.csv,3563789,1762082144000000000,inode_preserved_by_same_filesystem_rename,
HRA005041,raw,tcr_source,newdata/HRA005041/abTCR/H93.TCR.csv,data/datasets/HRA005041/raw/legacy_source/abTCR/H93.TCR.csv,3515976,1762082144000000000,inode_preserved_by_same_filesystem_rename,
HRA005041,raw,tcr_source,newdata/HRA005041/abTCR/H94.TCR.csv,data/datasets/HRA005041/raw/legacy_source/abTCR/H94.TCR.csv,4292332,1762082144000000000,inode_preserved_by_same_filesystem_rename,
HRA005041,raw,tcr_source,newdata/HRA005041/abTCR/H95.TCR.csv,data/datasets/HRA005041/raw/legacy_source/abTCR/H95.TCR.csv,5744665,1762082144000000000,inode_preserved_by_same_filesystem_rename,
HRA005041,raw,tcr_source,newdata/HRA005041/abTCR/H96.TCR.csv,data/datasets/HRA005041/raw/legacy_source/abTCR/H96.TCR.csv,2864457,1762082144000000000,inode_preserved_by_same_filesystem_rename,
HRA005041,raw,tcr_source,newdata/HRA005041/abTCR/H97.TCR.csv,data/datasets/HRA005041/raw/legacy_source/abTCR/H97.TCR.csv,1818904,1762082144000000000,inode_preserved_by_same_filesystem_rename,
HRA005041,raw,tcr_source,newdata/HRA005041/abTCR/H98.TCR.csv,data/datasets/HRA005041/raw/legacy_source/abTCR/H98.TCR.csv,6036213,1762082145000000000,inode_preserved_by_same_filesystem_rename,
HRA005041,raw,tcr_source,newdata/HRA005041/abTCR/H99.TCR.csv,data/datasets/HRA005041/raw/legacy_source/abTCR/H99.TCR.csv,976150,1762082145000000000,inode_preserved_by_same_filesystem_rename,
HRA005041,raw,tcr_source,newdata/HRA005041/abTCR/HC100.TCR.csv,data/datasets/HRA005041/raw/legacy_source/abTCR/HC100.TCR.csv,332054,1762082900000000000,inode_preserved_by_same_filesystem_rename,
HRA005041,raw,tcr_source,newdata/HRA005041/abTCR/HC101.TCR.csv,data/datasets/HRA005041/raw/legacy_source/abTCR/HC101.TCR.csv,208994,1762082900000000000,inode_preserved_by_same_filesystem_rename,
HRA005041,raw,tcr_source,newdata/HRA005041/abTCR/HC102.TCR.csv,data/datasets/HRA005041/raw/legacy_source/abTCR/HC102.TCR.csv,397800,1762082900000000000,inode_preserved_by_same_filesystem_rename,
HRA005041,raw,tcr_source,newdata/HRA005041/abTCR/HC103.TCR.csv,data/datasets/HRA005041/raw/legacy_source/abTCR/HC103.TCR.csv,24989,1762082900000000000,inode_preserved_by_same_filesystem_rename,
HRA005041,raw,tcr_source,newdata/HRA005041/abTCR/HC104.TCR.csv,data/datasets/HRA005041/raw/legacy_source/abTCR/HC104.TCR.csv,249026,1762082900000000000,inode_preserved_by_same_filesystem_rename,
HRA005041,raw,tcr_source,newdata/HRA005041/abTCR/HC105.TCR.csv,data/datasets/HRA005041/raw/legacy_source/abTCR/HC105.TCR.csv,98891,1762082900000000000,inode_preserved_by_same_filesystem_rename,
HRA005041,raw,tcr_source,newdata/HRA005041/abTCR/HC106.TCR.csv,data/datasets/HRA005041/raw/legacy_source/abTCR/HC106.TCR.csv,29485,1762082900000000000,inode_preserved_by_same_filesystem_rename,
HRA005041,raw,tcr_source,newdata/HRA005041/abTCR/HC107.TCR.csv,data/datasets/HRA005041/raw/legacy_source/abTCR/HC107.TCR.csv,50389,1762082900000000000,inode_preserved_by_same_filesystem_rename,
HRA005041,raw,tcr_source,newdata/HRA005041/abTCR/HC108.TCR.csv,data/datasets/HRA005041/raw/legacy_source/abTCR/HC108.TCR.csv,397307,1762082900000000000,inode_preserved_by_same_filesystem_rename,
HRA005041,raw,tcr_source,newdata/HRA005041/abTCR/HC109.TCR.csv,data/datasets/HRA005041/raw/legacy_source/abTCR/HC109.TCR.csv,53092,1762082900000000000,inode_preserved_by_same_filesystem_rename,
HRA005041,raw,tcr_source,newdata/HRA005041/abTCR/HC110.TCR.csv,data/datasets/HRA005041/raw/legacy_source/abTCR/HC110.TCR.csv,107746,1762082900000000000,inode_preserved_by_same_filesystem_rename,
HRA005041,raw,tcr_source,newdata/HRA005041/abTCR/HC111.TCR.csv,data/datasets/HRA005041/raw/legacy_source/abTCR/HC111.TCR.csv,9642282,1762082900000000000,inode_preserved_by_same_filesystem_rename,
HRA005041,raw,tcr_source,newdata/HRA005041/abTCR/HC112.TCR.csv,data/datasets/HRA005041/raw/legacy_source/abTCR/HC112.TCR.csv,377769,1762082900000000000,inode_preserved_by_same_filesystem_rename,
HRA005041,raw,tcr_source,newdata/HRA005041/abTCR/HC113.TCR.csv,data/datasets/HRA005041/raw/legacy_source/abTCR/HC113.TCR.csv,107023,1762082900000000000,inode_preserved_by_same_filesystem_rename,
HRA005041,raw,tcr_source,newdata/HRA005041/abTCR/HC114.TCR.csv,data/datasets/HRA005041/raw/legacy_source/abTCR/HC114.TCR.csv,871206,1762082900000000000,inode_preserved_by_same_filesystem_rename,
HRA005041,raw,tcr_source,newdata/HRA005041/abTCR/HC115.TCR.csv,data/datasets/HRA005041/raw/legacy_source/abTCR/HC115.TCR.csv,1227742,1762082900000000000,inode_preserved_by_same_filesystem_rename,
HRA005041,raw,tcr_source,newdata/HRA005041/abTCR/HC116.TCR.csv,data/datasets/HRA005041/raw/legacy_source/abTCR/HC116.TCR.csv,1474785,1762082900000000000,inode_preserved_by_same_filesystem_rename,
HRA005041,raw,tcr_source,newdata/HRA005041/abTCR/HC117.TCR.csv,data/datasets/HRA005041/raw/legacy_source/abTCR/HC117.TCR.csv,307673,1762082900000000000,inode_preserved_by_same_filesystem_rename,
HRA005041,raw,tcr_source,newdata/HRA005041/abTCR/HC118.TCR.csv,data/datasets/HRA005041/raw/legacy_source/abTCR/HC118.TCR.csv,2415993,1762082900000000000,inode_preserved_by_same_filesystem_rename,
HRA005041,raw,tcr_source,newdata/HRA005041/abTCR/HC119.TCR.csv,data/datasets/HRA005041/raw/legacy_source/abTCR/HC119.TCR.csv,7103717,1762082901000000000,inode_preserved_by_same_filesystem_rename,
HRA005041,raw,tcr_source,newdata/HRA005041/abTCR/HC120.TCR.csv,data/datasets/HRA005041/raw/legacy_source/abTCR/HC120.TCR.csv,8685593,1762082901000000000,inode_preserved_by_same_filesystem_rename,
HRA005041,raw,tcr_source,newdata/HRA005041/abTCR/HC121.TCR.csv,data/datasets/HRA005041/raw/legacy_source/abTCR/HC121.TCR.csv,3092706,1762082901000000000,inode_preserved_by_same_filesystem_rename,
HRA005041,raw,tcr_source,newdata/HRA005041/abTCR/HC122.TCR.csv,data/datasets/HRA005041/raw/legacy_source/abTCR/HC122.TCR.csv,2214271,1762082901000000000,inode_preserved_by_same_filesystem_rename,
HRA005041,raw,tcr_source,newdata/HRA005041/abTCR/HC123.TCR.csv,data/datasets/HRA005041/raw/legacy_source/abTCR/HC123.TCR.csv,3103035,1762082901000000000,inode_preserved_by_same_filesystem_rename,
HRA005041,raw,tcr_source,newdata/HRA005041/abTCR/HC124.TCR.csv,data/datasets/HRA005041/raw/legacy_source/abTCR/HC124.TCR.csv,1739077,1762082901000000000,inode_preserved_by_same_filesystem_rename,
HRA005041,raw,tcr_source,newdata/HRA005041/abTCR/HC125.TCR.csv,data/datasets/HRA005041/raw/legacy_source/abTCR/HC125.TCR.csv,1051177,1762082901000000000,inode_preserved_by_same_filesystem_rename,
HRA005041,raw,tcr_source,newdata/HRA005041/abTCR/HC126.TCR.csv,data/datasets/HRA005041/raw/legacy_source/abTCR/HC126.TCR.csv,732097,1762082901000000000,inode_preserved_by_same_filesystem_rename,
HRA005041,raw,tcr_source,newdata/HRA005041/abTCR/HC127.TCR.csv,data/datasets/HRA005041/raw/legacy_source/abTCR/HC127.TCR.csv,9569828,1762082902000000000,inode_preserved_by_same_filesystem_rename,
HRA005041,raw,tcr_source,newdata/HRA005041/abTCR/HC128.TCR.csv,data/datasets/HRA005041/raw/legacy_source/abTCR/HC128.TCR.csv,150684,1762082902000000000,inode_preserved_by_same_filesystem_rename,
HRA005041,raw,tcr_source,newdata/HRA005041/abTCR/HC129.TCR.csv,data/datasets/HRA005041/raw/legacy_source/abTCR/HC129.TCR.csv,1505749,1762082902000000000,inode_preserved_by_same_filesystem_rename,
HRA005041,raw,tcr_source,newdata/HRA005041/abTCR/HC130.TCR.csv,data/datasets/HRA005041/raw/legacy_source/abTCR/HC130.TCR.csv,771088,1762082902000000000,inode_preserved_by_same_filesystem_rename,
HRA005041,raw,tcr_source,newdata/HRA005041/abTCR/HC131.TCR.csv,data/datasets/HRA005041/raw/legacy_source/abTCR/HC131.TCR.csv,6492740,1762082902000000000,inode_preserved_by_same_filesystem_rename,
HRA005041,raw,tcr_source,newdata/HRA005041/abTCR/HC132.TCR.csv,data/datasets/HRA005041/raw/legacy_source/abTCR/HC132.TCR.csv,30170,1762082902000000000,inode_preserved_by_same_filesystem_rename,
HRA005041,raw,tcr_source,newdata/HRA005041/abTCR/HC133.TCR.csv,data/datasets/HRA005041/raw/legacy_source/abTCR/HC133.TCR.csv,47898,1762082902000000000,inode_preserved_by_same_filesystem_rename,
HRA005041,raw,tcr_source,newdata/HRA005041/abTCR/HC134.TCR.csv,data/datasets/HRA005041/raw/legacy_source/abTCR/HC134.TCR.csv,211805,1762082902000000000,inode_preserved_by_same_filesystem_rename,
HRA005041,raw,tcr_source,newdata/HRA005041/abTCR/HC135.TCR.csv,data/datasets/HRA005041/raw/legacy_source/abTCR/HC135.TCR.csv,92516,1762082902000000000,inode_preserved_by_same_filesystem_rename,
HRA005041,raw,tcr_source,newdata/HRA005041/abTCR/HC136.TCR.csv,data/datasets/HRA005041/raw/legacy_source/abTCR/HC136.TCR.csv,1554693,1762082902000000000,inode_preserved_by_same_filesystem_rename,
HRA005041,raw,tcr_source,newdata/HRA005041/abTCR/HC137.TCR.csv,data/datasets/HRA005041/raw/legacy_source/abTCR/HC137.TCR.csv,213676,1762082902000000000,inode_preserved_by_same_filesystem_rename,
HRA005041,raw,tcr_source,newdata/HRA005041/abTCR/HC138.TCR.csv,data/datasets/HRA005041/raw/legacy_source/abTCR/HC138.TCR.csv,191130,1762082902000000000,inode_preserved_by_same_filesystem_rename,
HRA005041,raw,tcr_source,newdata/HRA005041/abTCR/HC139.TCR.csv,data/datasets/HRA005041/raw/legacy_source/abTCR/HC139.TCR.csv,240977,1762082902000000000,inode_preserved_by_same_filesystem_rename,
HRA005041,raw,tcr_source,newdata/HRA005041/abTCR/HC140.TCR.csv,data/datasets/HRA005041/raw/legacy_source/abTCR/HC140.TCR.csv,593701,1762082902000000000,inode_preserved_by_same_filesystem_rename,
HRA005041,raw,tcr_source,newdata/HRA005041/abTCR/HC141.TCR.csv,data/datasets/HRA005041/raw/legacy_source/abTCR/HC141.TCR.csv,1910579,1762082902000000000,inode_preserved_by_same_filesystem_rename,
HRA005041,raw,tcr_source,newdata/HRA005041/abTCR/HC142.TCR.csv,data/datasets/HRA005041/raw/legacy_source/abTCR/HC142.TCR.csv,1173898,1762082902000000000,inode_preserved_by_same_filesystem_rename,
HRA005041,raw,tcr_source,newdata/HRA005041/abTCR/HC143.TCR.csv,data/datasets/HRA005041/raw/legacy_source/abTCR/HC143.TCR.csv,395862,1762082902000000000,inode_preserved_by_same_filesystem_rename,
HRA005041,raw,tcr_source,newdata/HRA005041/abTCR/HC144.TCR.csv,data/datasets/HRA005041/raw/legacy_source/abTCR/HC144.TCR.csv,1759711,1762082902000000000,inode_preserved_by_same_filesystem_rename,
HRA005041,raw,tcr_source,newdata/HRA005041/abTCR/HC145.TCR.csv,data/datasets/HRA005041/raw/legacy_source/abTCR/HC145.TCR.csv,1642540,1762082902000000000,inode_preserved_by_same_filesystem_rename,
HRA005041,raw,tcr_source,newdata/HRA005041/abTCR/HC146.TCR.csv,data/datasets/HRA005041/raw/legacy_source/abTCR/HC146.TCR.csv,330920,1762082902000000000,inode_preserved_by_same_filesystem_rename,
HRA005041,raw,tcr_source,newdata/HRA005041/abTCR/HC147.TCR.csv,data/datasets/HRA005041/raw/legacy_source/abTCR/HC147.TCR.csv,67365,1762082902000000000,inode_preserved_by_same_filesystem_rename,
HRA005041,raw,tcr_source,newdata/HRA005041/abTCR/HC148.TCR.csv,data/datasets/HRA005041/raw/legacy_source/abTCR/HC148.TCR.csv,76116,1762082903000000000,inode_preserved_by_same_filesystem_rename,
HRA005041,raw,tcr_source,newdata/HRA005041/abTCR/HC149.TCR.csv,data/datasets/HRA005041/raw/legacy_source/abTCR/HC149.TCR.csv,1724210,1762082903000000000,inode_preserved_by_same_filesystem_rename,
HRA005041,raw,tcr_source,newdata/HRA005041/abTCR/HC150.TCR.csv,data/datasets/HRA005041/raw/legacy_source/abTCR/HC150.TCR.csv,8740570,1762082903000000000,inode_preserved_by_same_filesystem_rename,
HRA005041,raw,tcr_source,newdata/HRA005041/abTCR/HC151.TCR.csv,data/datasets/HRA005041/raw/legacy_source/abTCR/HC151.TCR.csv,187375,1762082903000000000,inode_preserved_by_same_filesystem_rename,
HRA005041,raw,tcr_source,newdata/HRA005041/abTCR/HC152.TCR.csv,data/datasets/HRA005041/raw/legacy_source/abTCR/HC152.TCR.csv,538801,1762082903000000000,inode_preserved_by_same_filesystem_rename,
HRA005041,raw,tcr_source,newdata/HRA005041/abTCR/HC153.TCR.csv,data/datasets/HRA005041/raw/legacy_source/abTCR/HC153.TCR.csv,10940551,1762082903000000000,inode_preserved_by_same_filesystem_rename,
HRA005041,raw,tcr_source,newdata/HRA005041/abTCR/HC154.TCR.csv,data/datasets/HRA005041/raw/legacy_source/abTCR/HC154.TCR.csv,8980043,1762082903000000000,inode_preserved_by_same_filesystem_rename,
HRA005041,raw,tcr_source,newdata/HRA005041/abTCR/HC155.TCR.csv,data/datasets/HRA005041/raw/legacy_source/abTCR/HC155.TCR.csv,811610,1762082903000000000,inode_preserved_by_same_filesystem_rename,
HRA005041,raw,tcr_source,newdata/HRA005041/abTCR/HC156.TCR.csv,data/datasets/HRA005041/raw/legacy_source/abTCR/HC156.TCR.csv,7388450,1762082904000000000,inode_preserved_by_same_filesystem_rename,
HRA005041,raw,tcr_source,newdata/HRA005041/abTCR/HC157.TCR.csv,data/datasets/HRA005041/raw/legacy_source/abTCR/HC157.TCR.csv,5986869,1762082904000000000,inode_preserved_by_same_filesystem_rename,
HRA005041,raw,tcr_source,newdata/HRA005041/abTCR/HC158.TCR.csv,data/datasets/HRA005041/raw/legacy_source/abTCR/HC158.TCR.csv,1556973,1762082904000000000,inode_preserved_by_same_filesystem_rename,
HRA005041,raw,tcr_source,newdata/HRA005041/abTCR/HC159.TCR.csv,data/datasets/HRA005041/raw/legacy_source/abTCR/HC159.TCR.csv,2508430,1762082904000000000,inode_preserved_by_same_filesystem_rename,
HRA005041,raw,tcr_source,newdata/HRA005041/abTCR/HC160.TCR.csv,data/datasets/HRA005041/raw/legacy_source/abTCR/HC160.TCR.csv,5412735,1762082904000000000,inode_preserved_by_same_filesystem_rename,
HRA005041,raw,tcr_source,newdata/HRA005041/abTCR/HC161.TCR.csv,data/datasets/HRA005041/raw/legacy_source/abTCR/HC161.TCR.csv,6458850,1762082904000000000,inode_preserved_by_same_filesystem_rename,
HRA005041,raw,tcr_source,newdata/HRA005041/abTCR/HC162.TCR.csv,data/datasets/HRA005041/raw/legacy_source/abTCR/HC162.TCR.csv,514925,1762082904000000000,inode_preserved_by_same_filesystem_rename,
HRA005041,raw,tcr_source,newdata/HRA005041/abTCR/HC163.TCR.csv,data/datasets/HRA005041/raw/legacy_source/abTCR/HC163.TCR.csv,3807104,1762082904000000000,inode_preserved_by_same_filesystem_rename,
HRA005041,raw,tcr_source,newdata/HRA005041/abTCR/HC164.TCR.csv,data/datasets/HRA005041/raw/legacy_source/abTCR/HC164.TCR.csv,1092330,1762082904000000000,inode_preserved_by_same_filesystem_rename,
HRA005041,raw,tcr_source,newdata/HRA005041/abTCR/HC165.TCR.csv,data/datasets/HRA005041/raw/legacy_source/abTCR/HC165.TCR.csv,1528012,1762082905000000000,inode_preserved_by_same_filesystem_rename,
HRA005041,raw,tcr_source,newdata/HRA005041/abTCR/HC166.TCR.csv,data/datasets/HRA005041/raw/legacy_source/abTCR/HC166.TCR.csv,10459149,1762082905000000000,inode_preserved_by_same_filesystem_rename,
HRA005041,raw,tcr_source,newdata/HRA005041/abTCR/HC167.TCR.csv,data/datasets/HRA005041/raw/legacy_source/abTCR/HC167.TCR.csv,1370460,1762082905000000000,inode_preserved_by_same_filesystem_rename,
HRA005041,raw,tcr_source,newdata/HRA005041/abTCR/HC168.TCR.csv,data/datasets/HRA005041/raw/legacy_source/abTCR/HC168.TCR.csv,10292776,1762082905000000000,inode_preserved_by_same_filesystem_rename,
HRA005041,raw,tcr_source,newdata/HRA005041/abTCR/HC169.TCR.csv,data/datasets/HRA005041/raw/legacy_source/abTCR/HC169.TCR.csv,187088,1762082905000000000,inode_preserved_by_same_filesystem_rename,
HRA005041,raw,tcr_source,newdata/HRA005041/abTCR/HC17.TCR.csv,data/datasets/HRA005041/raw/legacy_source/abTCR/HC17.TCR.csv,9905582,1762082907000000000,inode_preserved_by_same_filesystem_rename,
HRA005041,raw,tcr_source,newdata/HRA005041/abTCR/HC170.TCR.csv,data/datasets/HRA005041/raw/legacy_source/abTCR/HC170.TCR.csv,280062,1762082905000000000,inode_preserved_by_same_filesystem_rename,
HRA005041,raw,tcr_source,newdata/HRA005041/abTCR/HC171.TCR.csv,data/datasets/HRA005041/raw/legacy_source/abTCR/HC171.TCR.csv,8795570,1762082905000000000,inode_preserved_by_same_filesystem_rename,
HRA005041,raw,tcr_source,newdata/HRA005041/abTCR/HC172.TCR.csv,data/datasets/HRA005041/raw/legacy_source/abTCR/HC172.TCR.csv,780143,1762082905000000000,inode_preserved_by_same_filesystem_rename,
HRA005041,raw,tcr_source,newdata/HRA005041/abTCR/HC173.TCR.csv,data/datasets/HRA005041/raw/legacy_source/abTCR/HC173.TCR.csv,7817651,1762082906000000000,inode_preserved_by_same_filesystem_rename,
HRA005041,raw,tcr_source,newdata/HRA005041/abTCR/HC174.TCR.csv,data/datasets/HRA005041/raw/legacy_source/abTCR/HC174.TCR.csv,5217988,1762082906000000000,inode_preserved_by_same_filesystem_rename,
HRA005041,raw,tcr_source,newdata/HRA005041/abTCR/HC175.TCR.csv,data/datasets/HRA005041/raw/legacy_source/abTCR/HC175.TCR.csv,1178273,1762082906000000000,inode_preserved_by_same_filesystem_rename,
HRA005041,raw,tcr_source,newdata/HRA005041/abTCR/HC176.TCR.csv,data/datasets/HRA005041/raw/legacy_source/abTCR/HC176.TCR.csv,3277631,1762082906000000000,inode_preserved_by_same_filesystem_rename,
HRA005041,raw,tcr_source,newdata/HRA005041/abTCR/HC177.TCR.csv,data/datasets/HRA005041/raw/legacy_source/abTCR/HC177.TCR.csv,10372262,1762082906000000000,inode_preserved_by_same_filesystem_rename,
HRA005041,raw,tcr_source,newdata/HRA005041/abTCR/HC178.TCR.csv,data/datasets/HRA005041/raw/legacy_source/abTCR/HC178.TCR.csv,11072736,1762082906000000000,inode_preserved_by_same_filesystem_rename,
HRA005041,raw,tcr_source,newdata/HRA005041/abTCR/HC179.TCR.csv,data/datasets/HRA005041/raw/legacy_source/abTCR/HC179.TCR.csv,91874,1762082906000000000,inode_preserved_by_same_filesystem_rename,
HRA005041,raw,tcr_source,newdata/HRA005041/abTCR/HC18.TCR.csv,data/datasets/HRA005041/raw/legacy_source/abTCR/HC18.TCR.csv,1076961,1762082908000000000,inode_preserved_by_same_filesystem_rename,
HRA005041,raw,tcr_source,newdata/HRA005041/abTCR/HC180.TCR.csv,data/datasets/HRA005041/raw/legacy_source/abTCR/HC180.TCR.csv,403976,1762082907000000000,inode_preserved_by_same_filesystem_rename,
HRA005041,raw,tcr_source,newdata/HRA005041/abTCR/HC181.TCR.csv,data/datasets/HRA005041/raw/legacy_source/abTCR/HC181.TCR.csv,10997604,1762082907000000000,inode_preserved_by_same_filesystem_rename,
HRA005041,raw,tcr_source,newdata/HRA005041/abTCR/HC182.TCR.csv,data/datasets/HRA005041/raw/legacy_source/abTCR/HC182.TCR.csv,3544245,1762082907000000000,inode_preserved_by_same_filesystem_rename,
HRA005041,raw,tcr_source,newdata/HRA005041/abTCR/HC183.TCR.csv,data/datasets/HRA005041/raw/legacy_source/abTCR/HC183.TCR.csv,4961690,1762082907000000000,inode_preserved_by_same_filesystem_rename,
HRA005041,raw,tcr_source,newdata/HRA005041/abTCR/HC184.TCR.csv,data/datasets/HRA005041/raw/legacy_source/abTCR/HC184.TCR.csv,10353083,1762082907000000000,inode_preserved_by_same_filesystem_rename,
HRA005041,raw,tcr_source,newdata/HRA005041/abTCR/HC185.TCR.csv,data/datasets/HRA005041/raw/legacy_source/abTCR/HC185.TCR.csv,2055980,1762082907000000000,inode_preserved_by_same_filesystem_rename,
HRA005041,raw,tcr_source,newdata/HRA005041/abTCR/HC186.TCR.csv,data/datasets/HRA005041/raw/legacy_source/abTCR/HC186.TCR.csv,360429,1762082907000000000,inode_preserved_by_same_filesystem_rename,
HRA005041,raw,tcr_source,newdata/HRA005041/abTCR/HC187.TCR.csv,data/datasets/HRA005041/raw/legacy_source/abTCR/HC187.TCR.csv,7038764,1762082908000000000,inode_preserved_by_same_filesystem_rename,
HRA005041,raw,tcr_source,newdata/HRA005041/abTCR/HC19.TCR.csv,data/datasets/HRA005041/raw/legacy_source/abTCR/HC19.TCR.csv,165455,1762082908000000000,inode_preserved_by_same_filesystem_rename,
HRA005041,raw,tcr_source,newdata/HRA005041/abTCR/HC192.TCR.csv,data/datasets/HRA005041/raw/legacy_source/abTCR/HC192.TCR.csv,233229,1762082908000000000,inode_preserved_by_same_filesystem_rename,
HRA005041,raw,tcr_source,newdata/HRA005041/abTCR/HC193.TCR.csv,data/datasets/HRA005041/raw/legacy_source/abTCR/HC193.TCR.csv,6280390,1762082908000000000,inode_preserved_by_same_filesystem_rename,
HRA005041,raw,tcr_source,newdata/HRA005041/abTCR/HC194.TCR.csv,data/datasets/HRA005041/raw/legacy_source/abTCR/HC194.TCR.csv,1930795,1762082908000000000,inode_preserved_by_same_filesystem_rename,
HRA005041,raw,tcr_source,newdata/HRA005041/abTCR/HC195.TCR.csv,data/datasets/HRA005041/raw/legacy_source/abTCR/HC195.TCR.csv,3863963,1762082908000000000,inode_preserved_by_same_filesystem_rename,
HRA005041,raw,tcr_source,newdata/HRA005041/abTCR/HC196.TCR.csv,data/datasets/HRA005041/raw/legacy_source/abTCR/HC196.TCR.csv,6323083,1762082908000000000,inode_preserved_by_same_filesystem_rename,
HRA005041,raw,tcr_source,newdata/HRA005041/abTCR/HC197.TCR.csv,data/datasets/HRA005041/raw/legacy_source/abTCR/HC197.TCR.csv,1065886,1762082908000000000,inode_preserved_by_same_filesystem_rename,
HRA005041,raw,tcr_source,newdata/HRA005041/abTCR/HC198.TCR.csv,data/datasets/HRA005041/raw/legacy_source/abTCR/HC198.TCR.csv,3208641,1762082908000000000,inode_preserved_by_same_filesystem_rename,
HRA005041,raw,tcr_source,newdata/HRA005041/abTCR/HC199.TCR.csv,data/datasets/HRA005041/raw/legacy_source/abTCR/HC199.TCR.csv,397726,1762082908000000000,inode_preserved_by_same_filesystem_rename,
HRA005041,raw,tcr_source,newdata/HRA005041/abTCR/HC20.TCR.csv,data/datasets/HRA005041/raw/legacy_source/abTCR/HC20.TCR.csv,1872976,1762082909000000000,inode_preserved_by_same_filesystem_rename,
HRA005041,raw,tcr_source,newdata/HRA005041/abTCR/HC200.TCR.csv,data/datasets/HRA005041/raw/legacy_source/abTCR/HC200.TCR.csv,1687397,1762082908000000000,inode_preserved_by_same_filesystem_rename,
HRA005041,raw,tcr_source,newdata/HRA005041/abTCR/HC201.TCR.csv,data/datasets/HRA005041/raw/legacy_source/abTCR/HC201.TCR.csv,6030771,1762082909000000000,inode_preserved_by_same_filesystem_rename,
HRA005041,raw,tcr_source,newdata/HRA005041/abTCR/HC202.TCR.csv,data/datasets/HRA005041/raw/legacy_source/abTCR/HC202.TCR.csv,1575102,1762082909000000000,inode_preserved_by_same_filesystem_rename,
HRA005041,raw,tcr_source,newdata/HRA005041/abTCR/HC203.TCR.csv,data/datasets/HRA005041/raw/legacy_source/abTCR/HC203.TCR.csv,935483,1762082909000000000,inode_preserved_by_same_filesystem_rename,
HRA005041,raw,tcr_source,newdata/HRA005041/abTCR/HC204.TCR.csv,data/datasets/HRA005041/raw/legacy_source/abTCR/HC204.TCR.csv,11222393,1762082909000000000,inode_preserved_by_same_filesystem_rename,
HRA005041,raw,tcr_source,newdata/HRA005041/abTCR/HC205.TCR.csv,data/datasets/HRA005041/raw/legacy_source/abTCR/HC205.TCR.csv,1395119,1762082909000000000,inode_preserved_by_same_filesystem_rename,
HRA005041,raw,tcr_source,newdata/HRA005041/abTCR/HC206.TCR.csv,data/datasets/HRA005041/raw/legacy_source/abTCR/HC206.TCR.csv,2561661,1762082909000000000,inode_preserved_by_same_filesystem_rename,
HRA005041,raw,tcr_source,newdata/HRA005041/abTCR/HC207.TCR.csv,data/datasets/HRA005041/raw/legacy_source/abTCR/HC207.TCR.csv,1306374,1762082909000000000,inode_preserved_by_same_filesystem_rename,
HRA005041,raw,tcr_source,newdata/HRA005041/abTCR/HC208.TCR.csv,data/datasets/HRA005041/raw/legacy_source/abTCR/HC208.TCR.csv,637708,1762082909000000000,inode_preserved_by_same_filesystem_rename,
HRA005041,raw,tcr_source,newdata/HRA005041/abTCR/HC209.TCR.csv,data/datasets/HRA005041/raw/legacy_source/abTCR/HC209.TCR.csv,8592290,1762082909000000000,inode_preserved_by_same_filesystem_rename,
HRA005041,raw,tcr_source,newdata/HRA005041/abTCR/HC21.TCR.csv,data/datasets/HRA005041/raw/legacy_source/abTCR/HC21.TCR.csv,1891005,1762082911000000000,inode_preserved_by_same_filesystem_rename,
HRA005041,raw,tcr_source,newdata/HRA005041/abTCR/HC210.TCR.csv,data/datasets/HRA005041/raw/legacy_source/abTCR/HC210.TCR.csv,1870116,1762082909000000000,inode_preserved_by_same_filesystem_rename,
HRA005041,raw,tcr_source,newdata/HRA005041/abTCR/HC211.TCR.csv,data/datasets/HRA005041/raw/legacy_source/abTCR/HC211.TCR.csv,682852,1762082909000000000,inode_preserved_by_same_filesystem_rename,
HRA005041,raw,tcr_source,newdata/HRA005041/abTCR/HC212.TCR.csv,data/datasets/HRA005041/raw/legacy_source/abTCR/HC212.TCR.csv,1709579,1762082909000000000,inode_preserved_by_same_filesystem_rename,
HRA005041,raw,tcr_source,newdata/HRA005041/abTCR/HC213.TCR.csv,data/datasets/HRA005041/raw/legacy_source/abTCR/HC213.TCR.csv,10193962,1762082910000000000,inode_preserved_by_same_filesystem_rename,
HRA005041,raw,tcr_source,newdata/HRA005041/abTCR/HC214.TCR.csv,data/datasets/HRA005041/raw/legacy_source/abTCR/HC214.TCR.csv,6150209,1762082910000000000,inode_preserved_by_same_filesystem_rename,
HRA005041,raw,tcr_source,newdata/HRA005041/abTCR/HC215.TCR.csv,data/datasets/HRA005041/raw/legacy_source/abTCR/HC215.TCR.csv,8270358,1762082910000000000,inode_preserved_by_same_filesystem_rename,
HRA005041,raw,tcr_source,newdata/HRA005041/abTCR/HC216.TCR.csv,data/datasets/HRA005041/raw/legacy_source/abTCR/HC216.TCR.csv,7542998,1762082910000000000,inode_preserved_by_same_filesystem_rename,
HRA005041,raw,tcr_source,newdata/HRA005041/abTCR/HC217.TCR.csv,data/datasets/HRA005041/raw/legacy_source/abTCR/HC217.TCR.csv,5893062,1762082910000000000,inode_preserved_by_same_filesystem_rename,
HRA005041,raw,tcr_source,newdata/HRA005041/abTCR/HC218.TCR.csv,data/datasets/HRA005041/raw/legacy_source/abTCR/HC218.TCR.csv,10466234,1762082911000000000,inode_preserved_by_same_filesystem_rename,
HRA005041,raw,tcr_source,newdata/HRA005041/abTCR/HC219.TCR.csv,data/datasets/HRA005041/raw/legacy_source/abTCR/HC219.TCR.csv,7716885,1762082911000000000,inode_preserved_by_same_filesystem_rename,
HRA005041,raw,tcr_source,newdata/HRA005041/abTCR/HC22.TCR.csv,data/datasets/HRA005041/raw/legacy_source/abTCR/HC22.TCR.csv,173510,1762082912000000000,inode_preserved_by_same_filesystem_rename,
HRA005041,raw,tcr_source,newdata/HRA005041/abTCR/HC220.TCR.csv,data/datasets/HRA005041/raw/legacy_source/abTCR/HC220.TCR.csv,7636043,1762082911000000000,inode_preserved_by_same_filesystem_rename,
HRA005041,raw,tcr_source,newdata/HRA005041/abTCR/HC221.TCR.csv,data/datasets/HRA005041/raw/legacy_source/abTCR/HC221.TCR.csv,4433775,1762082911000000000,inode_preserved_by_same_filesystem_rename,
HRA005041,raw,tcr_source,newdata/HRA005041/abTCR/HC222.TCR.csv,data/datasets/HRA005041/raw/legacy_source/abTCR/HC222.TCR.csv,1963942,1762082911000000000,inode_preserved_by_same_filesystem_rename,
HRA005041,raw,tcr_source,newdata/HRA005041/abTCR/HC223.TCR.csv,data/datasets/HRA005041/raw/legacy_source/abTCR/HC223.TCR.csv,4530987,1762082911000000000,inode_preserved_by_same_filesystem_rename,
HRA005041,raw,tcr_source,newdata/HRA005041/abTCR/HC224.TCR.csv,data/datasets/HRA005041/raw/legacy_source/abTCR/HC224.TCR.csv,3533302,1762082912000000000,inode_preserved_by_same_filesystem_rename,
HRA005041,raw,tcr_source,newdata/HRA005041/abTCR/HC225.TCR.csv,data/datasets/HRA005041/raw/legacy_source/abTCR/HC225.TCR.csv,5262570,1762082912000000000,inode_preserved_by_same_filesystem_rename,
HRA005041,raw,tcr_source,newdata/HRA005041/abTCR/HC226.TCR.csv,data/datasets/HRA005041/raw/legacy_source/abTCR/HC226.TCR.csv,9617999,1762082912000000000,inode_preserved_by_same_filesystem_rename,
HRA005041,raw,tcr_source,newdata/HRA005041/abTCR/HC227.TCR.csv,data/datasets/HRA005041/raw/legacy_source/abTCR/HC227.TCR.csv,5175465,1762082912000000000,inode_preserved_by_same_filesystem_rename,
HRA005041,raw,tcr_source,newdata/HRA005041/abTCR/HC228.TCR.csv,data/datasets/HRA005041/raw/legacy_source/abTCR/HC228.TCR.csv,393755,1762082912000000000,inode_preserved_by_same_filesystem_rename,
HRA005041,raw,tcr_source,newdata/HRA005041/abTCR/HC23.TCR.csv,data/datasets/HRA005041/raw/legacy_source/abTCR/HC23.TCR.csv,3499532,1762082912000000000,inode_preserved_by_same_filesystem_rename,
HRA005041,raw,tcr_source,newdata/HRA005041/abTCR/HC231.TCR.csv,data/datasets/HRA005041/raw/legacy_source/abTCR/HC231.TCR.csv,89103,1762082912000000000,inode_preserved_by_same_filesystem_rename,
HRA005041,raw,tcr_source,newdata/HRA005041/abTCR/HC232.TCR.csv,data/datasets/HRA005041/raw/legacy_source/abTCR/HC232.TCR.csv,21391,1762082912000000000,inode_preserved_by_same_filesystem_rename,
HRA005041,raw,tcr_source,newdata/HRA005041/abTCR/HC233.TCR.csv,data/datasets/HRA005041/raw/legacy_source/abTCR/HC233.TCR.csv,191044,1762082912000000000,inode_preserved_by_same_filesystem_rename,
HRA005041,raw,tcr_source,newdata/HRA005041/abTCR/HC234.TCR.csv,data/datasets/HRA005041/raw/legacy_source/abTCR/HC234.TCR.csv,1261847,1762082912000000000,inode_preserved_by_same_filesystem_rename,
HRA005041,raw,tcr_source,newdata/HRA005041/abTCR/HC235.TCR.csv,data/datasets/HRA005041/raw/legacy_source/abTCR/HC235.TCR.csv,231289,1762082912000000000,inode_preserved_by_same_filesystem_rename,
HRA005041,raw,tcr_source,newdata/HRA005041/abTCR/HC236.TCR.csv,data/datasets/HRA005041/raw/legacy_source/abTCR/HC236.TCR.csv,58572,1762082912000000000,inode_preserved_by_same_filesystem_rename,
HRA005041,raw,tcr_source,newdata/HRA005041/abTCR/HC24.TCR.csv,data/datasets/HRA005041/raw/legacy_source/abTCR/HC24.TCR.csv,650238,1762082912000000000,inode_preserved_by_same_filesystem_rename,
HRA005041,raw,tcr_source,newdata/HRA005041/abTCR/HC25.TCR.csv,data/datasets/HRA005041/raw/legacy_source/abTCR/HC25.TCR.csv,8986683,1762082913000000000,inode_preserved_by_same_filesystem_rename,
HRA005041,raw,tcr_source,newdata/HRA005041/abTCR/HC26.TCR.csv,data/datasets/HRA005041/raw/legacy_source/abTCR/HC26.TCR.csv,1829739,1762082913000000000,inode_preserved_by_same_filesystem_rename,
HRA005041,raw,tcr_source,newdata/HRA005041/abTCR/HC27.TCR.csv,data/datasets/HRA005041/raw/legacy_source/abTCR/HC27.TCR.csv,7581725,1762082913000000000,inode_preserved_by_same_filesystem_rename,
HRA005041,raw,tcr_source,newdata/HRA005041/abTCR/HC28.TCR.csv,data/datasets/HRA005041/raw/legacy_source/abTCR/HC28.TCR.csv,1452067,1762082913000000000,inode_preserved_by_same_filesystem_rename,
HRA005041,raw,tcr_source,newdata/HRA005041/abTCR/HC29.TCR.csv,data/datasets/HRA005041/raw/legacy_source/abTCR/HC29.TCR.csv,896893,1762082913000000000,inode_preserved_by_same_filesystem_rename,
HRA005041,raw,tcr_source,newdata/HRA005041/abTCR/HC30.TCR.csv,data/datasets/HRA005041/raw/legacy_source/abTCR/HC30.TCR.csv,7776980,1762082913000000000,inode_preserved_by_same_filesystem_rename,
HRA005041,raw,tcr_source,newdata/HRA005041/abTCR/HC31.TCR.csv,data/datasets/HRA005041/raw/legacy_source/abTCR/HC31.TCR.csv,3227865,1762082913000000000,inode_preserved_by_same_filesystem_rename,
HRA005041,raw,tcr_source,newdata/HRA005041/abTCR/HC32.TCR.csv,data/datasets/HRA005041/raw/legacy_source/abTCR/HC32.TCR.csv,6841266,1762082913000000000,inode_preserved_by_same_filesystem_rename,
HRA005041,raw,tcr_source,newdata/HRA005041/abTCR/HC33.TCR.csv,data/datasets/HRA005041/raw/legacy_source/abTCR/HC33.TCR.csv,1805806,1762082913000000000,inode_preserved_by_same_filesystem_rename,
HRA005041,raw,tcr_source,newdata/HRA005041/abTCR/HC34.TCR.csv,data/datasets/HRA005041/raw/legacy_source/abTCR/HC34.TCR.csv,919779,1762082913000000000,inode_preserved_by_same_filesystem_rename,
HRA005041,raw,tcr_source,newdata/HRA005041/abTCR/HC35.TCR.csv,data/datasets/HRA005041/raw/legacy_source/abTCR/HC35.TCR.csv,304387,1762082913000000000,inode_preserved_by_same_filesystem_rename,
HRA005041,raw,tcr_source,newdata/HRA005041/abTCR/HC36.TCR.csv,data/datasets/HRA005041/raw/legacy_source/abTCR/HC36.TCR.csv,1096518,1762082914000000000,inode_preserved_by_same_filesystem_rename,
HRA005041,raw,tcr_source,newdata/HRA005041/abTCR/HC37.TCR.csv,data/datasets/HRA005041/raw/legacy_source/abTCR/HC37.TCR.csv,9570944,1762082914000000000,inode_preserved_by_same_filesystem_rename,
HRA005041,raw,tcr_source,newdata/HRA005041/abTCR/HC38.TCR.csv,data/datasets/HRA005041/raw/legacy_source/abTCR/HC38.TCR.csv,60488,1762082914000000000,inode_preserved_by_same_filesystem_rename,
HRA005041,raw,tcr_source,newdata/HRA005041/abTCR/HC39.TCR.csv,data/datasets/HRA005041/raw/legacy_source/abTCR/HC39.TCR.csv,3394203,1762082914000000000,inode_preserved_by_same_filesystem_rename,
HRA005041,raw,tcr_source,newdata/HRA005041/abTCR/HC40.TCR.csv,data/datasets/HRA005041/raw/legacy_source/abTCR/HC40.TCR.csv,3243967,1762082914000000000,inode_preserved_by_same_filesystem_rename,
HRA005041,raw,tcr_source,newdata/HRA005041/abTCR/HC41.TCR.csv,data/datasets/HRA005041/raw/legacy_source/abTCR/HC41.TCR.csv,5498077,1762082914000000000,inode_preserved_by_same_filesystem_rename,
HRA005041,raw,tcr_source,newdata/HRA005041/abTCR/HC42.TCR.csv,data/datasets/HRA005041/raw/legacy_source/abTCR/HC42.TCR.csv,940601,1762082914000000000,inode_preserved_by_same_filesystem_rename,
HRA005041,raw,tcr_source,newdata/HRA005041/abTCR/HC43.TCR.csv,data/datasets/HRA005041/raw/legacy_source/abTCR/HC43.TCR.csv,3867912,1762082914000000000,inode_preserved_by_same_filesystem_rename,
HRA005041,raw,tcr_source,newdata/HRA005041/abTCR/HC44.TCR.csv,data/datasets/HRA005041/raw/legacy_source/abTCR/HC44.TCR.csv,6442303,1762082914000000000,inode_preserved_by_same_filesystem_rename,
HRA005041,raw,tcr_source,newdata/HRA005041/abTCR/HC45.TCR.csv,data/datasets/HRA005041/raw/legacy_source/abTCR/HC45.TCR.csv,6132150,1762082914000000000,inode_preserved_by_same_filesystem_rename,
HRA005041,raw,tcr_source,newdata/HRA005041/abTCR/HC46.TCR.csv,data/datasets/HRA005041/raw/legacy_source/abTCR/HC46.TCR.csv,8301540,1762082915000000000,inode_preserved_by_same_filesystem_rename,
HRA005041,raw,tcr_source,newdata/HRA005041/abTCR/HC47.TCR.csv,data/datasets/HRA005041/raw/legacy_source/abTCR/HC47.TCR.csv,2748858,1762082915000000000,inode_preserved_by_same_filesystem_rename,
HRA005041,raw,tcr_source,newdata/HRA005041/abTCR/HC48.TCR.csv,data/datasets/HRA005041/raw/legacy_source/abTCR/HC48.TCR.csv,713441,1762082915000000000,inode_preserved_by_same_filesystem_rename,
HRA005041,raw,tcr_source,newdata/HRA005041/abTCR/HC49.TCR.csv,data/datasets/HRA005041/raw/legacy_source/abTCR/HC49.TCR.csv,1434043,1762082915000000000,inode_preserved_by_same_filesystem_rename,
HRA005041,raw,tcr_source,newdata/HRA005041/abTCR/HC50.TCR.csv,data/datasets/HRA005041/raw/legacy_source/abTCR/HC50.TCR.csv,7001979,1762082915000000000,inode_preserved_by_same_filesystem_rename,
HRA005041,raw,tcr_source,newdata/HRA005041/abTCR/HC51.TCR.csv,data/datasets/HRA005041/raw/legacy_source/abTCR/HC51.TCR.csv,2084265,1762082915000000000,inode_preserved_by_same_filesystem_rename,
HRA005041,raw,tcr_source,newdata/HRA005041/abTCR/HC52.TCR.csv,data/datasets/HRA005041/raw/legacy_source/abTCR/HC52.TCR.csv,3119065,1762082915000000000,inode_preserved_by_same_filesystem_rename,
HRA005041,raw,tcr_source,newdata/HRA005041/abTCR/HC53.TCR.csv,data/datasets/HRA005041/raw/legacy_source/abTCR/HC53.TCR.csv,3025740,1762082915000000000,inode_preserved_by_same_filesystem_rename,
HRA005041,raw,tcr_source,newdata/HRA005041/abTCR/HC54.TCR.csv,data/datasets/HRA005041/raw/legacy_source/abTCR/HC54.TCR.csv,3635277,1762082915000000000,inode_preserved_by_same_filesystem_rename,
HRA005041,raw,tcr_source,newdata/HRA005041/abTCR/HC55.TCR.csv,data/datasets/HRA005041/raw/legacy_source/abTCR/HC55.TCR.csv,854626,1762082915000000000,inode_preserved_by_same_filesystem_rename,
HRA005041,raw,tcr_source,newdata/HRA005041/abTCR/HC56.TCR.csv,data/datasets/HRA005041/raw/legacy_source/abTCR/HC56.TCR.csv,298305,1762082915000000000,inode_preserved_by_same_filesystem_rename,
HRA005041,raw,tcr_source,newdata/HRA005041/abTCR/HC57.TCR.csv,data/datasets/HRA005041/raw/legacy_source/abTCR/HC57.TCR.csv,43343,1762082915000000000,inode_preserved_by_same_filesystem_rename,
HRA005041,raw,tcr_source,newdata/HRA005041/abTCR/HC58.TCR.csv,data/datasets/HRA005041/raw/legacy_source/abTCR/HC58.TCR.csv,759842,1762082915000000000,inode_preserved_by_same_filesystem_rename,
HRA005041,raw,tcr_source,newdata/HRA005041/abTCR/HC59.TCR.csv,data/datasets/HRA005041/raw/legacy_source/abTCR/HC59.TCR.csv,191315,1762082915000000000,inode_preserved_by_same_filesystem_rename,
HRA005041,raw,tcr_source,newdata/HRA005041/abTCR/HC60.TCR.csv,data/datasets/HRA005041/raw/legacy_source/abTCR/HC60.TCR.csv,241483,1762082915000000000,inode_preserved_by_same_filesystem_rename,
HRA005041,raw,tcr_source,newdata/HRA005041/abTCR/HC61.TCR.csv,data/datasets/HRA005041/raw/legacy_source/abTCR/HC61.TCR.csv,201511,1762082915000000000,inode_preserved_by_same_filesystem_rename,
HRA005041,raw,tcr_source,newdata/HRA005041/abTCR/HC62.TCR.csv,data/datasets/HRA005041/raw/legacy_source/abTCR/HC62.TCR.csv,4500804,1762082915000000000,inode_preserved_by_same_filesystem_rename,
HRA005041,raw,tcr_source,newdata/HRA005041/abTCR/HC63.TCR.csv,data/datasets/HRA005041/raw/legacy_source/abTCR/HC63.TCR.csv,6983907,1762082916000000000,inode_preserved_by_same_filesystem_rename,
HRA005041,raw,tcr_source,newdata/HRA005041/abTCR/HC64.TCR.csv,data/datasets/HRA005041/raw/legacy_source/abTCR/HC64.TCR.csv,10301418,1762082916000000000,inode_preserved_by_same_filesystem_rename,
HRA005041,raw,tcr_source,newdata/HRA005041/abTCR/HC65.TCR.csv,data/datasets/HRA005041/raw/legacy_source/abTCR/HC65.TCR.csv,2466154,1762082916000000000,inode_preserved_by_same_filesystem_rename,
HRA005041,raw,tcr_source,newdata/HRA005041/abTCR/HC66.TCR.csv,data/datasets/HRA005041/raw/legacy_source/abTCR/HC66.TCR.csv,175625,1762082916000000000,inode_preserved_by_same_filesystem_rename,
HRA005041,raw,tcr_source,newdata/HRA005041/abTCR/HC67.TCR.csv,data/datasets/HRA005041/raw/legacy_source/abTCR/HC67.TCR.csv,1634242,1762082916000000000,inode_preserved_by_same_filesystem_rename,
HRA005041,raw,tcr_source,newdata/HRA005041/abTCR/HC68.TCR.csv,data/datasets/HRA005041/raw/legacy_source/abTCR/HC68.TCR.csv,7386498,1762082916000000000,inode_preserved_by_same_filesystem_rename,
HRA005041,raw,tcr_source,newdata/HRA005041/abTCR/HC69.TCR.csv,data/datasets/HRA005041/raw/legacy_source/abTCR/HC69.TCR.csv,307541,1762082916000000000,inode_preserved_by_same_filesystem_rename,
HRA005041,raw,tcr_source,newdata/HRA005041/abTCR/HC70.TCR.csv,data/datasets/HRA005041/raw/legacy_source/abTCR/HC70.TCR.csv,1847164,1762082916000000000,inode_preserved_by_same_filesystem_rename,
HRA005041,raw,tcr_source,newdata/HRA005041/abTCR/HC71.TCR.csv,data/datasets/HRA005041/raw/legacy_source/abTCR/HC71.TCR.csv,888199,1762082916000000000,inode_preserved_by_same_filesystem_rename,
HRA005041,raw,tcr_source,newdata/HRA005041/abTCR/HC72.TCR.csv,data/datasets/HRA005041/raw/legacy_source/abTCR/HC72.TCR.csv,3359687,1762082916000000000,inode_preserved_by_same_filesystem_rename,
HRA005041,raw,tcr_source,newdata/HRA005041/abTCR/HC73.TCR.csv,data/datasets/HRA005041/raw/legacy_source/abTCR/HC73.TCR.csv,2932241,1762082916000000000,inode_preserved_by_same_filesystem_rename,
HRA005041,raw,tcr_source,newdata/HRA005041/abTCR/HC74.TCR.csv,data/datasets/HRA005041/raw/legacy_source/abTCR/HC74.TCR.csv,280598,1762082916000000000,inode_preserved_by_same_filesystem_rename,
HRA005041,raw,tcr_source,newdata/HRA005041/abTCR/HC75.TCR.csv,data/datasets/HRA005041/raw/legacy_source/abTCR/HC75.TCR.csv,1894126,1762082917000000000,inode_preserved_by_same_filesystem_rename,
HRA005041,raw,tcr_source,newdata/HRA005041/abTCR/HC76.TCR.csv,data/datasets/HRA005041/raw/legacy_source/abTCR/HC76.TCR.csv,4951385,1762082917000000000,inode_preserved_by_same_filesystem_rename,
HRA005041,raw,tcr_source,newdata/HRA005041/abTCR/HC77.TCR.csv,data/datasets/HRA005041/raw/legacy_source/abTCR/HC77.TCR.csv,815537,1762082917000000000,inode_preserved_by_same_filesystem_rename,
HRA005041,raw,tcr_source,newdata/HRA005041/abTCR/HC78.TCR.csv,data/datasets/HRA005041/raw/legacy_source/abTCR/HC78.TCR.csv,500447,1762082917000000000,inode_preserved_by_same_filesystem_rename,
HRA005041,raw,tcr_source,newdata/HRA005041/abTCR/HC79.TCR.csv,data/datasets/HRA005041/raw/legacy_source/abTCR/HC79.TCR.csv,12133674,1762082917000000000,inode_preserved_by_same_filesystem_rename,
HRA005041,raw,tcr_source,newdata/HRA005041/abTCR/HC80.TCR.csv,data/datasets/HRA005041/raw/legacy_source/abTCR/HC80.TCR.csv,6029093,1762082917000000000,inode_preserved_by_same_filesystem_rename,
HRA005041,raw,tcr_source,newdata/HRA005041/abTCR/HC83.TCR.csv,data/datasets/HRA005041/raw/legacy_source/abTCR/HC83.TCR.csv,2394377,1762082917000000000,inode_preserved_by_same_filesystem_rename,
HRA005041,raw,tcr_source,newdata/HRA005041/abTCR/HC84.TCR.csv,data/datasets/HRA005041/raw/legacy_source/abTCR/HC84.TCR.csv,137349,1762082917000000000,inode_preserved_by_same_filesystem_rename,
HRA005041,raw,tcr_source,newdata/HRA005041/abTCR/HC85.TCR.csv,data/datasets/HRA005041/raw/legacy_source/abTCR/HC85.TCR.csv,343710,1762082917000000000,inode_preserved_by_same_filesystem_rename,
HRA005041,raw,tcr_source,newdata/HRA005041/abTCR/HC86.TCR.csv,data/datasets/HRA005041/raw/legacy_source/abTCR/HC86.TCR.csv,3166935,1762082917000000000,inode_preserved_by_same_filesystem_rename,
HRA005041,raw,tcr_source,newdata/HRA005041/abTCR/HC87.TCR.csv,data/datasets/HRA005041/raw/legacy_source/abTCR/HC87.TCR.csv,622903,1762082917000000000,inode_preserved_by_same_filesystem_rename,
HRA005041,raw,tcr_source,newdata/HRA005041/abTCR/HC88.TCR.csv,data/datasets/HRA005041/raw/legacy_source/abTCR/HC88.TCR.csv,1003312,1762082917000000000,inode_preserved_by_same_filesystem_rename,
HRA005041,raw,tcr_source,newdata/HRA005041/abTCR/HC89.TCR.csv,data/datasets/HRA005041/raw/legacy_source/abTCR/HC89.TCR.csv,1228061,1762082917000000000,inode_preserved_by_same_filesystem_rename,
HRA005041,raw,tcr_source,newdata/HRA005041/abTCR/HC90.TCR.csv,data/datasets/HRA005041/raw/legacy_source/abTCR/HC90.TCR.csv,677348,1762082917000000000,inode_preserved_by_same_filesystem_rename,
HRA005041,raw,tcr_source,newdata/HRA005041/abTCR/HC91.TCR.csv,data/datasets/HRA005041/raw/legacy_source/abTCR/HC91.TCR.csv,43992,1762082917000000000,inode_preserved_by_same_filesystem_rename,
HRA005041,raw,tcr_source,newdata/HRA005041/abTCR/HC92.TCR.csv,data/datasets/HRA005041/raw/legacy_source/abTCR/HC92.TCR.csv,9547277,1762082917000000000,inode_preserved_by_same_filesystem_rename,
HRA005041,raw,tcr_source,newdata/HRA005041/abTCR/HC93.TCR.csv,data/datasets/HRA005041/raw/legacy_source/abTCR/HC93.TCR.csv,7970912,1762082918000000000,inode_preserved_by_same_filesystem_rename,
HRA005041,raw,tcr_source,newdata/HRA005041/abTCR/HC94.TCR.csv,data/datasets/HRA005041/raw/legacy_source/abTCR/HC94.TCR.csv,418981,1762082918000000000,inode_preserved_by_same_filesystem_rename,
HRA005041,raw,tcr_source,newdata/HRA005041/abTCR/HC95.TCR.csv,data/datasets/HRA005041/raw/legacy_source/abTCR/HC95.TCR.csv,2888524,1762082918000000000,inode_preserved_by_same_filesystem_rename,
HRA005041,raw,tcr_source,newdata/HRA005041/abTCR/HC96.TCR.csv,data/datasets/HRA005041/raw/legacy_source/abTCR/HC96.TCR.csv,731827,1762082918000000000,inode_preserved_by_same_filesystem_rename,
HRA005041,raw,tcr_source,newdata/HRA005041/abTCR/HC97.TCR.csv,data/datasets/HRA005041/raw/legacy_source/abTCR/HC97.TCR.csv,468876,1762082918000000000,inode_preserved_by_same_filesystem_rename,
HRA005041,raw,tcr_source,newdata/HRA005041/abTCR/HC98.TCR.csv,data/datasets/HRA005041/raw/legacy_source/abTCR/HC98.TCR.csv,6820698,1762082918000000000,inode_preserved_by_same_filesystem_rename,
HRA005041,raw,tcr_source,newdata/HRA005041/abTCR/HC99.TCR.csv,data/datasets/HRA005041/raw/legacy_source/abTCR/HC99.TCR.csv,10387,1762082918000000000,inode_preserved_by_same_filesystem_rename,
HRA005041,raw,tcr_source,newdata/HRA005041/abTCR/TCR.tar,data/datasets/HRA005041/raw/legacy_source/abTCR/TCR.tar,0,1776095101443824386,inode_preserved_by_same_filesystem_rename,
HRA005041,raw,tcr_source,newdata/HRA005041/abTCR/TCR.tar.gz,data/datasets/HRA005041/raw/legacy_source/abTCR/TCR.tar.gz,193431975,1776095139883113106,inode_preserved_by_same_filesystem_rename,
HRA005041,raw,unclassified_source,newdata/HRA005041/gdTCR/H30-T_result.clones.tsv,data/datasets/HRA005041/raw/legacy_source/gdTCR/H30-T_result.clones.tsv,1676482,1767429116000000000,inode_preserved_by_same_filesystem_rename,
HRA005041,raw,unclassified_source,newdata/HRA005041/gdTCR/H39-T_result.clones.tsv,data/datasets/HRA005041/raw/legacy_source/gdTCR/H39-T_result.clones.tsv,1933446,1767429131000000000,inode_preserved_by_same_filesystem_rename,
HRA005041,raw,unclassified_source,newdata/HRA005041/gdTCR/H77-T_result.clones.tsv,data/datasets/HRA005041/raw/legacy_source/gdTCR/H77-T_result.clones.tsv,16043843,1767429147000000000,inode_preserved_by_same_filesystem_rename,
HRA005041,raw,unclassified_source,newdata/HRA005041/gdTCR/HC218-T_result.clones.tsv,data/datasets/HRA005041/raw/legacy_source/gdTCR/HC218-T_result.clones.tsv,13487303,1767429194000000000,inode_preserved_by_same_filesystem_rename,
HRA005041,raw,unclassified_source,newdata/HRA005041/gdTCR/HC222-T_result.clones.tsv,data/datasets/HRA005041/raw/legacy_source/gdTCR/HC222-T_result.clones.tsv,6512932,1767429211000000000,inode_preserved_by_same_filesystem_rename,
HRA005041,raw,unclassified_source,newdata/HRA005041/gdTCR/HC225-T_result.clones.tsv,data/datasets/HRA005041/raw/legacy_source/gdTCR/HC225-T_result.clones.tsv,7199932,1767429233000000000,inode_preserved_by_same_filesystem_rename,
HRA005041,raw,unclassified_source,newdata/HRA005041/gdTCR/HC76-T_result.clones.tsv,data/datasets/HRA005041/raw/legacy_source/gdTCR/HC76-T_result.clones.tsv,3444822,1767429165000000000,inode_preserved_by_same_filesystem_rename,
HRA005041,raw,unclassified_source,newdata/HRA005041/gdTCR/HC95-T_result.clones.tsv,data/datasets/HRA005041/raw/legacy_source/gdTCR/HC95-T_result.clones.tsv,1740873,1767429177000000000,inode_preserved_by_same_filesystem_rename,
MalteGDT,processed,standardized_h5ad,newdata/Sorted_gdT/MalteGDT_sorted_gdt.h5ad,data/datasets/MalteGDT/processed/artifacts/MalteGDT_sorted_gdt.h5ad,179862512,1776180240580661353,inode_preserved_by_same_filesystem_rename,
MalteGDT,raw,supplementary_archive,newdata/Sorted_gdT/MalteGDT.rds,data/datasets/MalteGDT/raw/source/MalteGDT.rds,211680785,1776138979973311906,inode_preserved_by_same_filesystem_rename,
