project_id,gse,library_id,platform_id,sample_type,donor_patient,technology_simple,tcr_vdj_flag,matrix_file,library_index
GSE125527,GSE125527,GSM3576396,GPL20301,Rectum immune cell; cell subtype: immune cells,,10x 5',with TCR/VDJ,downloads/GSE125527/matrix/GSE125527-GPL20301_series_matrix.txt.gz,1
GSE125527,GSE125527,GSM3576397,GPL20301,Rectum immune cell; cell subtype: immune cells,,10x 5',with TCR/VDJ,downloads/GSE125527/matrix/GSE125527-GPL20301_series_matrix.txt.gz,2
GSE125527,GSE125527,GSM3576398,GPL20301,Rectum immune cell; cell subtype: immune cells,,10x 5',with TCR/VDJ,downloads/GSE125527/matrix/GSE125527-GPL20301_series_matrix.txt.gz,3
GSE125527,GSE125527,GSM3576399,GPL20301,Rectum immune cell; cell subtype: immune cells,,10x 5',with TCR/VDJ,downloads/GSE125527/matrix/GSE125527-GPL20301_series_matrix.txt.gz,4
GSE125527,GSE125527,GSM3576400,GPL20301,Rectum immune cell; cell subtype: immune cells,,10x 5',with TCR/VDJ,downloads/GSE125527/matrix/GSE125527-GPL20301_series_matrix.txt.gz,5
GSE125527,GSE125527,GSM3576401,GPL20301,Rectum immune cell; cell subtype: immune cells,,10x 5',with TCR/VDJ,downloads/GSE125527/matrix/GSE125527-GPL20301_series_matrix.txt.gz,6
GSE125527,GSE125527,GSM3576402,GPL20301,Rectum immune cell; cell subtype: immune cells,,10x 5',with TCR/VDJ,downloads/GSE125527/matrix/GSE125527-GPL20301_series_matrix.txt.gz,7
GSE125527,GSE125527,GSM3576403,GPL20301,Rectum immune cell; cell subtype: immune cells,,10x 5',with TCR/VDJ,downloads/GSE125527/matrix/GSE125527-GPL20301_series_matrix.txt.gz,8
GSE125527,GSE125527,GSM3576404,GPL20301,Rectum immune cell; cell subtype: immune cells,,10x 5',with TCR/VDJ,downloads/GSE125527/matrix/GSE125527-GPL20301_series_matrix.txt.gz,9
GSE125527,GSE125527,GSM3576405,GPL20301,Rectum immune cell; cell subtype: immune cells,,10x 5',with TCR/VDJ,downloads/GSE125527/matrix/GSE125527-GPL20301_series_matrix.txt.gz,10
GSE125527,GSE125527,GSM3576406,GPL20301,Rectum immune cell; cell subtype: immune cells,,10x 5',with TCR/VDJ,downloads/GSE125527/matrix/GSE125527-GPL20301_series_matrix.txt.gz,11
GSE125527,GSE125527,GSM3576407,GPL20301,Rectum immune cell; cell subtype: immune cells,,10x 5',with TCR/VDJ,downloads/GSE125527/matrix/GSE125527-GPL20301_series_matrix.txt.gz,12
GSE125527,GSE125527,GSM3576408,GPL20301,Rectum immune cell; cell subtype: immune cells,,10x 5',with TCR/VDJ,downloads/GSE125527/matrix/GSE125527-GPL20301_series_matrix.txt.gz,13
GSE125527,GSE125527,GSM3576409,GPL20301,Rectum immune cell; cell subtype: immune cells,,10x 5',with TCR/VDJ,downloads/GSE125527/matrix/GSE125527-GPL20301_series_matrix.txt.gz,14
GSE125527,GSE125527,GSM3576410,GPL20301,Rectum immune cell; cell subtype: immune cells,,10x 5',with TCR/VDJ,downloads/GSE125527/matrix/GSE125527-GPL20301_series_matrix.txt.gz,15
GSE125527,GSE125527,GSM3576411,GPL20301,Blood immune cell; cell subtype: immune cells,,10x 5',with TCR/VDJ,downloads/GSE125527/matrix/GSE125527-GPL20301_series_matrix.txt.gz,16
GSE125527,GSE125527,GSM3576412,GPL20301,Blood immune cell; cell subtype: immune cells,,10x 5',with TCR/VDJ,downloads/GSE125527/matrix/GSE125527-GPL20301_series_matrix.txt.gz,17
GSE125527,GSE125527,GSM3576413,GPL20301,Blood immune cell; cell subtype: immune cells,,10x 5',with TCR/VDJ,downloads/GSE125527/matrix/GSE125527-GPL20301_series_matrix.txt.gz,18
GSE125527,GSE125527,GSM3576414,GPL20301,Blood immune cell; cell subtype: immune cells,,10x 5',with TCR/VDJ,downloads/GSE125527/matrix/GSE125527-GPL20301_series_matrix.txt.gz,19
GSE125527,GSE125527,GSM3576415,GPL20301,Blood immune cell; cell subtype: immune cells,,10x 5',with TCR/VDJ,downloads/GSE125527/matrix/GSE125527-GPL20301_series_matrix.txt.gz,20
GSE125527,GSE125527,GSM3576416,GPL20301,Blood immune cell; cell subtype: immune cells,,10x 5',with TCR/VDJ,downloads/GSE125527/matrix/GSE125527-GPL20301_series_matrix.txt.gz,21
GSE125527,GSE125527,GSM3576417,GPL20301,Blood immune cell; cell subtype: immune cells,,10x 5',with TCR/VDJ,downloads/GSE125527/matrix/GSE125527-GPL20301_series_matrix.txt.gz,22
GSE125527,GSE125527,GSM3576418,GPL20301,Blood immune cell; cell subtype: immune cells,,10x 5',with TCR/VDJ,downloads/GSE125527/matrix/GSE125527-GPL20301_series_matrix.txt.gz,23
GSE125527,GSE125527,GSM3576419,GPL20301,Blood immune cell; cell subtype: immune cells,,10x 5',with TCR/VDJ,downloads/GSE125527/matrix/GSE125527-GPL20301_series_matrix.txt.gz,24
GSE125527,GSE125527,GSM3576420,GPL20301,Blood immune cell; cell subtype: immune cells,,10x 5',with TCR/VDJ,downloads/GSE125527/matrix/GSE125527-GPL20301_series_matrix.txt.gz,25
GSE125527,GSE125527,GSM3576421,GPL20301,Blood immune cell; cell subtype: immune cells,,10x 5',with TCR/VDJ,downloads/GSE125527/matrix/GSE125527-GPL20301_series_matrix.txt.gz,26
GSE125527,GSE125527,GSM3576422,GPL20301,Blood immune cell; cell subtype: immune cells,,10x 5',with TCR/VDJ,downloads/GSE125527/matrix/GSE125527-GPL20301_series_matrix.txt.gz,27
GSE125527,GSE125527,GSM3576423,GPL20301,Blood immune cell; cell subtype: immune cells,,10x 5',with TCR/VDJ,downloads/GSE125527/matrix/GSE125527-GPL20301_series_matrix.txt.gz,28
GSE125527,GSE125527,GSM3576424,GPL20301,Blood immune cell; cell subtype: immune cells,,10x 5',with TCR/VDJ,downloads/GSE125527/matrix/GSE125527-GPL20301_series_matrix.txt.gz,29
GSE125527,GSE125527,GSM3576425,GPL20301,Blood immune cell; cell subtype: immune cells,,10x 5',with TCR/VDJ,downloads/GSE125527/matrix/GSE125527-GPL20301_series_matrix.txt.gz,30
GSE125527,GSE125527,GSM3576426,GPL20301,Ileum immune cell; cell subtype: immune cells,,10x 5',with TCR/VDJ,downloads/GSE125527/matrix/GSE125527-GPL20301_series_matrix.txt.gz,31
GSE125527,GSE125527,GSM3576427,GPL20301,Ileum immune cell; cell subtype: immune cells,,10x 5',with TCR/VDJ,downloads/GSE125527/matrix/GSE125527-GPL20301_series_matrix.txt.gz,32
GSE125527,GSE125527,GSM3576428,GPL20301,Ileum immune cell; cell subtype: immune cells,,10x 5',with TCR/VDJ,downloads/GSE125527/matrix/GSE125527-GPL20301_series_matrix.txt.gz,33
GSE125527,GSE125527,GSM3576429,GPL20301,Ileum immune cell; cell subtype: immune cells,,10x 5',with TCR/VDJ,downloads/GSE125527/matrix/GSE125527-GPL20301_series_matrix.txt.gz,34
GSE125527,GSE125527,GSM3576430,GPL20301,Ileum immune cell; cell subtype: immune cells,,10x 5',with TCR/VDJ,downloads/GSE125527/matrix/GSE125527-GPL20301_series_matrix.txt.gz,35
GSE125527,GSE125527,GSM3576431,GPL20301,Ileum immune cell; cell subtype: immune cells,,10x 5',with TCR/VDJ,downloads/GSE125527/matrix/GSE125527-GPL20301_series_matrix.txt.gz,36
GSE125527,GSE125527,GSM3576432,GPL20301,Rectum immune cell; cell subtype: immune cells,,10x 5',with TCR/VDJ,downloads/GSE125527/matrix/GSE125527-GPL20301_series_matrix.txt.gz,37
GSE125527,GSE125527,GSM3576433,GPL20301,Rectum immune cell; cell subtype: immune cells,,10x 5',with TCR/VDJ,downloads/GSE125527/matrix/GSE125527-GPL20301_series_matrix.txt.gz,38
GSE125527,GSE125527,GSM3576434,GPL24676,Rectum immune cell; cell subtype: immune cells,,10x 5',with TCR/VDJ,downloads/GSE125527/matrix/GSE125527-GPL24676_series_matrix.txt.gz,1
GSE125527,GSE125527,GSM3576435,GPL24676,Rectum immune cell; cell subtype: immune cells,,10x 5',with TCR/VDJ,downloads/GSE125527/matrix/GSE125527-GPL24676_series_matrix.txt.gz,2
GSE125527,GSE125527,GSM3576436,GPL24676,Rectum immune cell; cell subtype: immune cells,,10x 5',with TCR/VDJ,downloads/GSE125527/matrix/GSE125527-GPL24676_series_matrix.txt.gz,3
GSE125527,GSE125527,GSM3576437,GPL24676,Rectum immune cell; cell subtype: immune cells,,10x 5',with TCR/VDJ,downloads/GSE125527/matrix/GSE125527-GPL24676_series_matrix.txt.gz,4
GSE125527,GSE125527,GSM3576438,GPL24676,Rectum immune cell; cell subtype: immune cells,,10x 5',with TCR/VDJ,downloads/GSE125527/matrix/GSE125527-GPL24676_series_matrix.txt.gz,5
GSE125527,GSE125527,GSM3576439,GPL24676,Rectum immune cell; cell subtype: immune cells,,10x 5',with TCR/VDJ,downloads/GSE125527/matrix/GSE125527-GPL24676_series_matrix.txt.gz,6
GSE125527,GSE125527,GSM3576440,GPL24676,Rectum immune cell; cell subtype: immune cells,,10x 5',with TCR/VDJ,downloads/GSE125527/matrix/GSE125527-GPL24676_series_matrix.txt.gz,7
GSE125527,GSE125527,GSM3576441,GPL20301,Rectum immune cell; cell subtype: immune cells,,10x 5',with TCR/VDJ,downloads/GSE125527/matrix/GSE125527-GPL20301_series_matrix.txt.gz,39
GSE125527,GSE125527,GSM3576442,GPL20301,Rectum immune cell; cell subtype: immune cells,,10x 5',with TCR/VDJ,downloads/GSE125527/matrix/GSE125527-GPL20301_series_matrix.txt.gz,40
GSE125527,GSE125527,GSM3576443,GPL24676,Rectum immune cell; cell subtype: immune cells,,10x 5',with TCR/VDJ,downloads/GSE125527/matrix/GSE125527-GPL24676_series_matrix.txt.gz,8
GSE125527,GSE125527,GSM3576444,GPL24676,Rectum immune cell; cell subtype: immune cells,,10x 5',with TCR/VDJ,downloads/GSE125527/matrix/GSE125527-GPL24676_series_matrix.txt.gz,9
GSE125527,GSE125527,GSM3576445,GPL24676,Rectum immune cell; cell subtype: immune cells,,10x 5',with TCR/VDJ,downloads/GSE125527/matrix/GSE125527-GPL24676_series_matrix.txt.gz,10
GSE125527,GSE125527,GSM3576446,GPL20301,Blood immune cell; cell subtype: immune cells,,10x 5',with TCR/VDJ,downloads/GSE125527/matrix/GSE125527-GPL20301_series_matrix.txt.gz,41
GSE125527,GSE125527,GSM3576447,GPL24676,Blood immune cell; cell subtype: immune cells,,10x 5',with TCR/VDJ,downloads/GSE125527/matrix/GSE125527-GPL24676_series_matrix.txt.gz,11
GSE125527,GSE125527,GSM3576448,GPL24676,Blood immune cell; cell subtype: immune cells,,10x 5',with TCR/VDJ,downloads/GSE125527/matrix/GSE125527-GPL24676_series_matrix.txt.gz,12
GSE125527,GSE125527,GSM3576449,GPL24676,Blood immune cell; cell subtype: immune cells,,10x 5',with TCR/VDJ,downloads/GSE125527/matrix/GSE125527-GPL24676_series_matrix.txt.gz,13
GSE125527,GSE125527,GSM3576450,GPL24676,Blood immune cell; cell subtype: immune cells,,10x 5',with TCR/VDJ,downloads/GSE125527/matrix/GSE125527-GPL24676_series_matrix.txt.gz,14
GSE125527,GSE125527,GSM3576451,GPL24676,Blood immune cell; cell subtype: immune cells,,10x 5',with TCR/VDJ,downloads/GSE125527/matrix/GSE125527-GPL24676_series_matrix.txt.gz,15
GSE125527,GSE125527,GSM3576452,GPL24676,Blood immune cell; cell subtype: immune cells,,10x 5',with TCR/VDJ,downloads/GSE125527/matrix/GSE125527-GPL24676_series_matrix.txt.gz,16
GSE125527,GSE125527,GSM3576453,GPL24676,Blood immune cell; cell subtype: immune cells,,10x 5',with TCR/VDJ,downloads/GSE125527/matrix/GSE125527-GPL24676_series_matrix.txt.gz,17
GSE125527,GSE125527,GSM3576454,GPL24676,Blood immune cell; cell subtype: immune cells,,10x 5',with TCR/VDJ,downloads/GSE125527/matrix/GSE125527-GPL24676_series_matrix.txt.gz,18
GSE125527,GSE125527,GSM3576455,GPL20301,Blood immune cell; cell subtype: immune cells,,10x 5',with TCR/VDJ,downloads/GSE125527/matrix/GSE125527-GPL20301_series_matrix.txt.gz,42
GSE125527,GSE125527,GSM3576456,GPL20301,Blood immune cell; cell subtype: immune cells,,10x 5',with TCR/VDJ,downloads/GSE125527/matrix/GSE125527-GPL20301_series_matrix.txt.gz,43
GSE125527,GSE125527,GSM3576457,GPL24676,Blood immune cell; cell subtype: immune cells,,10x 5',with TCR/VDJ,downloads/GSE125527/matrix/GSE125527-GPL24676_series_matrix.txt.gz,19
GSE125527,GSE125527,GSM3576458,GPL24676,Blood immune cell; cell subtype: immune cells,,10x 5',with TCR/VDJ,downloads/GSE125527/matrix/GSE125527-GPL24676_series_matrix.txt.gz,20
GSE125527,GSE125527,GSM3576459,GPL24676,Blood immune cell; cell subtype: immune cells,,10x 5',with TCR/VDJ,downloads/GSE125527/matrix/GSE125527-GPL24676_series_matrix.txt.gz,21
GSE125527,GSE125527,GSM3576460,GPL20301,Ileum immune cell; cell subtype: immune cells,,10x 5',with TCR/VDJ,downloads/GSE125527/matrix/GSE125527-GPL20301_series_matrix.txt.gz,44
GSE125527,GSE125527,GSM3576461,GPL20301,Ileum immune cell; cell subtype: immune cells,,10x 5',with TCR/VDJ,downloads/GSE125527/matrix/GSE125527-GPL20301_series_matrix.txt.gz,45
GSE125527,GSE125527,GSM3576462,GPL24676,Ileum immune cell; cell subtype: immune cells,,10x 5',with TCR/VDJ,downloads/GSE125527/matrix/GSE125527-GPL24676_series_matrix.txt.gz,22
GSE125527,GSE125527,GSM3576463,GPL24676,Ileum immune cell; cell subtype: immune cells,,10x 5',with TCR/VDJ,downloads/GSE125527/matrix/GSE125527-GPL24676_series_matrix.txt.gz,23
GSE125527,GSE125527,GSM3576464,GPL24676,Ileum immune cell; cell subtype: immune cells,,10x 5',with TCR/VDJ,downloads/GSE125527/matrix/GSE125527-GPL24676_series_matrix.txt.gz,24
GSE125527,GSE125527,GSM3576465,GPL20301,Rectum immune cell; cell subtype: immune cells,,10x 5',with TCR/VDJ,downloads/GSE125527/matrix/GSE125527-GPL20301_series_matrix.txt.gz,46
GSE125527,GSE125527,GSM3576466,GPL20301,Rectum immune cell; cell subtype: immune cells,,10x 5',with TCR/VDJ,downloads/GSE125527/matrix/GSE125527-GPL20301_series_matrix.txt.gz,47
GSE125527,GSE125527,GSM3576467,GPL24676,Rectum immune cell; cell subtype: immune cells,,10x 5',with TCR/VDJ,downloads/GSE125527/matrix/GSE125527-GPL24676_series_matrix.txt.gz,25
GSE125527,GSE125527,GSM3576468,GPL24676,Rectum immune cell; cell subtype: immune cells,,10x 5',with TCR/VDJ,downloads/GSE125527/matrix/GSE125527-GPL24676_series_matrix.txt.gz,26
GSE125527,GSE125527,GSM3576469,GPL24676,Rectum immune cell; cell subtype: immune cells,,10x 5',with TCR/VDJ,downloads/GSE125527/matrix/GSE125527-GPL24676_series_matrix.txt.gz,27
GSE125527,GSE125527,GSM3576470,GPL24676,Rectum immune cell; cell subtype: immune cells,,10x 5',with TCR/VDJ,downloads/GSE125527/matrix/GSE125527-GPL24676_series_matrix.txt.gz,28
GSE125527,GSE125527,GSM3576471,GPL24676,Rectum immune cell; cell subtype: immune cells,,10x 5',with TCR/VDJ,downloads/GSE125527/matrix/GSE125527-GPL24676_series_matrix.txt.gz,29
GSE125527,GSE125527,GSM3576472,GPL24676,Rectum immune cell; cell subtype: immune cells,,10x 5',with TCR/VDJ,downloads/GSE125527/matrix/GSE125527-GPL24676_series_matrix.txt.gz,30
GSE125527,GSE125527,GSM3576473,GPL24676,Rectum immune cell; cell subtype: immune cells,,10x 5',with TCR/VDJ,downloads/GSE125527/matrix/GSE125527-GPL24676_series_matrix.txt.gz,31
GSE125527,GSE125527,GSM3576474,GPL24676,Rectum immune cell; cell subtype: immune cells,,10x 5',with TCR/VDJ,downloads/GSE125527/matrix/GSE125527-GPL24676_series_matrix.txt.gz,32
GSE125527,GSE125527,GSM3576475,GPL20301,Rectum immune cell; cell subtype: immune cells,,10x 5',with TCR/VDJ,downloads/GSE125527/matrix/GSE125527-GPL20301_series_matrix.txt.gz,48
GSE125527,GSE125527,GSM3576476,GPL20301,Rectum immune cell; cell subtype: immune cells,,10x 5',with TCR/VDJ,downloads/GSE125527/matrix/GSE125527-GPL20301_series_matrix.txt.gz,49
GSE125527,GSE125527,GSM3576477,GPL24676,Rectum immune cell; cell subtype: immune cells,,10x 5',with TCR/VDJ,downloads/GSE125527/matrix/GSE125527-GPL24676_series_matrix.txt.gz,33
GSE125527,GSE125527,GSM3576478,GPL24676,Rectum immune cell; cell subtype: immune cells,,10x 5',with TCR/VDJ,downloads/GSE125527/matrix/GSE125527-GPL24676_series_matrix.txt.gz,34
GSE125527,GSE125527,GSM3576479,GPL24676,Rectum immune cell; cell subtype: immune cells,,10x 5',with TCR/VDJ,downloads/GSE125527/matrix/GSE125527-GPL24676_series_matrix.txt.gz,35
GSE125527,GSE125527,GSM3576480,GPL20301,Blood immune cell; cell subtype: immune cells,,10x 5',with TCR/VDJ,downloads/GSE125527/matrix/GSE125527-GPL20301_series_matrix.txt.gz,50
GSE125527,GSE125527,GSM3576481,GPL24676,Blood immune cell; cell subtype: immune cells,,10x 5',with TCR/VDJ,downloads/GSE125527/matrix/GSE125527-GPL24676_series_matrix.txt.gz,36
GSE125527,GSE125527,GSM3576482,GPL24676,Blood immune cell; cell subtype: immune cells,,10x 5',with TCR/VDJ,downloads/GSE125527/matrix/GSE125527-GPL24676_series_matrix.txt.gz,37
GSE125527,GSE125527,GSM3576483,GPL24676,Blood immune cell; cell subtype: immune cells,,10x 5',with TCR/VDJ,downloads/GSE125527/matrix/GSE125527-GPL24676_series_matrix.txt.gz,38
GSE125527,GSE125527,GSM3576484,GPL24676,Blood immune cell; cell subtype: immune cells,,10x 5',with TCR/VDJ,downloads/GSE125527/matrix/GSE125527-GPL24676_series_matrix.txt.gz,39
GSE125527,GSE125527,GSM3576485,GPL24676,Blood immune cell; cell subtype: immune cells,,10x 5',with TCR/VDJ,downloads/GSE125527/matrix/GSE125527-GPL24676_series_matrix.txt.gz,40
GSE125527,GSE125527,GSM3576486,GPL24676,Blood immune cell; cell subtype: immune cells,,10x 5',with TCR/VDJ,downloads/GSE125527/matrix/GSE125527-GPL24676_series_matrix.txt.gz,41
GSE125527,GSE125527,GSM3576487,GPL24676,Blood immune cell; cell subtype: immune cells,,10x 5',with TCR/VDJ,downloads/GSE125527/matrix/GSE125527-GPL24676_series_matrix.txt.gz,42
GSE125527,GSE125527,GSM3576488,GPL24676,Blood immune cell; cell subtype: immune cells,,10x 5',with TCR/VDJ,downloads/GSE125527/matrix/GSE125527-GPL24676_series_matrix.txt.gz,43
GSE125527,GSE125527,GSM3576489,GPL20301,Blood immune cell; cell subtype: immune cells,,10x 5',with TCR/VDJ,downloads/GSE125527/matrix/GSE125527-GPL20301_series_matrix.txt.gz,51
GSE125527,GSE125527,GSM3576490,GPL20301,Blood immune cell; cell subtype: immune cells,,10x 5',with TCR/VDJ,downloads/GSE125527/matrix/GSE125527-GPL20301_series_matrix.txt.gz,52
GSE125527,GSE125527,GSM3576491,GPL24676,Blood immune cell; cell subtype: immune cells,,10x 5',with TCR/VDJ,downloads/GSE125527/matrix/GSE125527-GPL24676_series_matrix.txt.gz,44
GSE125527,GSE125527,GSM3576492,GPL24676,Blood immune cell; cell subtype: immune cells,,10x 5',with TCR/VDJ,downloads/GSE125527/matrix/GSE125527-GPL24676_series_matrix.txt.gz,45
GSE125527,GSE125527,GSM3576493,GPL24676,Blood immune cell; cell subtype: immune cells,,10x 5',with TCR/VDJ,downloads/GSE125527/matrix/GSE125527-GPL24676_series_matrix.txt.gz,46
GSE125527,GSE125527,GSM3576494,GPL20301,Ileum immune cell; cell subtype: immune cells,,10x 5',with TCR/VDJ,downloads/GSE125527/matrix/GSE125527-GPL20301_series_matrix.txt.gz,53
GSE125527,GSE125527,GSM3576495,GPL20301,Ileum immune cell; cell subtype: immune cells,,10x 5',with TCR/VDJ,downloads/GSE125527/matrix/GSE125527-GPL20301_series_matrix.txt.gz,54
GSE125527,GSE125527,GSM3576496,GPL24676,Ileum immune cell; cell subtype: immune cells,,10x 5',with TCR/VDJ,downloads/GSE125527/matrix/GSE125527-GPL24676_series_matrix.txt.gz,47
GSE125527,GSE125527,GSM3576497,GPL24676,Ileum immune cell; cell subtype: immune cells,,10x 5',with TCR/VDJ,downloads/GSE125527/matrix/GSE125527-GPL24676_series_matrix.txt.gz,48
GSE125527,GSE125527,GSM3576498,GPL24676,Ileum immune cell; cell subtype: immune cells,,10x 5',with TCR/VDJ,downloads/GSE125527/matrix/GSE125527-GPL24676_series_matrix.txt.gz,49
GSE139555,GSE139555,GSM4143655,GPL20301,CD3+ immune cells; phenotype: Lung adenocarcinoma,,10x 5',with TCR/VDJ,downloads/GSE139555/matrix/GSE139555_series_matrix.txt.gz,1
GSE139555,GSE139555,GSM4143656,GPL20301,CD3+ immune cells; phenotype: Lung adenocarcinoma,,10x 5',with TCR/VDJ,downloads/GSE139555/matrix/GSE139555_series_matrix.txt.gz,2
GSE139555,GSE139555,GSM4143657,GPL20301,"CD3+ immune cells; phenotype: Lung squamous cell carcinoma, nonkeratinizing",,10x 5',with TCR/VDJ,downloads/GSE139555/matrix/GSE139555_series_matrix.txt.gz,3
GSE139555,GSE139555,GSM4143658,GPL20301,"CD3+ immune cells; phenotype: Lung squamous cell carcinoma, nonkeratinizing",,10x 5',with TCR/VDJ,downloads/GSE139555/matrix/GSE139555_series_matrix.txt.gz,4
GSE139555,GSE139555,GSM4143659,GPL20301,"CD3+ immune cells; phenotype: Lung squamous cell carcinoma, keratinizing",,10x 5',with TCR/VDJ,downloads/GSE139555/matrix/GSE139555_series_matrix.txt.gz,5
GSE139555,GSE139555,GSM4143660,GPL20301,"CD3+ immune cells; phenotype: Lung squamous cell carcinoma, keratinizing",,10x 5',with TCR/VDJ,downloads/GSE139555/matrix/GSE139555_series_matrix.txt.gz,6
GSE139555,GSE139555,GSM4143661,GPL20301,CD3+ immune cells; phenotype: Lung adenocarcinoma,,10x 5',with TCR/VDJ,downloads/GSE139555/matrix/GSE139555_series_matrix.txt.gz,7
GSE139555,GSE139555,GSM4143662,GPL20301,CD3+ immune cells; phenotype: Lung adenocarcinoma,,10x 5',with TCR/VDJ,downloads/GSE139555/matrix/GSE139555_series_matrix.txt.gz,8
GSE139555,GSE139555,GSM4143663,GPL20301,CD45+ immune cells; phenotype: Lung adenocarcinoma,,10x 5',with TCR/VDJ,downloads/GSE139555/matrix/GSE139555_series_matrix.txt.gz,9
GSE139555,GSE139555,GSM4143664,GPL20301,CD45+ immune cells; phenotype: Lung adenocarcinoma,,10x 5',with TCR/VDJ,downloads/GSE139555/matrix/GSE139555_series_matrix.txt.gz,10
GSE139555,GSE139555,GSM4143665,GPL20301,CD45+ immune cells; phenotype: Large cell neuroendocrine carcinoma,,10x 5',with TCR/VDJ,downloads/GSE139555/matrix/GSE139555_series_matrix.txt.gz,11
GSE139555,GSE139555,GSM4143666,GPL20301,CD45+ immune cells; phenotype: Large cell neuroendocrine carcinoma,,10x 5',with TCR/VDJ,downloads/GSE139555/matrix/GSE139555_series_matrix.txt.gz,12
GSE139555,GSE139555,GSM4143667,GPL20301,CD45+ immune cells; phenotype: Large cell neuroendocrine carcinoma,,10x 5',with TCR/VDJ,downloads/GSE139555/matrix/GSE139555_series_matrix.txt.gz,13
GSE139555,GSE139555,GSM4143668,GPL20301,CD3+ immune cells; phenotype: Endometrial adenocarcinoma,,10x 5',with TCR/VDJ,downloads/GSE139555/matrix/GSE139555_series_matrix.txt.gz,14
GSE139555,GSE139555,GSM4143669,GPL20301,CD3+ immune cells; phenotype: Endometrial adenocarcinoma,,10x 5',with TCR/VDJ,downloads/GSE139555/matrix/GSE139555_series_matrix.txt.gz,15
GSE139555,GSE139555,GSM4143670,GPL20301,CD3+ immune cells; phenotype: Endometrial adenocarcinoma,,10x 5',with TCR/VDJ,downloads/GSE139555/matrix/GSE139555_series_matrix.txt.gz,16
GSE139555,GSE139555,GSM4143671,GPL20301,CD3+ immune cells; phenotype: Endometrial adenocarcinoma,,10x 5',with TCR/VDJ,downloads/GSE139555/matrix/GSE139555_series_matrix.txt.gz,17
GSE139555,GSE139555,GSM4143672,GPL20301,CD3+ immune cells; phenotype: Endometrial adenocarcinoma,,10x 5',with TCR/VDJ,downloads/GSE139555/matrix/GSE139555_series_matrix.txt.gz,18
GSE139555,GSE139555,GSM4143673,GPL20301,CD3+ immune cells; phenotype: Endometrial adenocarcinoma,,10x 5',with TCR/VDJ,downloads/GSE139555/matrix/GSE139555_series_matrix.txt.gz,19
GSE139555,GSE139555,GSM4143674,GPL20301,CD45+ immune cells; phenotype: Colorectal adenocarcinoma,,10x 5',with TCR/VDJ,downloads/GSE139555/matrix/GSE139555_series_matrix.txt.gz,20
GSE139555,GSE139555,GSM4143675,GPL20301,CD45+ immune cells; phenotype: Colorectal adenocarcinoma,,10x 5',with TCR/VDJ,downloads/GSE139555/matrix/GSE139555_series_matrix.txt.gz,21
GSE139555,GSE139555,GSM4143676,GPL20301,CD45+ immune cells; phenotype: Colorectal adenocarcinoma,,10x 5',with TCR/VDJ,downloads/GSE139555/matrix/GSE139555_series_matrix.txt.gz,22
GSE139555,GSE139555,GSM4143677,GPL20301,CD45+ immune cells; phenotype: Colorectal adenocarcinoma,,10x 5',with TCR/VDJ,downloads/GSE139555/matrix/GSE139555_series_matrix.txt.gz,23
GSE139555,GSE139555,GSM4143678,GPL20301,"CD45+ immune cells; phenotype: Renal cell carcinoma, clear cell",,10x 5',with TCR/VDJ,downloads/GSE139555/matrix/GSE139555_series_matrix.txt.gz,24
GSE139555,GSE139555,GSM4143679,GPL20301,"CD45+ immune cells; phenotype: Renal cell carcinoma, clear cell",,10x 5',with TCR/VDJ,downloads/GSE139555/matrix/GSE139555_series_matrix.txt.gz,25
GSE139555,GSE139555,GSM4143680,GPL20301,"CD45+ immune cells; phenotype: Renal cell carcinoma, clear cell",,10x 5',with TCR/VDJ,downloads/GSE139555/matrix/GSE139555_series_matrix.txt.gz,26
GSE139555,GSE139555,GSM4143681,GPL20301,"CD45+ immune cells; phenotype: Renal cell carcinoma, clear cell",,10x 5',with TCR/VDJ,downloads/GSE139555/matrix/GSE139555_series_matrix.txt.gz,27
GSE139555,GSE139555,GSM4143682,GPL20301,"CD45+ immune cells; phenotype: Renal cell carcinoma, clear cell",,10x 5',with TCR/VDJ,downloads/GSE139555/matrix/GSE139555_series_matrix.txt.gz,28
GSE139555,GSE139555,GSM4143683,GPL20301,"CD45+ immune cells; phenotype: Renal cell carcinoma, clear cell",,10x 5',with TCR/VDJ,downloads/GSE139555/matrix/GSE139555_series_matrix.txt.gz,29
GSE139555,GSE139555,GSM4143684,GPL20301,"CD45+ immune cells; phenotype: Renal cell carcinoma, clear cell",,10x 5',with TCR/VDJ,downloads/GSE139555/matrix/GSE139555_series_matrix.txt.gz,30
GSE139555,GSE139555,GSM4143685,GPL20301,"CD45+ immune cells; phenotype: Renal cell carcinoma, clear cell",,10x 5',with TCR/VDJ,downloads/GSE139555/matrix/GSE139555_series_matrix.txt.gz,31
GSE139555,GSE139555,GSM4143686,GPL20301,"CD45+ immune cells; phenotype: Renal cell carcinoma, clear cell",,10x 5',with TCR/VDJ,downloads/GSE139555/matrix/GSE139555_series_matrix.txt.gz,32
GSE144469,GSE144469,GSM4288826,GPL20301,Colon pinch biopsy,,10x 5',without TCR/VDJ,downloads/GSE144469/matrix/GSE144469-GPL20301_series_matrix.txt.gz,1
GSE144469,GSE144469,GSM4288827,GPL20301,Colon pinch biopsy,,10x 5',without TCR/VDJ,downloads/GSE144469/matrix/GSE144469-GPL20301_series_matrix.txt.gz,2
GSE144469,GSE144469,GSM4288828,GPL20301,Colon pinch biopsy,,10x 5',without TCR/VDJ,downloads/GSE144469/matrix/GSE144469-GPL20301_series_matrix.txt.gz,3
GSE144469,GSE144469,GSM4288829,GPL20301,Colon pinch biopsy,,10x 5',without TCR/VDJ,downloads/GSE144469/matrix/GSE144469-GPL20301_series_matrix.txt.gz,4
GSE144469,GSE144469,GSM4288830,GPL20301,Colon pinch biopsy,,10x 5',without TCR/VDJ,downloads/GSE144469/matrix/GSE144469-GPL20301_series_matrix.txt.gz,5
GSE144469,GSE144469,GSM4288831,GPL20301,Colon pinch biopsy,,10x 5',without TCR/VDJ,downloads/GSE144469/matrix/GSE144469-GPL20301_series_matrix.txt.gz,6
GSE144469,GSE144469,GSM4288832,GPL20301,Colon pinch biopsy,,10x 5',without TCR/VDJ,downloads/GSE144469/matrix/GSE144469-GPL20301_series_matrix.txt.gz,7
GSE144469,GSE144469,GSM4288833,GPL20301,Colon pinch biopsy,,10x 5',without TCR/VDJ,downloads/GSE144469/matrix/GSE144469-GPL20301_series_matrix.txt.gz,8
GSE144469,GSE144469,GSM4288834,GPL20301,Colon pinch biopsy,,10x 5',without TCR/VDJ,downloads/GSE144469/matrix/GSE144469-GPL20301_series_matrix.txt.gz,9
GSE144469,GSE144469,GSM4288835,GPL20301,Colon pinch biopsy,,10x 5',without TCR/VDJ,downloads/GSE144469/matrix/GSE144469-GPL20301_series_matrix.txt.gz,10
GSE144469,GSE144469,GSM4288836,GPL20301,Colon pinch biopsy,,10x 5',without TCR/VDJ,downloads/GSE144469/matrix/GSE144469-GPL20301_series_matrix.txt.gz,11
GSE144469,GSE144469,GSM4288837,GPL20301,Colon pinch biopsy,,10x 5',without TCR/VDJ,downloads/GSE144469/matrix/GSE144469-GPL20301_series_matrix.txt.gz,12
GSE144469,GSE144469,GSM4288838,GPL20301,Colon pinch biopsy,,10x 5',without TCR/VDJ,downloads/GSE144469/matrix/GSE144469-GPL20301_series_matrix.txt.gz,13
GSE144469,GSE144469,GSM4288839,GPL20301,Colon pinch biopsy,,10x 5',without TCR/VDJ,downloads/GSE144469/matrix/GSE144469-GPL20301_series_matrix.txt.gz,14
GSE144469,GSE144469,GSM4288840,GPL20301,Colon pinch biopsy,,10x 5',without TCR/VDJ,downloads/GSE144469/matrix/GSE144469-GPL20301_series_matrix.txt.gz,15
GSE144469,GSE144469,GSM4288841,GPL20301,Colon pinch biopsy,,10x 5',without TCR/VDJ,downloads/GSE144469/matrix/GSE144469-GPL20301_series_matrix.txt.gz,16
GSE144469,GSE144469,GSM4288842,GPL20301,Colon pinch biopsy,,10x 5',without TCR/VDJ,downloads/GSE144469/matrix/GSE144469-GPL20301_series_matrix.txt.gz,17
GSE144469,GSE144469,GSM4288843,GPL20301,Colon pinch biopsy,,10x 5',without TCR/VDJ,downloads/GSE144469/matrix/GSE144469-GPL20301_series_matrix.txt.gz,18
GSE144469,GSE144469,GSM4288844,GPL20301,Colon pinch biopsy,,10x 5',without TCR/VDJ,downloads/GSE144469/matrix/GSE144469-GPL20301_series_matrix.txt.gz,19
GSE144469,GSE144469,GSM4288845,GPL20301,Colon pinch biopsy,,10x 5',without TCR/VDJ,downloads/GSE144469/matrix/GSE144469-GPL20301_series_matrix.txt.gz,20
GSE144469,GSE144469,GSM4288846,GPL20301,Colon pinch biopsy,,10x 5',without TCR/VDJ,downloads/GSE144469/matrix/GSE144469-GPL20301_series_matrix.txt.gz,21
GSE144469,GSE144469,GSM4288847,GPL20301,Colon pinch biopsy,,10x 5',without TCR/VDJ,downloads/GSE144469/matrix/GSE144469-GPL20301_series_matrix.txt.gz,22
GSE144469,GSE144469,GSM4288848,GPL16791,Colon pinch biopsy,,10x 5',with TCR/VDJ,downloads/GSE144469/matrix/GSE144469-GPL16791_series_matrix.txt.gz,1
GSE144469,GSE144469,GSM4288849,GPL16791,Colon pinch biopsy,,10x 5',with TCR/VDJ,downloads/GSE144469/matrix/GSE144469-GPL16791_series_matrix.txt.gz,2
GSE144469,GSE144469,GSM4288850,GPL20301,Colon pinch biopsy,,10x 5',without TCR/VDJ,downloads/GSE144469/matrix/GSE144469-GPL20301_series_matrix.txt.gz,23
GSE144469,GSE144469,GSM4288851,GPL20301,Colon pinch biopsy,,10x 5',without TCR/VDJ,downloads/GSE144469/matrix/GSE144469-GPL20301_series_matrix.txt.gz,24
GSE144469,GSE144469,GSM4288852,GPL20301,Colon pinch biopsy,,10x 5',without TCR/VDJ,downloads/GSE144469/matrix/GSE144469-GPL20301_series_matrix.txt.gz,25
GSE144469,GSE144469,GSM4288853,GPL20301,Colon pinch biopsy,,10x 5',without TCR/VDJ,downloads/GSE144469/matrix/GSE144469-GPL20301_series_matrix.txt.gz,26
GSE144469,GSE144469,GSM4288854,GPL20301,Colon pinch biopsy,,10x 5',without TCR/VDJ,downloads/GSE144469/matrix/GSE144469-GPL20301_series_matrix.txt.gz,27
GSE144469,GSE144469,GSM4288855,GPL20301,Colon pinch biopsy,,10x 5',without TCR/VDJ,downloads/GSE144469/matrix/GSE144469-GPL20301_series_matrix.txt.gz,28
GSE144469,GSE144469,GSM4288856,GPL20301,Colon pinch biopsy,,10x 5',without TCR/VDJ,downloads/GSE144469/matrix/GSE144469-GPL20301_series_matrix.txt.gz,29
GSE144469,GSE144469,GSM4288857,GPL20301,Colon pinch biopsy,,10x 5',without TCR/VDJ,downloads/GSE144469/matrix/GSE144469-GPL20301_series_matrix.txt.gz,30
GSE144469,GSE144469,GSM4288858,GPL20301,Colon pinch biopsy,,10x 5',without TCR/VDJ,downloads/GSE144469/matrix/GSE144469-GPL20301_series_matrix.txt.gz,31
GSE144469,GSE144469,GSM4288859,GPL20301,Colon pinch biopsy,,10x 5',without TCR/VDJ,downloads/GSE144469/matrix/GSE144469-GPL20301_series_matrix.txt.gz,32
GSE144469,GSE144469,GSM4288860,GPL20301,Colon pinch biopsy,,10x 5',without TCR/VDJ,downloads/GSE144469/matrix/GSE144469-GPL20301_series_matrix.txt.gz,33
GSE144469,GSE144469,GSM4288861,GPL20301,Colon pinch biopsy,,10x 5',without TCR/VDJ,downloads/GSE144469/matrix/GSE144469-GPL20301_series_matrix.txt.gz,34
GSE144469,GSE144469,GSM4288862,GPL20301,Colon pinch biopsy,,10x 5',without TCR/VDJ,downloads/GSE144469/matrix/GSE144469-GPL20301_series_matrix.txt.gz,35
GSE144469,GSE144469,GSM4288863,GPL20301,Colon pinch biopsy,,10x 5',without TCR/VDJ,downloads/GSE144469/matrix/GSE144469-GPL20301_series_matrix.txt.gz,36
GSE144469,GSE144469,GSM4288864,GPL15520,Colon pinch biopsy,,10x 5',with TCR/VDJ,downloads/GSE144469/matrix/GSE144469-GPL15520_series_matrix.txt.gz,1
GSE144469,GSE144469,GSM4288865,GPL16791,Colon pinch biopsy,,10x 5',with TCR/VDJ,downloads/GSE144469/matrix/GSE144469-GPL16791_series_matrix.txt.gz,3
GSE144469,GSE144469,GSM4288866,GPL20301,Colon pinch biopsy,,10x 5',with TCR/VDJ,downloads/GSE144469/matrix/GSE144469-GPL20301_series_matrix.txt.gz,37
GSE144469,GSE144469,GSM4288867,GPL20301,Colon pinch biopsy,,10x 5',with TCR/VDJ,downloads/GSE144469/matrix/GSE144469-GPL20301_series_matrix.txt.gz,38
GSE144469,GSE144469,GSM4288868,GPL20301,Colon pinch biopsy,,10x 5',with TCR/VDJ,downloads/GSE144469/matrix/GSE144469-GPL20301_series_matrix.txt.gz,39
GSE144469,GSE144469,GSM4288869,GPL20301,Colon pinch biopsy,,10x 5',with TCR/VDJ,downloads/GSE144469/matrix/GSE144469-GPL20301_series_matrix.txt.gz,40
GSE144469,GSE144469,GSM4288870,GPL20301,Colon pinch biopsy,,10x 5',with TCR/VDJ,downloads/GSE144469/matrix/GSE144469-GPL20301_series_matrix.txt.gz,41
GSE144469,GSE144469,GSM4288871,GPL20301,Colon pinch biopsy,,10x 5',with TCR/VDJ,downloads/GSE144469/matrix/GSE144469-GPL20301_series_matrix.txt.gz,42
GSE144469,GSE144469,GSM4288872,GPL15520,Colon pinch biopsy,,10x 5',with TCR/VDJ,downloads/GSE144469/matrix/GSE144469-GPL15520_series_matrix.txt.gz,2
GSE144469,GSE144469,GSM4288873,GPL20301,Colon pinch biopsy,,10x 5',with TCR/VDJ,downloads/GSE144469/matrix/GSE144469-GPL20301_series_matrix.txt.gz,43
GSE144469,GSE144469,GSM4288874,GPL20301,Colon pinch biopsy,,10x 5',with TCR/VDJ,downloads/GSE144469/matrix/GSE144469-GPL20301_series_matrix.txt.gz,44
GSE144469,GSE144469,GSM4288875,GPL20301,Colon pinch biopsy,,10x 5',with TCR/VDJ,downloads/GSE144469/matrix/GSE144469-GPL20301_series_matrix.txt.gz,45
GSE144469,GSE144469,GSM4288876,GPL20301,Colon pinch biopsy,,10x 5',with TCR/VDJ,downloads/GSE144469/matrix/GSE144469-GPL20301_series_matrix.txt.gz,46
GSE144469,GSE144469,GSM4288877,GPL20301,Colon pinch biopsy,,10x 5',with TCR/VDJ,downloads/GSE144469/matrix/GSE144469-GPL20301_series_matrix.txt.gz,47
GSE144469,GSE144469,GSM4288878,GPL20301,Colon pinch biopsy,,10x 5',with TCR/VDJ,downloads/GSE144469/matrix/GSE144469-GPL20301_series_matrix.txt.gz,48
GSE144469,GSE144469,GSM4288879,GPL20301,Colon pinch biopsy,,10x 5',with TCR/VDJ,downloads/GSE144469/matrix/GSE144469-GPL20301_series_matrix.txt.gz,49
GSE144469,GSE144469,GSM4288880,GPL20301,Colon pinch biopsy,,10x 5',with TCR/VDJ,downloads/GSE144469/matrix/GSE144469-GPL20301_series_matrix.txt.gz,50
GSE144469,GSE144469,GSM4288881,GPL20301,Colon pinch biopsy,,10x 5',with TCR/VDJ,downloads/GSE144469/matrix/GSE144469-GPL20301_series_matrix.txt.gz,51
GSE144469,GSE144469,GSM4288882,GPL20301,Colon pinch biopsy,,10x 5',with TCR/VDJ,downloads/GSE144469/matrix/GSE144469-GPL20301_series_matrix.txt.gz,52
GSE144469,GSE144469,GSM4288883,GPL20301,Colon pinch biopsy,,10x 5',with TCR/VDJ,downloads/GSE144469/matrix/GSE144469-GPL20301_series_matrix.txt.gz,53
GSE144469,GSE144469,GSM4288884,GPL20301,Colon pinch biopsy,,10x 5',with TCR/VDJ,downloads/GSE144469/matrix/GSE144469-GPL20301_series_matrix.txt.gz,54
GSE144469,GSE144469,GSM4288885,GPL20301,Colon pinch biopsy,,10x 5',with TCR/VDJ,downloads/GSE144469/matrix/GSE144469-GPL20301_series_matrix.txt.gz,55
GSE144469,GSE144469,GSM4560096,GPL15520,Colon pinch biopsy,,10x 5',with TCR/VDJ,downloads/GSE144469/matrix/GSE144469-GPL15520_series_matrix.txt.gz,3
GSE144469,GSE144469,GSM4560097,GPL20301,Colon pinch biopsy,,10x 5',with TCR/VDJ,downloads/GSE144469/matrix/GSE144469-GPL20301_series_matrix.txt.gz,56
GSE144469,GSE144469,GSM4560098,GPL20301,Colon pinch biopsy,,10x 5',with TCR/VDJ,downloads/GSE144469/matrix/GSE144469-GPL20301_series_matrix.txt.gz,57
GSE144469,GSE144469,GSM4560099,GPL20301,Colon pinch biopsy,,10x 5',with TCR/VDJ,downloads/GSE144469/matrix/GSE144469-GPL20301_series_matrix.txt.gz,58
GSE144469,GSE144469,GSM4560100,GPL20301,Colon pinch biopsy,,10x 5',with TCR/VDJ,downloads/GSE144469/matrix/GSE144469-GPL20301_series_matrix.txt.gz,59
GSE144469,GSE144469,GSM4560101,GPL20301,Colon pinch biopsy,,10x 5',with TCR/VDJ,downloads/GSE144469/matrix/GSE144469-GPL20301_series_matrix.txt.gz,60
GSE144469,GSE144469,GSM4560102,GPL20301,Colon pinch biopsy,,10x 5',with TCR/VDJ,downloads/GSE144469/matrix/GSE144469-GPL20301_series_matrix.txt.gz,61
GSE144469,GSE144469,GSM4560103,GPL20301,Colon pinch biopsy,,10x 5',with TCR/VDJ,downloads/GSE144469/matrix/GSE144469-GPL20301_series_matrix.txt.gz,62
GSE144469,GSE144469,GSM4560104,GPL20301,Colon pinch biopsy,,10x 5',with TCR/VDJ,downloads/GSE144469/matrix/GSE144469-GPL20301_series_matrix.txt.gz,63
GSE144469,GSE144469,GSM4560105,GPL20301,Colon pinch biopsy,,10x 5',with TCR/VDJ,downloads/GSE144469/matrix/GSE144469-GPL20301_series_matrix.txt.gz,64
GSE144469,GSE144469,GSM4560106,GPL20301,Colon pinch biopsy,,10x 5',with TCR/VDJ,downloads/GSE144469/matrix/GSE144469-GPL20301_series_matrix.txt.gz,65
GSE144469,GSE144469,GSM4560107,GPL20301,Colon pinch biopsy,,10x 5',with TCR/VDJ,downloads/GSE144469/matrix/GSE144469-GPL20301_series_matrix.txt.gz,66
GSE144469,GSE144469,GSM4560108,GPL20301,Colon pinch biopsy,,10x 5',with TCR/VDJ,downloads/GSE144469/matrix/GSE144469-GPL20301_series_matrix.txt.gz,67
GSE144469,GSE144469,GSM4560109,GPL20301,Colon pinch biopsy,,10x 5',with TCR/VDJ,downloads/GSE144469/matrix/GSE144469-GPL20301_series_matrix.txt.gz,68
GSE144469,GSE144469,GSM4560110,GPL20301,Colon pinch biopsy,,10x 5',with TCR/VDJ,downloads/GSE144469/matrix/GSE144469-GPL20301_series_matrix.txt.gz,69
GSE144469,GSE144469,GSM4560111,GPL20301,Colon pinch biopsy,,10x 5',with TCR/VDJ,downloads/GSE144469/matrix/GSE144469-GPL20301_series_matrix.txt.gz,70
GSE144469,GSE144469,GSM4560112,GPL20301,Colon pinch biopsy,,10x 5',with TCR/VDJ,downloads/GSE144469/matrix/GSE144469-GPL20301_series_matrix.txt.gz,71
GSE144469,GSE144469,GSM4560113,GPL20301,Colon pinch biopsy,,10x 5',with TCR/VDJ,downloads/GSE144469/matrix/GSE144469-GPL20301_series_matrix.txt.gz,72
GSE144469,GSE144469,GSM4560114,GPL20301,Colon pinch biopsy,,10x 5',with TCR/VDJ,downloads/GSE144469/matrix/GSE144469-GPL20301_series_matrix.txt.gz,73
GSE144469,GSE144469,GSM4560115,GPL20301,Colon pinch biopsy,,10x 5',with TCR/VDJ,downloads/GSE144469/matrix/GSE144469-GPL20301_series_matrix.txt.gz,74
GSE144469,GSE144469,GSM4560116,GPL20301,Colon pinch biopsy,,10x 5',with TCR/VDJ,downloads/GSE144469/matrix/GSE144469-GPL20301_series_matrix.txt.gz,75
GSE145926,GSE145926,GSM4339769,GPL23227,BALF; cell subsets: Total cell,,10x 3',without TCR/VDJ,downloads/GSE145926/matrix/GSE145926_series_matrix.txt.gz,1
GSE145926,GSE145926,GSM4339770,GPL23227,BALF; cell subsets: Total cell,,10x 3',without TCR/VDJ,downloads/GSE145926/matrix/GSE145926_series_matrix.txt.gz,2
GSE145926,GSE145926,GSM4339771,GPL23227,BALF; cell subsets: Total cell,,10x 3',without TCR/VDJ,downloads/GSE145926/matrix/GSE145926_series_matrix.txt.gz,3
GSE145926,GSE145926,GSM4339772,GPL23227,BALF; cell subsets: Total cell,,10x 3',without TCR/VDJ,downloads/GSE145926/matrix/GSE145926_series_matrix.txt.gz,4
GSE145926,GSE145926,GSM4339773,GPL23227,BALF; cell subsets: Total cell,,10x 3',without TCR/VDJ,downloads/GSE145926/matrix/GSE145926_series_matrix.txt.gz,5
GSE145926,GSE145926,GSM4339774,GPL23227,BALF; cell subsets: Total cell,,10x 3',without TCR/VDJ,downloads/GSE145926/matrix/GSE145926_series_matrix.txt.gz,6
GSE145926,GSE145926,GSM4385990,GPL23227,BALF; cell subsets: Total cell,,10x 3',without TCR/VDJ,downloads/GSE145926/matrix/GSE145926_series_matrix.txt.gz,7
GSE145926,GSE145926,GSM4385991,GPL23227,BALF; cell subsets: Total cell,,10x 3',without TCR/VDJ,downloads/GSE145926/matrix/GSE145926_series_matrix.txt.gz,8
GSE145926,GSE145926,GSM4385992,GPL23227,BALF; cell subsets: Total cell,,10x 3',without TCR/VDJ,downloads/GSE145926/matrix/GSE145926_series_matrix.txt.gz,9
GSE145926,GSE145926,GSM4385993,GPL23227,BALF; cell subsets: Total cell,,10x 3',without TCR/VDJ,downloads/GSE145926/matrix/GSE145926_series_matrix.txt.gz,10
GSE145926,GSE145926,GSM4385994,GPL23227,BALF; cell subsets: Total cell,,10x 3',without TCR/VDJ,downloads/GSE145926/matrix/GSE145926_series_matrix.txt.gz,11
GSE145926,GSE145926,GSM4385995,GPL23227,BALF; cell subsets: Total cell,,10x 3',without TCR/VDJ,downloads/GSE145926/matrix/GSE145926_series_matrix.txt.gz,12
GSE145926,GSE145926,GSM4475048,GPL23227,BALF,,10x 3',without TCR/VDJ,downloads/GSE145926/matrix/GSE145926_series_matrix.txt.gz,13
GSE145926,GSE145926,GSM4475049,GPL23227,BALF,,10x 3',without TCR/VDJ,downloads/GSE145926/matrix/GSE145926_series_matrix.txt.gz,14
GSE145926,GSE145926,GSM4475050,GPL23227,BALF,,10x 3',without TCR/VDJ,downloads/GSE145926/matrix/GSE145926_series_matrix.txt.gz,15
GSE145926,GSE145926,GSM4475051,GPL23227,BALF,,10x 3',without TCR/VDJ,downloads/GSE145926/matrix/GSE145926_series_matrix.txt.gz,16
GSE145926,GSE145926,GSM4475052,GPL23227,BALF,,10x 3',without TCR/VDJ,downloads/GSE145926/matrix/GSE145926_series_matrix.txt.gz,17
GSE145926,GSE145926,GSM4475053,GPL23227,BALF,,10x 3',without TCR/VDJ,downloads/GSE145926/matrix/GSE145926_series_matrix.txt.gz,18
GSE145926,GSE145926,GSM4475054,GPL23227,BALF,,10x 3',without TCR/VDJ,downloads/GSE145926/matrix/GSE145926_series_matrix.txt.gz,19
GSE145926,GSE145926,GSM4475055,GPL23227,BALF,,10x 3',without TCR/VDJ,downloads/GSE145926/matrix/GSE145926_series_matrix.txt.gz,20
GSE145926,GSE145926,GSM4475056,GPL23227,BALF,,10x 3',without TCR/VDJ,downloads/GSE145926/matrix/GSE145926_series_matrix.txt.gz,21
GSE155222,GSE155222,GSM4697605,GPL24676,PBMC,,10x (unspecified),without TCR/VDJ,downloads/GSE155222/matrix/GSE155222_series_matrix.txt.gz,1
GSE155222,GSE155222,GSM4697606,GPL24676,PBMC,,10x (unspecified),without TCR/VDJ,downloads/GSE155222/matrix/GSE155222_series_matrix.txt.gz,2
GSE155222,GSE155222,GSM4697607,GPL24676,PBMC,,10x (unspecified),without TCR/VDJ,downloads/GSE155222/matrix/GSE155222_series_matrix.txt.gz,3
GSE155222,GSE155222,GSM4697608,GPL24676,PBMC,,10x (unspecified),without TCR/VDJ,downloads/GSE155222/matrix/GSE155222_series_matrix.txt.gz,4
GSE155222,GSE155222,GSM4697609,GPL24676,PBMC,,10x (unspecified),without TCR/VDJ,downloads/GSE155222/matrix/GSE155222_series_matrix.txt.gz,5
GSE155222,GSE155222,GSM4697610,GPL24676,PBMC,,10x (unspecified),without TCR/VDJ,downloads/GSE155222/matrix/GSE155222_series_matrix.txt.gz,6
GSE155223,GSE155223,GSM4697611,GPL24676,PBMC; time difference between samples a and b (d): 4,,10x (unspecified),without TCR/VDJ,downloads/GSE155223/matrix/GSE155223_series_matrix.txt.gz,1
GSE155223,GSE155223,GSM4697612,GPL24676,PBMC; time difference between samples a and b (d): 4,,10x (unspecified),without TCR/VDJ,downloads/GSE155223/matrix/GSE155223_series_matrix.txt.gz,2
GSE155223,GSE155223,GSM4697613,GPL24676,PBMC; time difference between samples a and b (d): 3,,10x (unspecified),without TCR/VDJ,downloads/GSE155223/matrix/GSE155223_series_matrix.txt.gz,3
GSE155223,GSE155223,GSM4697614,GPL24676,PBMC; time difference between samples a and b (d): 3,,10x (unspecified),without TCR/VDJ,downloads/GSE155223/matrix/GSE155223_series_matrix.txt.gz,4
GSE155223,GSE155223,GSM4697615,GPL24676,PBMC; time difference between samples a and b (d): 7,,10x (unspecified),without TCR/VDJ,downloads/GSE155223/matrix/GSE155223_series_matrix.txt.gz,5
GSE155223,GSE155223,GSM4697616,GPL24676,PBMC; time difference between samples a and b (d): 7,,10x (unspecified),without TCR/VDJ,downloads/GSE155223/matrix/GSE155223_series_matrix.txt.gz,6
GSE155223,GSE155223,GSM4697617,GPL24676,PBMC; time difference between samples a and b (d): 4,,10x (unspecified),without TCR/VDJ,downloads/GSE155223/matrix/GSE155223_series_matrix.txt.gz,7
GSE155223,GSE155223,GSM4697618,GPL24676,PBMC; time difference between samples a and b (d): 4,,10x (unspecified),without TCR/VDJ,downloads/GSE155223/matrix/GSE155223_series_matrix.txt.gz,8
GSE155223,GSE155223,GSM4697619,GPL24676,PBMC; time difference between samples a and b (d): NA,,10x (unspecified),without TCR/VDJ,downloads/GSE155223/matrix/GSE155223_series_matrix.txt.gz,9
GSE155223,GSE155223,GSM4697620,GPL24676,PBMC; time difference between samples a and b (d): NA,,10x (unspecified),without TCR/VDJ,downloads/GSE155223/matrix/GSE155223_series_matrix.txt.gz,10
GSE155223,GSE155223,GSM4697621,GPL24676,PBMC; time difference between samples a and b (d): 12,,10x (unspecified),without TCR/VDJ,downloads/GSE155223/matrix/GSE155223_series_matrix.txt.gz,11
GSE155223,GSE155223,GSM4697622,GPL24676,PBMC; time difference between samples a and b (d): 12,,10x (unspecified),without TCR/VDJ,downloads/GSE155223/matrix/GSE155223_series_matrix.txt.gz,12
GSE155223,GSE155223,GSM4697623,GPL24676,PBMC; time difference between samples a and b (d): 4,,10x (unspecified),without TCR/VDJ,downloads/GSE155223/matrix/GSE155223_series_matrix.txt.gz,13
GSE155223,GSE155223,GSM4697624,GPL24676,PBMC; time difference between samples a and b (d): 4,,10x (unspecified),without TCR/VDJ,downloads/GSE155223/matrix/GSE155223_series_matrix.txt.gz,14
GSE155223,GSE155223,GSM4697625,GPL24676,PBMC; time difference between samples a and b (d): 12,,10x (unspecified),without TCR/VDJ,downloads/GSE155223/matrix/GSE155223_series_matrix.txt.gz,15
GSE155223,GSE155223,GSM4697626,GPL24676,PBMC; time difference between samples a and b (d): 12,,10x (unspecified),without TCR/VDJ,downloads/GSE155223/matrix/GSE155223_series_matrix.txt.gz,16
GSE155223,GSE155223,GSM4697627,GPL24676,PBMC; time difference between samples a and b (d): 4,,10x (unspecified),without TCR/VDJ,downloads/GSE155223/matrix/GSE155223_series_matrix.txt.gz,17
GSE155223,GSE155223,GSM4697628,GPL24676,PBMC; time difference between samples a and b (d): 4,,10x (unspecified),without TCR/VDJ,downloads/GSE155223/matrix/GSE155223_series_matrix.txt.gz,18
GSE161918,GSE161918,GSM4929065,GPL24676,Peripheral Blood Mononuclear Cells; molecule: Cell Surface Protein Tag reads from mulitmodal scRNAseq,,10x 5',without TCR/VDJ,downloads/GSE161918/matrix/GSE161918_series_matrix.txt.gz,1
GSE161918,GSE161918,GSM4929066,GPL24676,Peripheral Blood Mononuclear Cells; molecule: Cell Surface Protein Tag reads from mulitmodal scRNAseq,,10x 5',without TCR/VDJ,downloads/GSE161918/matrix/GSE161918_series_matrix.txt.gz,2
GSE161918,GSE161918,GSM4929067,GPL24676,Peripheral Blood Mononuclear Cells; molecule: Cell Surface Protein Tag reads from mulitmodal scRNAseq,,10x (unspecified),without TCR/VDJ,downloads/GSE161918/matrix/GSE161918_series_matrix.txt.gz,3
GSE161918,GSE161918,GSM4929068,GPL24676,Peripheral Blood Mononuclear Cells; molecule: Cell Surface Protein Tag reads from mulitmodal scRNAseq,,10x 5',without TCR/VDJ,downloads/GSE161918/matrix/GSE161918_series_matrix.txt.gz,4
GSE161918,GSE161918,GSM4929069,GPL24676,Peripheral Blood Mononuclear Cells; molecule: Cell Surface Protein Tag reads from mulitmodal scRNAseq,,10x 5',without TCR/VDJ,downloads/GSE161918/matrix/GSE161918_series_matrix.txt.gz,5
GSE161918,GSE161918,GSM4929070,GPL24676,Peripheral Blood Mononuclear Cells; molecule: Cell Surface Protein Tag reads from mulitmodal scRNAseq,,10x 5',without TCR/VDJ,downloads/GSE161918/matrix/GSE161918_series_matrix.txt.gz,6
GSE161918,GSE161918,GSM4929071,GPL24676,Peripheral Blood Mononuclear Cells; molecule: Cell Surface Protein Tag reads from mulitmodal scRNAseq,,10x 5',without TCR/VDJ,downloads/GSE161918/matrix/GSE161918_series_matrix.txt.gz,7
GSE161918,GSE161918,GSM4929072,GPL24676,Peripheral Blood Mononuclear Cells; molecule: Cell Surface Protein Tag reads from mulitmodal scRNAseq,,10x 5',without TCR/VDJ,downloads/GSE161918/matrix/GSE161918_series_matrix.txt.gz,8
GSE161918,GSE161918,GSM4929073,GPL24676,Peripheral Blood Mononuclear Cells; molecule: T cell receptor VDJ region reads from mulitmodal scRNAseq,,10x 5',with TCR/VDJ,downloads/GSE161918/matrix/GSE161918_series_matrix.txt.gz,9
GSE161918,GSE161918,GSM4929074,GPL24676,Peripheral Blood Mononuclear Cells; molecule: T cell receptor VDJ region reads from mulitmodal scRNAseq,,10x 5',with TCR/VDJ,downloads/GSE161918/matrix/GSE161918_series_matrix.txt.gz,10
GSE161918,GSE161918,GSM4929075,GPL24676,Peripheral Blood Mononuclear Cells; molecule: T cell receptor VDJ region reads from mulitmodal scRNAseq,,10x (unspecified),with TCR/VDJ,downloads/GSE161918/matrix/GSE161918_series_matrix.txt.gz,11
GSE161918,GSE161918,GSM4929076,GPL24676,Peripheral Blood Mononuclear Cells; molecule: T cell receptor VDJ region reads from mulitmodal scRNAseq,,10x 5',with TCR/VDJ,downloads/GSE161918/matrix/GSE161918_series_matrix.txt.gz,12
GSE161918,GSE161918,GSM4929077,GPL24676,Peripheral Blood Mononuclear Cells; molecule: T cell receptor VDJ region reads from mulitmodal scRNAseq,,10x 5',with TCR/VDJ,downloads/GSE161918/matrix/GSE161918_series_matrix.txt.gz,13
GSE161918,GSE161918,GSM4929078,GPL24676,Peripheral Blood Mononuclear Cells; molecule: T cell receptor VDJ region reads from mulitmodal scRNAseq,,10x 5',with TCR/VDJ,downloads/GSE161918/matrix/GSE161918_series_matrix.txt.gz,14
GSE161918,GSE161918,GSM4929079,GPL24676,Peripheral Blood Mononuclear Cells; molecule: T cell receptor VDJ region reads from mulitmodal scRNAseq,,10x 5',with TCR/VDJ,downloads/GSE161918/matrix/GSE161918_series_matrix.txt.gz,15
GSE161918,GSE161918,GSM4929080,GPL24676,Peripheral Blood Mononuclear Cells; molecule: T cell receptor VDJ region reads from mulitmodal scRNAseq,,10x 5',with TCR/VDJ,downloads/GSE161918/matrix/GSE161918_series_matrix.txt.gz,16
GSE161918,GSE161918,GSM4929081,GPL24676,Peripheral Blood Mononuclear Cells,,10x 5',without TCR/VDJ,downloads/GSE161918/matrix/GSE161918_series_matrix.txt.gz,17
GSE161918,GSE161918,GSM4929082,GPL24676,Peripheral Blood Mononuclear Cells,,10x 5',without TCR/VDJ,downloads/GSE161918/matrix/GSE161918_series_matrix.txt.gz,18
GSE161918,GSE161918,GSM4929083,GPL24676,Peripheral Blood Mononuclear Cells,,10x (unspecified),without TCR/VDJ,downloads/GSE161918/matrix/GSE161918_series_matrix.txt.gz,19
GSE161918,GSE161918,GSM4929084,GPL24676,Peripheral Blood Mononuclear Cells,,10x 5',without TCR/VDJ,downloads/GSE161918/matrix/GSE161918_series_matrix.txt.gz,20
GSE161918,GSE161918,GSM4929085,GPL24676,Peripheral Blood Mononuclear Cells,,10x 5',without TCR/VDJ,downloads/GSE161918/matrix/GSE161918_series_matrix.txt.gz,21
GSE161918,GSE161918,GSM4929086,GPL24676,Peripheral Blood Mononuclear Cells,,10x 5',without TCR/VDJ,downloads/GSE161918/matrix/GSE161918_series_matrix.txt.gz,22
GSE161918,GSE161918,GSM4929087,GPL24676,Peripheral Blood Mononuclear Cells,,10x 5',without TCR/VDJ,downloads/GSE161918/matrix/GSE161918_series_matrix.txt.gz,23
GSE161918,GSE161918,GSM4929088,GPL24676,Peripheral Blood Mononuclear Cells,,10x 5',without TCR/VDJ,downloads/GSE161918/matrix/GSE161918_series_matrix.txt.gz,24
GSE161918,GSE161918,GSM4929089,GPL24676,Peripheral Blood Mononuclear Cells; molecule: Cell Surface Protein Tag reads from mulitmodal scRNAseq,,10x 5',without TCR/VDJ,downloads/GSE161918/matrix/GSE161918_series_matrix.txt.gz,25
GSE161918,GSE161918,GSM4929090,GPL24676,Peripheral Blood Mononuclear Cells; molecule: Cell Surface Protein Tag reads from mulitmodal scRNAseq,,10x 5',without TCR/VDJ,downloads/GSE161918/matrix/GSE161918_series_matrix.txt.gz,26
GSE161918,GSE161918,GSM4929091,GPL24676,Peripheral Blood Mononuclear Cells; molecule: Cell Surface Protein Tag reads from mulitmodal scRNAseq,,10x (unspecified),without TCR/VDJ,downloads/GSE161918/matrix/GSE161918_series_matrix.txt.gz,27
GSE161918,GSE161918,GSM4929092,GPL24676,Peripheral Blood Mononuclear Cells; molecule: Cell Surface Protein Tag reads from mulitmodal scRNAseq,,10x 5',without TCR/VDJ,downloads/GSE161918/matrix/GSE161918_series_matrix.txt.gz,28
GSE161918,GSE161918,GSM4929093,GPL24676,Peripheral Blood Mononuclear Cells; molecule: Cell Surface Protein Tag reads from mulitmodal scRNAseq,,10x 5',without TCR/VDJ,downloads/GSE161918/matrix/GSE161918_series_matrix.txt.gz,29
GSE161918,GSE161918,GSM4929094,GPL24676,Peripheral Blood Mononuclear Cells; molecule: Cell Surface Protein Tag reads from mulitmodal scRNAseq,,10x 5',without TCR/VDJ,downloads/GSE161918/matrix/GSE161918_series_matrix.txt.gz,30
GSE161918,GSE161918,GSM4929095,GPL24676,Peripheral Blood Mononuclear Cells; molecule: Cell Surface Protein Tag reads from mulitmodal scRNAseq,,10x 5',without TCR/VDJ,downloads/GSE161918/matrix/GSE161918_series_matrix.txt.gz,31
GSE161918,GSE161918,GSM4929096,GPL24676,Peripheral Blood Mononuclear Cells; molecule: Cell Surface Protein Tag reads from mulitmodal scRNAseq,,10x 5',without TCR/VDJ,downloads/GSE161918/matrix/GSE161918_series_matrix.txt.gz,32
GSE161918,GSE161918,GSM4929097,GPL24676,Peripheral Blood Mononuclear Cells; molecule: Cell Surface Protein Tag reads from mulitmodal scRNAseq,,10x 5',without TCR/VDJ,downloads/GSE161918/matrix/GSE161918_series_matrix.txt.gz,33
GSE161918,GSE161918,GSM4929098,GPL24676,Peripheral Blood Mononuclear Cells; molecule: Cell Surface Protein Tag reads from mulitmodal scRNAseq,,10x 5',without TCR/VDJ,downloads/GSE161918/matrix/GSE161918_series_matrix.txt.gz,34
GSE161918,GSE161918,GSM4929099,GPL24676,Peripheral Blood Mononuclear Cells; molecule: Cell Surface Protein Tag reads from mulitmodal scRNAseq,,10x 5',without TCR/VDJ,downloads/GSE161918/matrix/GSE161918_series_matrix.txt.gz,35
GSE161918,GSE161918,GSM4929100,GPL24676,Peripheral Blood Mononuclear Cells; molecule: Cell Surface Protein Tag reads from mulitmodal scRNAseq,,10x 5',without TCR/VDJ,downloads/GSE161918/matrix/GSE161918_series_matrix.txt.gz,36
GSE161918,GSE161918,GSM4929101,GPL24676,Peripheral Blood Mononuclear Cells; molecule: Cell Surface Protein Tag reads from mulitmodal scRNAseq,,10x (unspecified),without TCR/VDJ,downloads/GSE161918/matrix/GSE161918_series_matrix.txt.gz,37
GSE161918,GSE161918,GSM4929102,GPL24676,Peripheral Blood Mononuclear Cells; molecule: Cell Surface Protein Tag reads from mulitmodal scRNAseq,,10x 5',without TCR/VDJ,downloads/GSE161918/matrix/GSE161918_series_matrix.txt.gz,38
GSE161918,GSE161918,GSM4929103,GPL24676,Peripheral Blood Mononuclear Cells; molecule: Cell Surface Protein Tag reads from mulitmodal scRNAseq,,10x 5',without TCR/VDJ,downloads/GSE161918/matrix/GSE161918_series_matrix.txt.gz,39
GSE161918,GSE161918,GSM4929104,GPL24676,Peripheral Blood Mononuclear Cells; molecule: Cell Surface Protein Tag reads from mulitmodal scRNAseq,,10x 5',without TCR/VDJ,downloads/GSE161918/matrix/GSE161918_series_matrix.txt.gz,40
GSE161918,GSE161918,GSM4929105,GPL24676,Peripheral Blood Mononuclear Cells; molecule: Cell Surface Protein Tag reads from mulitmodal scRNAseq,,10x 5',without TCR/VDJ,downloads/GSE161918/matrix/GSE161918_series_matrix.txt.gz,41
GSE161918,GSE161918,GSM4929106,GPL24676,Peripheral Blood Mononuclear Cells; molecule: Cell Surface Protein Tag reads from mulitmodal scRNAseq,,10x 5',without TCR/VDJ,downloads/GSE161918/matrix/GSE161918_series_matrix.txt.gz,42
GSE161918,GSE161918,GSM4929107,GPL24676,Peripheral Blood Mononuclear Cells; molecule: Cell Surface Protein Tag reads from mulitmodal scRNAseq,,10x 5',without TCR/VDJ,downloads/GSE161918/matrix/GSE161918_series_matrix.txt.gz,43
GSE161918,GSE161918,GSM4929108,GPL24676,Peripheral Blood Mononuclear Cells; molecule: Cell Surface Protein Tag reads from mulitmodal scRNAseq,,10x 5',without TCR/VDJ,downloads/GSE161918/matrix/GSE161918_series_matrix.txt.gz,44
GSE161918,GSE161918,GSM4929109,GPL24676,Peripheral Blood Mononuclear Cells; molecule: Cell Surface Protein Tag reads from mulitmodal scRNAseq,,10x 5',without TCR/VDJ,downloads/GSE161918/matrix/GSE161918_series_matrix.txt.gz,45
GSE161918,GSE161918,GSM4929110,GPL24676,Peripheral Blood Mononuclear Cells; molecule: Cell Surface Protein Tag reads from mulitmodal scRNAseq,,10x 5',without TCR/VDJ,downloads/GSE161918/matrix/GSE161918_series_matrix.txt.gz,46
GSE161918,GSE161918,GSM4929111,GPL24676,Peripheral Blood Mononuclear Cells; molecule: Cell Surface Protein Tag reads from mulitmodal scRNAseq,,10x (unspecified),without TCR/VDJ,downloads/GSE161918/matrix/GSE161918_series_matrix.txt.gz,47
GSE161918,GSE161918,GSM4929112,GPL24676,Peripheral Blood Mononuclear Cells; molecule: Cell Surface Protein Tag reads from mulitmodal scRNAseq,,10x 5',without TCR/VDJ,downloads/GSE161918/matrix/GSE161918_series_matrix.txt.gz,48
GSE161918,GSE161918,GSM4929113,GPL24676,Peripheral Blood Mononuclear Cells; molecule: T cell receptor VDJ region reads from mulitmodal scRNAseq,,10x 5',with TCR/VDJ,downloads/GSE161918/matrix/GSE161918_series_matrix.txt.gz,49
GSE161918,GSE161918,GSM4929114,GPL24676,Peripheral Blood Mononuclear Cells; molecule: T cell receptor VDJ region reads from mulitmodal scRNAseq,,10x 5',with TCR/VDJ,downloads/GSE161918/matrix/GSE161918_series_matrix.txt.gz,50
GSE161918,GSE161918,GSM4929115,GPL24676,Peripheral Blood Mononuclear Cells; molecule: T cell receptor VDJ region reads from mulitmodal scRNAseq,,10x (unspecified),with TCR/VDJ,downloads/GSE161918/matrix/GSE161918_series_matrix.txt.gz,51
GSE161918,GSE161918,GSM4929116,GPL24676,Peripheral Blood Mononuclear Cells; molecule: T cell receptor VDJ region reads from mulitmodal scRNAseq,,10x 5',with TCR/VDJ,downloads/GSE161918/matrix/GSE161918_series_matrix.txt.gz,52
GSE161918,GSE161918,GSM4929117,GPL24676,Peripheral Blood Mononuclear Cells; molecule: T cell receptor VDJ region reads from mulitmodal scRNAseq,,10x 5',with TCR/VDJ,downloads/GSE161918/matrix/GSE161918_series_matrix.txt.gz,53
GSE161918,GSE161918,GSM4929118,GPL24676,Peripheral Blood Mononuclear Cells; molecule: T cell receptor VDJ region reads from mulitmodal scRNAseq,,10x 5',with TCR/VDJ,downloads/GSE161918/matrix/GSE161918_series_matrix.txt.gz,54
GSE161918,GSE161918,GSM4929119,GPL24676,Peripheral Blood Mononuclear Cells; molecule: T cell receptor VDJ region reads from mulitmodal scRNAseq,,10x 5',with TCR/VDJ,downloads/GSE161918/matrix/GSE161918_series_matrix.txt.gz,55
GSE161918,GSE161918,GSM4929120,GPL24676,Peripheral Blood Mononuclear Cells; molecule: T cell receptor VDJ region reads from mulitmodal scRNAseq,,10x 5',with TCR/VDJ,downloads/GSE161918/matrix/GSE161918_series_matrix.txt.gz,56
GSE161918,GSE161918,GSM4929121,GPL24676,Peripheral Blood Mononuclear Cells; molecule: T cell receptor VDJ region reads from mulitmodal scRNAseq,,10x 5',with TCR/VDJ,downloads/GSE161918/matrix/GSE161918_series_matrix.txt.gz,57
GSE161918,GSE161918,GSM4929122,GPL24676,Peripheral Blood Mononuclear Cells; molecule: T cell receptor VDJ region reads from mulitmodal scRNAseq,,10x 5',with TCR/VDJ,downloads/GSE161918/matrix/GSE161918_series_matrix.txt.gz,58
GSE161918,GSE161918,GSM4929123,GPL24676,Peripheral Blood Mononuclear Cells; molecule: T cell receptor VDJ region reads from mulitmodal scRNAseq,,10x 5',with TCR/VDJ,downloads/GSE161918/matrix/GSE161918_series_matrix.txt.gz,59
GSE161918,GSE161918,GSM4929124,GPL24676,Peripheral Blood Mononuclear Cells; molecule: T cell receptor VDJ region reads from mulitmodal scRNAseq,,10x 5',with TCR/VDJ,downloads/GSE161918/matrix/GSE161918_series_matrix.txt.gz,60
GSE161918,GSE161918,GSM4929125,GPL24676,Peripheral Blood Mononuclear Cells; molecule: T cell receptor VDJ region reads from mulitmodal scRNAseq,,10x (unspecified),with TCR/VDJ,downloads/GSE161918/matrix/GSE161918_series_matrix.txt.gz,61
GSE161918,GSE161918,GSM4929126,GPL24676,Peripheral Blood Mononuclear Cells; molecule: T cell receptor VDJ region reads from mulitmodal scRNAseq,,10x 5',with TCR/VDJ,downloads/GSE161918/matrix/GSE161918_series_matrix.txt.gz,62
GSE161918,GSE161918,GSM4929127,GPL24676,Peripheral Blood Mononuclear Cells; molecule: T cell receptor VDJ region reads from mulitmodal scRNAseq,,10x 5',with TCR/VDJ,downloads/GSE161918/matrix/GSE161918_series_matrix.txt.gz,63
GSE161918,GSE161918,GSM4929128,GPL24676,Peripheral Blood Mononuclear Cells; molecule: T cell receptor VDJ region reads from mulitmodal scRNAseq,,10x 5',with TCR/VDJ,downloads/GSE161918/matrix/GSE161918_series_matrix.txt.gz,64
GSE161918,GSE161918,GSM4929129,GPL24676,Peripheral Blood Mononuclear Cells; molecule: T cell receptor VDJ region reads from mulitmodal scRNAseq,,10x 5',with TCR/VDJ,downloads/GSE161918/matrix/GSE161918_series_matrix.txt.gz,65
GSE161918,GSE161918,GSM4929130,GPL24676,Peripheral Blood Mononuclear Cells; molecule: T cell receptor VDJ region reads from mulitmodal scRNAseq,,10x 5',with TCR/VDJ,downloads/GSE161918/matrix/GSE161918_series_matrix.txt.gz,66
GSE161918,GSE161918,GSM4929131,GPL24676,Peripheral Blood Mononuclear Cells; molecule: T cell receptor VDJ region reads from mulitmodal scRNAseq,,10x 5',with TCR/VDJ,downloads/GSE161918/matrix/GSE161918_series_matrix.txt.gz,67
GSE161918,GSE161918,GSM4929132,GPL24676,Peripheral Blood Mononuclear Cells; molecule: T cell receptor VDJ region reads from mulitmodal scRNAseq,,10x 5',with TCR/VDJ,downloads/GSE161918/matrix/GSE161918_series_matrix.txt.gz,68
GSE161918,GSE161918,GSM4929133,GPL24676,Peripheral Blood Mononuclear Cells; molecule: T cell receptor VDJ region reads from mulitmodal scRNAseq,,10x 5',with TCR/VDJ,downloads/GSE161918/matrix/GSE161918_series_matrix.txt.gz,69
GSE161918,GSE161918,GSM4929134,GPL24676,Peripheral Blood Mononuclear Cells; molecule: T cell receptor VDJ region reads from mulitmodal scRNAseq,,10x 5',with TCR/VDJ,downloads/GSE161918/matrix/GSE161918_series_matrix.txt.gz,70
GSE161918,GSE161918,GSM4929135,GPL24676,Peripheral Blood Mononuclear Cells; molecule: T cell receptor VDJ region reads from mulitmodal scRNAseq,,10x (unspecified),with TCR/VDJ,downloads/GSE161918/matrix/GSE161918_series_matrix.txt.gz,71
GSE161918,GSE161918,GSM4929136,GPL24676,Peripheral Blood Mononuclear Cells; molecule: T cell receptor VDJ region reads from mulitmodal scRNAseq,,10x 5',with TCR/VDJ,downloads/GSE161918/matrix/GSE161918_series_matrix.txt.gz,72
GSE161918,GSE161918,GSM4929137,GPL24676,Peripheral Blood Mononuclear Cells,,10x 5',without TCR/VDJ,downloads/GSE161918/matrix/GSE161918_series_matrix.txt.gz,73
GSE161918,GSE161918,GSM4929138,GPL24676,Peripheral Blood Mononuclear Cells,,10x 5',without TCR/VDJ,downloads/GSE161918/matrix/GSE161918_series_matrix.txt.gz,74
GSE161918,GSE161918,GSM4929139,GPL24676,Peripheral Blood Mononuclear Cells,,10x (unspecified),without TCR/VDJ,downloads/GSE161918/matrix/GSE161918_series_matrix.txt.gz,75
GSE161918,GSE161918,GSM4929140,GPL24676,Peripheral Blood Mononuclear Cells,,10x 5',without TCR/VDJ,downloads/GSE161918/matrix/GSE161918_series_matrix.txt.gz,76
GSE161918,GSE161918,GSM4929141,GPL24676,Peripheral Blood Mononuclear Cells,,10x 5',without TCR/VDJ,downloads/GSE161918/matrix/GSE161918_series_matrix.txt.gz,77
GSE161918,GSE161918,GSM4929142,GPL24676,Peripheral Blood Mononuclear Cells,,10x 5',without TCR/VDJ,downloads/GSE161918/matrix/GSE161918_series_matrix.txt.gz,78
GSE161918,GSE161918,GSM4929143,GPL24676,Peripheral Blood Mononuclear Cells,,10x 5',without TCR/VDJ,downloads/GSE161918/matrix/GSE161918_series_matrix.txt.gz,79
GSE161918,GSE161918,GSM4929144,GPL24676,Peripheral Blood Mononuclear Cells,,10x 5',without TCR/VDJ,downloads/GSE161918/matrix/GSE161918_series_matrix.txt.gz,80
GSE161918,GSE161918,GSM4929145,GPL24676,Peripheral Blood Mononuclear Cells,,10x 5',without TCR/VDJ,downloads/GSE161918/matrix/GSE161918_series_matrix.txt.gz,81
GSE161918,GSE161918,GSM4929146,GPL24676,Peripheral Blood Mononuclear Cells,,10x 5',without TCR/VDJ,downloads/GSE161918/matrix/GSE161918_series_matrix.txt.gz,82
GSE161918,GSE161918,GSM4929147,GPL24676,Peripheral Blood Mononuclear Cells,,10x 5',without TCR/VDJ,downloads/GSE161918/matrix/GSE161918_series_matrix.txt.gz,83
GSE161918,GSE161918,GSM4929148,GPL24676,Peripheral Blood Mononuclear Cells,,10x 5',without TCR/VDJ,downloads/GSE161918/matrix/GSE161918_series_matrix.txt.gz,84
GSE161918,GSE161918,GSM4929149,GPL24676,Peripheral Blood Mononuclear Cells,,10x (unspecified),without TCR/VDJ,downloads/GSE161918/matrix/GSE161918_series_matrix.txt.gz,85
GSE161918,GSE161918,GSM4929150,GPL24676,Peripheral Blood Mononuclear Cells,,10x 5',without TCR/VDJ,downloads/GSE161918/matrix/GSE161918_series_matrix.txt.gz,86
GSE161918,GSE161918,GSM4929151,GPL24676,Peripheral Blood Mononuclear Cells,,10x 5',without TCR/VDJ,downloads/GSE161918/matrix/GSE161918_series_matrix.txt.gz,87
GSE161918,GSE161918,GSM4929152,GPL24676,Peripheral Blood Mononuclear Cells,,10x 5',without TCR/VDJ,downloads/GSE161918/matrix/GSE161918_series_matrix.txt.gz,88
GSE161918,GSE161918,GSM4929153,GPL24676,Peripheral Blood Mononuclear Cells,,10x 5',without TCR/VDJ,downloads/GSE161918/matrix/GSE161918_series_matrix.txt.gz,89
GSE161918,GSE161918,GSM4929154,GPL24676,Peripheral Blood Mononuclear Cells,,10x 5',without TCR/VDJ,downloads/GSE161918/matrix/GSE161918_series_matrix.txt.gz,90
GSE161918,GSE161918,GSM4929155,GPL24676,Peripheral Blood Mononuclear Cells,,10x 5',without TCR/VDJ,downloads/GSE161918/matrix/GSE161918_series_matrix.txt.gz,91
GSE161918,GSE161918,GSM4929156,GPL24676,Peripheral Blood Mononuclear Cells,,10x 5',without TCR/VDJ,downloads/GSE161918/matrix/GSE161918_series_matrix.txt.gz,92
GSE161918,GSE161918,GSM4929157,GPL24676,Peripheral Blood Mononuclear Cells,,10x 5',without TCR/VDJ,downloads/GSE161918/matrix/GSE161918_series_matrix.txt.gz,93
GSE161918,GSE161918,GSM4929158,GPL24676,Peripheral Blood Mononuclear Cells,,10x 5',without TCR/VDJ,downloads/GSE161918/matrix/GSE161918_series_matrix.txt.gz,94
GSE161918,GSE161918,GSM4929159,GPL24676,Peripheral Blood Mononuclear Cells,,10x (unspecified),without TCR/VDJ,downloads/GSE161918/matrix/GSE161918_series_matrix.txt.gz,95
GSE161918,GSE161918,GSM4929160,GPL24676,Peripheral Blood Mononuclear Cells,,10x 5',without TCR/VDJ,downloads/GSE161918/matrix/GSE161918_series_matrix.txt.gz,96
GSE161918,GSE161918,GSM4929161,GPL24676,Peripheral Blood Mononuclear Cells; molecule: Cell Surface Protein Tag reads from mulitmodal scRNAseq,,10x 5',without TCR/VDJ,downloads/GSE161918/matrix/GSE161918_series_matrix.txt.gz,97
GSE161918,GSE161918,GSM4929162,GPL24676,Peripheral Blood Mononuclear Cells; molecule: Cell Surface Protein Tag reads from mulitmodal scRNAseq,,10x 5',without TCR/VDJ,downloads/GSE161918/matrix/GSE161918_series_matrix.txt.gz,98
GSE161918,GSE161918,GSM4929163,GPL24676,Peripheral Blood Mononuclear Cells; molecule: Cell Surface Protein Tag reads from mulitmodal scRNAseq,,10x (unspecified),without TCR/VDJ,downloads/GSE161918/matrix/GSE161918_series_matrix.txt.gz,99
GSE161918,GSE161918,GSM4929164,GPL24676,Peripheral Blood Mononuclear Cells; molecule: Cell Surface Protein Tag reads from mulitmodal scRNAseq,,10x 5',without TCR/VDJ,downloads/GSE161918/matrix/GSE161918_series_matrix.txt.gz,100
GSE161918,GSE161918,GSM4929165,GPL24676,Peripheral Blood Mononuclear Cells; molecule: Cell Surface Protein Tag reads from mulitmodal scRNAseq,,10x 5',without TCR/VDJ,downloads/GSE161918/matrix/GSE161918_series_matrix.txt.gz,101
GSE161918,GSE161918,GSM4929166,GPL24676,Peripheral Blood Mononuclear Cells; molecule: Cell Surface Protein Tag reads from mulitmodal scRNAseq,,10x 5',without TCR/VDJ,downloads/GSE161918/matrix/GSE161918_series_matrix.txt.gz,102
GSE161918,GSE161918,GSM4929167,GPL24676,Peripheral Blood Mononuclear Cells; molecule: Cell Surface Protein Tag reads from mulitmodal scRNAseq,,10x 5',without TCR/VDJ,downloads/GSE161918/matrix/GSE161918_series_matrix.txt.gz,103
GSE161918,GSE161918,GSM4929168,GPL24676,Peripheral Blood Mononuclear Cells; molecule: Cell Surface Protein Tag reads from mulitmodal scRNAseq,,10x 5',without TCR/VDJ,downloads/GSE161918/matrix/GSE161918_series_matrix.txt.gz,104
GSE161918,GSE161918,GSM4929169,GPL24676,Peripheral Blood Mononuclear Cells; molecule: Cell Surface Protein Tag reads from mulitmodal scRNAseq,,10x 5',without TCR/VDJ,downloads/GSE161918/matrix/GSE161918_series_matrix.txt.gz,105
GSE161918,GSE161918,GSM4929170,GPL24676,Peripheral Blood Mononuclear Cells; molecule: Cell Surface Protein Tag reads from mulitmodal scRNAseq,,10x 5',without TCR/VDJ,downloads/GSE161918/matrix/GSE161918_series_matrix.txt.gz,106
GSE161918,GSE161918,GSM4929171,GPL24676,Peripheral Blood Mononuclear Cells; molecule: Cell Surface Protein Tag reads from mulitmodal scRNAseq,,10x 5',without TCR/VDJ,downloads/GSE161918/matrix/GSE161918_series_matrix.txt.gz,107
GSE161918,GSE161918,GSM4929172,GPL24676,Peripheral Blood Mononuclear Cells; molecule: Cell Surface Protein Tag reads from mulitmodal scRNAseq,,10x 5',without TCR/VDJ,downloads/GSE161918/matrix/GSE161918_series_matrix.txt.gz,108
GSE161918,GSE161918,GSM4929173,GPL24676,Peripheral Blood Mononuclear Cells; molecule: Cell Surface Protein Tag reads from mulitmodal scRNAseq,,10x (unspecified),without TCR/VDJ,downloads/GSE161918/matrix/GSE161918_series_matrix.txt.gz,109
GSE161918,GSE161918,GSM4929174,GPL24676,Peripheral Blood Mononuclear Cells; molecule: Cell Surface Protein Tag reads from mulitmodal scRNAseq,,10x 5',without TCR/VDJ,downloads/GSE161918/matrix/GSE161918_series_matrix.txt.gz,110
GSE161918,GSE161918,GSM4929175,GPL24676,Peripheral Blood Mononuclear Cells; molecule: Cell Surface Protein Tag reads from mulitmodal scRNAseq,,10x 5',without TCR/VDJ,downloads/GSE161918/matrix/GSE161918_series_matrix.txt.gz,111
GSE161918,GSE161918,GSM4929176,GPL24676,Peripheral Blood Mononuclear Cells; molecule: Cell Surface Protein Tag reads from mulitmodal scRNAseq,,10x 5',without TCR/VDJ,downloads/GSE161918/matrix/GSE161918_series_matrix.txt.gz,112
GSE161918,GSE161918,GSM4929177,GPL24676,Peripheral Blood Mononuclear Cells; molecule: Cell Surface Protein Tag reads from mulitmodal scRNAseq,,10x 5',without TCR/VDJ,downloads/GSE161918/matrix/GSE161918_series_matrix.txt.gz,113
GSE161918,GSE161918,GSM4929178,GPL24676,Peripheral Blood Mononuclear Cells; molecule: Cell Surface Protein Tag reads from mulitmodal scRNAseq,,10x 5',without TCR/VDJ,downloads/GSE161918/matrix/GSE161918_series_matrix.txt.gz,114
GSE161918,GSE161918,GSM4929179,GPL24676,Peripheral Blood Mononuclear Cells; molecule: Cell Surface Protein Tag reads from mulitmodal scRNAseq,,10x 5',without TCR/VDJ,downloads/GSE161918/matrix/GSE161918_series_matrix.txt.gz,115
GSE161918,GSE161918,GSM4929180,GPL24676,Peripheral Blood Mononuclear Cells; molecule: Cell Surface Protein Tag reads from mulitmodal scRNAseq,,10x 5',without TCR/VDJ,downloads/GSE161918/matrix/GSE161918_series_matrix.txt.gz,116
GSE161918,GSE161918,GSM4929181,GPL24676,Peripheral Blood Mononuclear Cells; molecule: Cell Surface Protein Tag reads from mulitmodal scRNAseq,,10x 5',without TCR/VDJ,downloads/GSE161918/matrix/GSE161918_series_matrix.txt.gz,117
GSE161918,GSE161918,GSM4929182,GPL24676,Peripheral Blood Mononuclear Cells; molecule: Cell Surface Protein Tag reads from mulitmodal scRNAseq,,10x 5',without TCR/VDJ,downloads/GSE161918/matrix/GSE161918_series_matrix.txt.gz,118
GSE161918,GSE161918,GSM4929183,GPL24676,Peripheral Blood Mononuclear Cells; molecule: Cell Surface Protein Tag reads from mulitmodal scRNAseq,,10x (unspecified),without TCR/VDJ,downloads/GSE161918/matrix/GSE161918_series_matrix.txt.gz,119
GSE161918,GSE161918,GSM4929184,GPL24676,Peripheral Blood Mononuclear Cells; molecule: Cell Surface Protein Tag reads from mulitmodal scRNAseq,,10x 5',without TCR/VDJ,downloads/GSE161918/matrix/GSE161918_series_matrix.txt.gz,120
GSE161918,GSE161918,GSM4929185,GPL24676,Peripheral Blood Mononuclear Cells; molecule: T cell receptor VDJ region reads from mulitmodal scRNAseq,,10x 5',with TCR/VDJ,downloads/GSE161918/matrix/GSE161918_series_matrix.txt.gz,121
GSE161918,GSE161918,GSM4929186,GPL24676,Peripheral Blood Mononuclear Cells; molecule: T cell receptor VDJ region reads from mulitmodal scRNAseq,,10x 5',with TCR/VDJ,downloads/GSE161918/matrix/GSE161918_series_matrix.txt.gz,122
GSE161918,GSE161918,GSM4929187,GPL24676,Peripheral Blood Mononuclear Cells; molecule: T cell receptor VDJ region reads from mulitmodal scRNAseq,,10x (unspecified),with TCR/VDJ,downloads/GSE161918/matrix/GSE161918_series_matrix.txt.gz,123
GSE161918,GSE161918,GSM4929188,GPL24676,Peripheral Blood Mononuclear Cells; molecule: T cell receptor VDJ region reads from mulitmodal scRNAseq,,10x 5',with TCR/VDJ,downloads/GSE161918/matrix/GSE161918_series_matrix.txt.gz,124
GSE161918,GSE161918,GSM4929189,GPL24676,Peripheral Blood Mononuclear Cells; molecule: T cell receptor VDJ region reads from mulitmodal scRNAseq,,10x 5',with TCR/VDJ,downloads/GSE161918/matrix/GSE161918_series_matrix.txt.gz,125
GSE161918,GSE161918,GSM4929190,GPL24676,Peripheral Blood Mononuclear Cells; molecule: T cell receptor VDJ region reads from mulitmodal scRNAseq,,10x 5',with TCR/VDJ,downloads/GSE161918/matrix/GSE161918_series_matrix.txt.gz,126
GSE161918,GSE161918,GSM4929191,GPL24676,Peripheral Blood Mononuclear Cells; molecule: T cell receptor VDJ region reads from mulitmodal scRNAseq,,10x 5',with TCR/VDJ,downloads/GSE161918/matrix/GSE161918_series_matrix.txt.gz,127
GSE161918,GSE161918,GSM4929192,GPL24676,Peripheral Blood Mononuclear Cells; molecule: T cell receptor VDJ region reads from mulitmodal scRNAseq,,10x 5',with TCR/VDJ,downloads/GSE161918/matrix/GSE161918_series_matrix.txt.gz,128
GSE161918,GSE161918,GSM4929193,GPL24676,Peripheral Blood Mononuclear Cells; molecule: T cell receptor VDJ region reads from mulitmodal scRNAseq,,10x 5',with TCR/VDJ,downloads/GSE161918/matrix/GSE161918_series_matrix.txt.gz,129
GSE161918,GSE161918,GSM4929194,GPL24676,Peripheral Blood Mononuclear Cells; molecule: T cell receptor VDJ region reads from mulitmodal scRNAseq,,10x 5',with TCR/VDJ,downloads/GSE161918/matrix/GSE161918_series_matrix.txt.gz,130
GSE161918,GSE161918,GSM4929195,GPL24676,Peripheral Blood Mononuclear Cells; molecule: T cell receptor VDJ region reads from mulitmodal scRNAseq,,10x 5',with TCR/VDJ,downloads/GSE161918/matrix/GSE161918_series_matrix.txt.gz,131
GSE161918,GSE161918,GSM4929196,GPL24676,Peripheral Blood Mononuclear Cells; molecule: T cell receptor VDJ region reads from mulitmodal scRNAseq,,10x 5',with TCR/VDJ,downloads/GSE161918/matrix/GSE161918_series_matrix.txt.gz,132
GSE161918,GSE161918,GSM4929197,GPL24676,Peripheral Blood Mononuclear Cells; molecule: T cell receptor VDJ region reads from mulitmodal scRNAseq,,10x (unspecified),with TCR/VDJ,downloads/GSE161918/matrix/GSE161918_series_matrix.txt.gz,133
GSE161918,GSE161918,GSM4929198,GPL24676,Peripheral Blood Mononuclear Cells; molecule: T cell receptor VDJ region reads from mulitmodal scRNAseq,,10x 5',with TCR/VDJ,downloads/GSE161918/matrix/GSE161918_series_matrix.txt.gz,134
GSE161918,GSE161918,GSM4929199,GPL24676,Peripheral Blood Mononuclear Cells; molecule: T cell receptor VDJ region reads from mulitmodal scRNAseq,,10x 5',with TCR/VDJ,downloads/GSE161918/matrix/GSE161918_series_matrix.txt.gz,135
GSE161918,GSE161918,GSM4929200,GPL24676,Peripheral Blood Mononuclear Cells; molecule: T cell receptor VDJ region reads from mulitmodal scRNAseq,,10x 5',with TCR/VDJ,downloads/GSE161918/matrix/GSE161918_series_matrix.txt.gz,136
GSE161918,GSE161918,GSM4929201,GPL24676,Peripheral Blood Mononuclear Cells; molecule: T cell receptor VDJ region reads from mulitmodal scRNAseq,,10x 5',with TCR/VDJ,downloads/GSE161918/matrix/GSE161918_series_matrix.txt.gz,137
GSE161918,GSE161918,GSM4929202,GPL24676,Peripheral Blood Mononuclear Cells; molecule: T cell receptor VDJ region reads from mulitmodal scRNAseq,,10x 5',with TCR/VDJ,downloads/GSE161918/matrix/GSE161918_series_matrix.txt.gz,138
GSE161918,GSE161918,GSM4929203,GPL24676,Peripheral Blood Mononuclear Cells; molecule: T cell receptor VDJ region reads from mulitmodal scRNAseq,,10x 5',with TCR/VDJ,downloads/GSE161918/matrix/GSE161918_series_matrix.txt.gz,139
GSE161918,GSE161918,GSM4929204,GPL24676,Peripheral Blood Mononuclear Cells; molecule: T cell receptor VDJ region reads from mulitmodal scRNAseq,,10x 5',with TCR/VDJ,downloads/GSE161918/matrix/GSE161918_series_matrix.txt.gz,140
GSE161918,GSE161918,GSM4929205,GPL24676,Peripheral Blood Mononuclear Cells; molecule: T cell receptor VDJ region reads from mulitmodal scRNAseq,,10x 5',with TCR/VDJ,downloads/GSE161918/matrix/GSE161918_series_matrix.txt.gz,141
GSE161918,GSE161918,GSM4929206,GPL24676,Peripheral Blood Mononuclear Cells; molecule: T cell receptor VDJ region reads from mulitmodal scRNAseq,,10x 5',with TCR/VDJ,downloads/GSE161918/matrix/GSE161918_series_matrix.txt.gz,142
GSE161918,GSE161918,GSM4929207,GPL24676,Peripheral Blood Mononuclear Cells; molecule: T cell receptor VDJ region reads from mulitmodal scRNAseq,,10x (unspecified),with TCR/VDJ,downloads/GSE161918/matrix/GSE161918_series_matrix.txt.gz,143
GSE161918,GSE161918,GSM4929208,GPL24676,Peripheral Blood Mononuclear Cells; molecule: T cell receptor VDJ region reads from mulitmodal scRNAseq,,10x 5',with TCR/VDJ,downloads/GSE161918/matrix/GSE161918_series_matrix.txt.gz,144
GSE161918,GSE161918,GSM4929209,GPL24676,Peripheral Blood Mononuclear Cells,,10x 5',without TCR/VDJ,downloads/GSE161918/matrix/GSE161918_series_matrix.txt.gz,145
GSE161918,GSE161918,GSM4929210,GPL24676,Peripheral Blood Mononuclear Cells,,10x 5',without TCR/VDJ,downloads/GSE161918/matrix/GSE161918_series_matrix.txt.gz,146
GSE161918,GSE161918,GSM4929211,GPL24676,Peripheral Blood Mononuclear Cells,,10x (unspecified),without TCR/VDJ,downloads/GSE161918/matrix/GSE161918_series_matrix.txt.gz,147
GSE161918,GSE161918,GSM4929212,GPL24676,Peripheral Blood Mononuclear Cells,,10x 5',without TCR/VDJ,downloads/GSE161918/matrix/GSE161918_series_matrix.txt.gz,148
GSE161918,GSE161918,GSM4929213,GPL24676,Peripheral Blood Mononuclear Cells,,10x 5',without TCR/VDJ,downloads/GSE161918/matrix/GSE161918_series_matrix.txt.gz,149
GSE161918,GSE161918,GSM4929214,GPL24676,Peripheral Blood Mononuclear Cells,,10x 5',without TCR/VDJ,downloads/GSE161918/matrix/GSE161918_series_matrix.txt.gz,150
GSE161918,GSE161918,GSM4929215,GPL24676,Peripheral Blood Mononuclear Cells,,10x 5',without TCR/VDJ,downloads/GSE161918/matrix/GSE161918_series_matrix.txt.gz,151
GSE161918,GSE161918,GSM4929216,GPL24676,Peripheral Blood Mononuclear Cells,,10x 5',without TCR/VDJ,downloads/GSE161918/matrix/GSE161918_series_matrix.txt.gz,152
GSE161918,GSE161918,GSM4929217,GPL24676,Peripheral Blood Mononuclear Cells,,10x 5',without TCR/VDJ,downloads/GSE161918/matrix/GSE161918_series_matrix.txt.gz,153
GSE161918,GSE161918,GSM4929218,GPL24676,Peripheral Blood Mononuclear Cells,,10x 5',without TCR/VDJ,downloads/GSE161918/matrix/GSE161918_series_matrix.txt.gz,154
GSE161918,GSE161918,GSM4929219,GPL24676,Peripheral Blood Mononuclear Cells,,10x 5',without TCR/VDJ,downloads/GSE161918/matrix/GSE161918_series_matrix.txt.gz,155
GSE161918,GSE161918,GSM4929220,GPL24676,Peripheral Blood Mononuclear Cells,,10x 5',without TCR/VDJ,downloads/GSE161918/matrix/GSE161918_series_matrix.txt.gz,156
GSE161918,GSE161918,GSM4929221,GPL24676,Peripheral Blood Mononuclear Cells,,10x (unspecified),without TCR/VDJ,downloads/GSE161918/matrix/GSE161918_series_matrix.txt.gz,157
GSE161918,GSE161918,GSM4929222,GPL24676,Peripheral Blood Mononuclear Cells,,10x 5',without TCR/VDJ,downloads/GSE161918/matrix/GSE161918_series_matrix.txt.gz,158
GSE161918,GSE161918,GSM4929223,GPL24676,Peripheral Blood Mononuclear Cells,,10x 5',without TCR/VDJ,downloads/GSE161918/matrix/GSE161918_series_matrix.txt.gz,159
GSE161918,GSE161918,GSM4929224,GPL24676,Peripheral Blood Mononuclear Cells,,10x 5',without TCR/VDJ,downloads/GSE161918/matrix/GSE161918_series_matrix.txt.gz,160
GSE161918,GSE161918,GSM4929225,GPL24676,Peripheral Blood Mononuclear Cells,,10x 5',without TCR/VDJ,downloads/GSE161918/matrix/GSE161918_series_matrix.txt.gz,161
GSE161918,GSE161918,GSM4929226,GPL24676,Peripheral Blood Mononuclear Cells,,10x 5',without TCR/VDJ,downloads/GSE161918/matrix/GSE161918_series_matrix.txt.gz,162
GSE161918,GSE161918,GSM4929227,GPL24676,Peripheral Blood Mononuclear Cells,,10x 5',without TCR/VDJ,downloads/GSE161918/matrix/GSE161918_series_matrix.txt.gz,163
GSE161918,GSE161918,GSM4929228,GPL24676,Peripheral Blood Mononuclear Cells,,10x 5',without TCR/VDJ,downloads/GSE161918/matrix/GSE161918_series_matrix.txt.gz,164
GSE161918,GSE161918,GSM4929229,GPL24676,Peripheral Blood Mononuclear Cells,,10x 5',without TCR/VDJ,downloads/GSE161918/matrix/GSE161918_series_matrix.txt.gz,165
GSE161918,GSE161918,GSM4929230,GPL24676,Peripheral Blood Mononuclear Cells,,10x 5',without TCR/VDJ,downloads/GSE161918/matrix/GSE161918_series_matrix.txt.gz,166
GSE161918,GSE161918,GSM4929231,GPL24676,Peripheral Blood Mononuclear Cells,,10x (unspecified),without TCR/VDJ,downloads/GSE161918/matrix/GSE161918_series_matrix.txt.gz,167
GSE161918,GSE161918,GSM4929232,GPL24676,Peripheral Blood Mononuclear Cells,,10x 5',without TCR/VDJ,downloads/GSE161918/matrix/GSE161918_series_matrix.txt.gz,168
GSE161918,GSE161918,GSM4929233,GPL24676,Peripheral Blood Mononuclear Cells,,10x 5',without TCR/VDJ,downloads/GSE161918/matrix/GSE161918_series_matrix.txt.gz,169
GSE161918,GSE161918,GSM4929234,GPL24676,Peripheral Blood Mononuclear Cells,,10x 5',without TCR/VDJ,downloads/GSE161918/matrix/GSE161918_series_matrix.txt.gz,170
GSE161918,GSE161918,GSM4929235,GPL24676,Peripheral Blood Mononuclear Cells,,10x 5',without TCR/VDJ,downloads/GSE161918/matrix/GSE161918_series_matrix.txt.gz,171
GSE161918,GSE161918,GSM4929236,GPL24676,Peripheral Blood Mononuclear Cells,,10x 5',without TCR/VDJ,downloads/GSE161918/matrix/GSE161918_series_matrix.txt.gz,172
GSE161918,GSE161918,GSM4929237,GPL24676,Peripheral Blood Mononuclear Cells,,10x 5',without TCR/VDJ,downloads/GSE161918/matrix/GSE161918_series_matrix.txt.gz,173
GSE161918,GSE161918,GSM4929238,GPL24676,Peripheral Blood Mononuclear Cells,,10x 5',without TCR/VDJ,downloads/GSE161918/matrix/GSE161918_series_matrix.txt.gz,174
GSE161918,GSE161918,GSM4929239,GPL24676,Peripheral Blood Mononuclear Cells,,10x 5',without TCR/VDJ,downloads/GSE161918/matrix/GSE161918_series_matrix.txt.gz,175
GSE161918,GSE161918,GSM4929240,GPL24676,Peripheral Blood Mononuclear Cells,,10x 5',without TCR/VDJ,downloads/GSE161918/matrix/GSE161918_series_matrix.txt.gz,176
GSE161918,GSE161918,GSM4929241,GPL24676,Peripheral Blood Mononuclear Cells,,10x 5',without TCR/VDJ,downloads/GSE161918/matrix/GSE161918_series_matrix.txt.gz,177
GSE161918,GSE161918,GSM4929242,GPL24676,Peripheral Blood Mononuclear Cells,,10x 5',without TCR/VDJ,downloads/GSE161918/matrix/GSE161918_series_matrix.txt.gz,178
GSE161918,GSE161918,GSM4929243,GPL24676,Peripheral Blood Mononuclear Cells,,10x 5',without TCR/VDJ,downloads/GSE161918/matrix/GSE161918_series_matrix.txt.gz,179
GSE161918,GSE161918,GSM4929244,GPL24676,Peripheral Blood Mononuclear Cells,,10x 5',without TCR/VDJ,downloads/GSE161918/matrix/GSE161918_series_matrix.txt.gz,180
GSE161918,GSE161918,GSM4929245,GPL24676,Peripheral Blood Mononuclear Cells,,10x 5',without TCR/VDJ,downloads/GSE161918/matrix/GSE161918_series_matrix.txt.gz,181
GSE161918,GSE161918,GSM4929246,GPL24676,Peripheral Blood Mononuclear Cells,,10x 5',without TCR/VDJ,downloads/GSE161918/matrix/GSE161918_series_matrix.txt.gz,182
GSE161918,GSE161918,GSM4929247,GPL24676,Peripheral Blood Mononuclear Cells,,10x 5',without TCR/VDJ,downloads/GSE161918/matrix/GSE161918_series_matrix.txt.gz,183
GSE161918,GSE161918,GSM4929248,GPL24676,Peripheral Blood Mononuclear Cells,,10x 5',without TCR/VDJ,downloads/GSE161918/matrix/GSE161918_series_matrix.txt.gz,184
GSE161918,GSE161918,GSM4929249,GPL24676,Peripheral Blood Mononuclear Cells,,10x 5',without TCR/VDJ,downloads/GSE161918/matrix/GSE161918_series_matrix.txt.gz,185
GSE161918,GSE161918,GSM4929250,GPL24676,Peripheral Blood Mononuclear Cells,,10x 5',without TCR/VDJ,downloads/GSE161918/matrix/GSE161918_series_matrix.txt.gz,186
GSE161918,GSE161918,GSM4929251,GPL24676,Peripheral Blood Mononuclear Cells,,10x 5',without TCR/VDJ,downloads/GSE161918/matrix/GSE161918_series_matrix.txt.gz,187
GSE161918,GSE161918,GSM4929252,GPL24676,Peripheral Blood Mononuclear Cells,,10x 5',without TCR/VDJ,downloads/GSE161918/matrix/GSE161918_series_matrix.txt.gz,188
GSE161918,GSE161918,GSM4929253,GPL24676,Peripheral Blood Mononuclear Cells,,10x 5',without TCR/VDJ,downloads/GSE161918/matrix/GSE161918_series_matrix.txt.gz,189
GSE161918,GSE161918,GSM4929254,GPL24676,Peripheral Blood Mononuclear Cells,,10x 5',without TCR/VDJ,downloads/GSE161918/matrix/GSE161918_series_matrix.txt.gz,190
GSE161918,GSE161918,GSM4929255,GPL24676,Peripheral Blood Mononuclear Cells,,10x 5',without TCR/VDJ,downloads/GSE161918/matrix/GSE161918_series_matrix.txt.gz,191
GSE161918,GSE161918,GSM4929256,GPL24676,Peripheral Blood Mononuclear Cells,,10x 5',without TCR/VDJ,downloads/GSE161918/matrix/GSE161918_series_matrix.txt.gz,192
GSE161918,GSE161918,GSM4929257,GPL24676,Peripheral Blood Mononuclear Cells,,10x 5',without TCR/VDJ,downloads/GSE161918/matrix/GSE161918_series_matrix.txt.gz,193
GSE161918,GSE161918,GSM4929258,GPL24676,Peripheral Blood Mononuclear Cells,,10x 5',without TCR/VDJ,downloads/GSE161918/matrix/GSE161918_series_matrix.txt.gz,194
GSE161918,GSE161918,GSM4929259,GPL24676,Peripheral Blood Mononuclear Cells,,10x 5',without TCR/VDJ,downloads/GSE161918/matrix/GSE161918_series_matrix.txt.gz,195
GSE161918,GSE161918,GSM4929260,GPL24676,Peripheral Blood Mononuclear Cells,,10x 5',without TCR/VDJ,downloads/GSE161918/matrix/GSE161918_series_matrix.txt.gz,196
GSE161918,GSE161918,GSM4929261,GPL24676,Peripheral Blood Mononuclear Cells,,10x 5',without TCR/VDJ,downloads/GSE161918/matrix/GSE161918_series_matrix.txt.gz,197
GSE161918,GSE161918,GSM4929262,GPL24676,Peripheral Blood Mononuclear Cells,,10x 5',without TCR/VDJ,downloads/GSE161918/matrix/GSE161918_series_matrix.txt.gz,198
GSE161918,GSE161918,GSM4929263,GPL24676,Peripheral Blood Mononuclear Cells,,10x 5',without TCR/VDJ,downloads/GSE161918/matrix/GSE161918_series_matrix.txt.gz,199
GSE161918,GSE161918,GSM4929264,GPL24676,Peripheral Blood Mononuclear Cells,,10x 5',without TCR/VDJ,downloads/GSE161918/matrix/GSE161918_series_matrix.txt.gz,200
GSE161918,GSE161918,GSM4929265,GPL24676,Peripheral Blood Mononuclear Cells,,10x 5',without TCR/VDJ,downloads/GSE161918/matrix/GSE161918_series_matrix.txt.gz,201
GSE161918,GSE161918,GSM4929266,GPL24676,Peripheral Blood Mononuclear Cells,,10x 5',without TCR/VDJ,downloads/GSE161918/matrix/GSE161918_series_matrix.txt.gz,202
GSE161918,GSE161918,GSM4929267,GPL24676,Peripheral Blood Mononuclear Cells,,10x 5',without TCR/VDJ,downloads/GSE161918/matrix/GSE161918_series_matrix.txt.gz,203
GSE161918,GSE161918,GSM4929268,GPL24676,Peripheral Blood Mononuclear Cells,,10x 5',without TCR/VDJ,downloads/GSE161918/matrix/GSE161918_series_matrix.txt.gz,204
GSE161918,GSE161918,GSM4929269,GPL24676,Peripheral Blood Mononuclear Cells,,10x 5',without TCR/VDJ,downloads/GSE161918/matrix/GSE161918_series_matrix.txt.gz,205
GSE161918,GSE161918,GSM4929270,GPL24676,Peripheral Blood Mononuclear Cells,,10x 5',without TCR/VDJ,downloads/GSE161918/matrix/GSE161918_series_matrix.txt.gz,206
GSE161918,GSE161918,GSM4929271,GPL24676,Peripheral Blood Mononuclear Cells,,10x 5',without TCR/VDJ,downloads/GSE161918/matrix/GSE161918_series_matrix.txt.gz,207
GSE161918,GSE161918,GSM4929272,GPL24676,Peripheral Blood Mononuclear Cells,,10x 5',without TCR/VDJ,downloads/GSE161918/matrix/GSE161918_series_matrix.txt.gz,208
GSE161918,GSE161918,GSM4929273,GPL24676,Peripheral Blood Mononuclear Cells,,10x 5',without TCR/VDJ,downloads/GSE161918/matrix/GSE161918_series_matrix.txt.gz,209
GSE161918,GSE161918,GSM4929274,GPL24676,Peripheral Blood Mononuclear Cells,,10x 5',without TCR/VDJ,downloads/GSE161918/matrix/GSE161918_series_matrix.txt.gz,210
GSE161918,GSE161918,GSM4929275,GPL24676,Peripheral Blood Mononuclear Cells,,10x 5',without TCR/VDJ,downloads/GSE161918/matrix/GSE161918_series_matrix.txt.gz,211
GSE161918,GSE161918,GSM4929276,GPL24676,Peripheral Blood Mononuclear Cells,,10x 5',without TCR/VDJ,downloads/GSE161918/matrix/GSE161918_series_matrix.txt.gz,212
GSE161918,GSE161918,GSM4929277,GPL24676,Peripheral Blood Mononuclear Cells,,10x 5',without TCR/VDJ,downloads/GSE161918/matrix/GSE161918_series_matrix.txt.gz,213
GSE161918,GSE161918,GSM4929278,GPL24676,Peripheral Blood Mononuclear Cells,,10x 5',without TCR/VDJ,downloads/GSE161918/matrix/GSE161918_series_matrix.txt.gz,214
GSE161918,GSE161918,GSM4929279,GPL24676,Peripheral Blood Mononuclear Cells,,10x 5',without TCR/VDJ,downloads/GSE161918/matrix/GSE161918_series_matrix.txt.gz,215
GSE161918,GSE161918,GSM4929280,GPL24676,Peripheral Blood Mononuclear Cells,,10x 5',without TCR/VDJ,downloads/GSE161918/matrix/GSE161918_series_matrix.txt.gz,216
GSE161918,GSE161918,GSM4929281,GPL24676,Peripheral Blood Mononuclear Cells,,10x 5',without TCR/VDJ,downloads/GSE161918/matrix/GSE161918_series_matrix.txt.gz,217
GSE161918,GSE161918,GSM4929282,GPL24676,Peripheral Blood Mononuclear Cells,,10x 5',without TCR/VDJ,downloads/GSE161918/matrix/GSE161918_series_matrix.txt.gz,218
GSE161918,GSE161918,GSM4929283,GPL24676,Peripheral Blood Mononuclear Cells,,10x 5',without TCR/VDJ,downloads/GSE161918/matrix/GSE161918_series_matrix.txt.gz,219
GSE161918,GSE161918,GSM4929284,GPL24676,Peripheral Blood Mononuclear Cells,,10x 5',without TCR/VDJ,downloads/GSE161918/matrix/GSE161918_series_matrix.txt.gz,220
GSE161918,GSE161918,GSM4929285,GPL24676,Peripheral Blood Mononuclear Cells,,10x 5',without TCR/VDJ,downloads/GSE161918/matrix/GSE161918_series_matrix.txt.gz,221
GSE161918,GSE161918,GSM4929286,GPL24676,Peripheral Blood Mononuclear Cells,,10x 5',without TCR/VDJ,downloads/GSE161918/matrix/GSE161918_series_matrix.txt.gz,222
GSE161918,GSE161918,GSM4929287,GPL24676,Peripheral Blood Mononuclear Cells,,10x 5',without TCR/VDJ,downloads/GSE161918/matrix/GSE161918_series_matrix.txt.gz,223
GSE161918,GSE161918,GSM4929288,GPL24676,Peripheral Blood Mononuclear Cells,,10x 5',without TCR/VDJ,downloads/GSE161918/matrix/GSE161918_series_matrix.txt.gz,224
GSE161918,GSE161918,GSM4929289,GPL24676,Peripheral Blood Mononuclear Cells,,10x 5',without TCR/VDJ,downloads/GSE161918/matrix/GSE161918_series_matrix.txt.gz,225
GSE161918,GSE161918,GSM4929290,GPL24676,Peripheral Blood Mononuclear Cells,,10x 5',without TCR/VDJ,downloads/GSE161918/matrix/GSE161918_series_matrix.txt.gz,226
GSE161918,GSE161918,GSM4929291,GPL24676,Peripheral Blood Mononuclear Cells,,10x 5',without TCR/VDJ,downloads/GSE161918/matrix/GSE161918_series_matrix.txt.gz,227
GSE161918,GSE161918,GSM4929292,GPL24676,Peripheral Blood Mononuclear Cells,,10x 5',without TCR/VDJ,downloads/GSE161918/matrix/GSE161918_series_matrix.txt.gz,228
GSE161918,GSE161918,GSM4929293,GPL24676,Peripheral Blood Mononuclear Cells,,10x 5',without TCR/VDJ,downloads/GSE161918/matrix/GSE161918_series_matrix.txt.gz,229
GSE161918,GSE161918,GSM4929294,GPL24676,Peripheral Blood Mononuclear Cells,,10x 5',without TCR/VDJ,downloads/GSE161918/matrix/GSE161918_series_matrix.txt.gz,230
GSE161918,GSE161918,GSM4929295,GPL24676,Peripheral Blood Mononuclear Cells,,10x 5',without TCR/VDJ,downloads/GSE161918/matrix/GSE161918_series_matrix.txt.gz,231
GSE161918,GSE161918,GSM4929296,GPL24676,Peripheral Blood Mononuclear Cells,,10x 5',without TCR/VDJ,downloads/GSE161918/matrix/GSE161918_series_matrix.txt.gz,232
GSE161918,GSE161918,GSM4929297,GPL24676,Peripheral Blood Mononuclear Cells,,10x 5',without TCR/VDJ,downloads/GSE161918/matrix/GSE161918_series_matrix.txt.gz,233
GSE161918,GSE161918,GSM4929298,GPL24676,Peripheral Blood Mononuclear Cells,,10x 5',without TCR/VDJ,downloads/GSE161918/matrix/GSE161918_series_matrix.txt.gz,234
GSE161918,GSE161918,GSM4929299,GPL24676,Peripheral Blood Mononuclear Cells,,10x 5',without TCR/VDJ,downloads/GSE161918/matrix/GSE161918_series_matrix.txt.gz,235
GSE161918,GSE161918,GSM4929300,GPL24676,Peripheral Blood Mononuclear Cells,,10x 5',without TCR/VDJ,downloads/GSE161918/matrix/GSE161918_series_matrix.txt.gz,236
GSE161918,GSE161918,GSM4929301,GPL24676,Peripheral Blood Mononuclear Cells,,10x 5',without TCR/VDJ,downloads/GSE161918/matrix/GSE161918_series_matrix.txt.gz,237
GSE161918,GSE161918,GSM4929302,GPL24676,Peripheral Blood Mononuclear Cells,,10x 5',without TCR/VDJ,downloads/GSE161918/matrix/GSE161918_series_matrix.txt.gz,238
GSE161918,GSE161918,GSM4929303,GPL24676,Peripheral Blood Mononuclear Cells,,10x 5',without TCR/VDJ,downloads/GSE161918/matrix/GSE161918_series_matrix.txt.gz,239
GSE161918,GSE161918,GSM4929304,GPL24676,Peripheral Blood Mononuclear Cells,,10x 5',without TCR/VDJ,downloads/GSE161918/matrix/GSE161918_series_matrix.txt.gz,240
GSE161918,GSE161918,GSM4929305,GPL24676,Peripheral Blood Mononuclear Cells,,10x 5',without TCR/VDJ,downloads/GSE161918/matrix/GSE161918_series_matrix.txt.gz,241
GSE162498,GSE162498,GSM4952953,GPL16791,NSCLC tumor tissue,,10x 5',with TCR/VDJ,downloads/GSE162498/matrix/GSE162498-GPL16791_series_matrix.txt.gz,1
GSE162498,GSE162498,GSM4952954,GPL16791,NSCLC tumor tissue,,10x 5',with TCR/VDJ,downloads/GSE162498/matrix/GSE162498-GPL16791_series_matrix.txt.gz,2
GSE162498,GSE162498,GSM4952955,GPL16791,NSCLC tumor tissue,,10x 5',with TCR/VDJ,downloads/GSE162498/matrix/GSE162498-GPL16791_series_matrix.txt.gz,3
GSE162498,GSE162498,GSM4952956,GPL16791,NSCLC tumor tissue,,10x 5',with TCR/VDJ,downloads/GSE162498/matrix/GSE162498-GPL16791_series_matrix.txt.gz,4
GSE162498,GSE162498,GSM4952957,GPL16791,NSCLC tumor tissue,,10x 5',with TCR/VDJ,downloads/GSE162498/matrix/GSE162498-GPL16791_series_matrix.txt.gz,5
GSE162498,GSE162498,GSM4952958,GPL16791,NSCLC tumor tissue,,10x 5',with TCR/VDJ,downloads/GSE162498/matrix/GSE162498-GPL16791_series_matrix.txt.gz,6
GSE162498,GSE162498,GSM4952959,GPL24676,NSCLC tumor tissue,,10x 5',with TCR/VDJ,downloads/GSE162498/matrix/GSE162498-GPL24676_series_matrix.txt.gz,1
GSE162498,GSE162498,GSM4952960,GPL24676,NSCLC tumor tissue,,10x 5',with TCR/VDJ,downloads/GSE162498/matrix/GSE162498-GPL24676_series_matrix.txt.gz,2
GSE162498,GSE162498,GSM4952961,GPL24676,Blood sample,,10x 5',with TCR/VDJ,downloads/GSE162498/matrix/GSE162498-GPL24676_series_matrix.txt.gz,3
GSE162498,GSE162498,GSM4952962,GPL24676,NSCLC tumor tissue,,10x 5',with TCR/VDJ,downloads/GSE162498/matrix/GSE162498-GPL24676_series_matrix.txt.gz,4
GSE162498,GSE162498,GSM4952963,GPL24676,Blood sample,,10x 5',with TCR/VDJ,downloads/GSE162498/matrix/GSE162498-GPL24676_series_matrix.txt.gz,5
GSE162498,GSE162498,GSM4952964,GPL24676,NSCLC tumor tissue,,10x 5',with TCR/VDJ,downloads/GSE162498/matrix/GSE162498-GPL24676_series_matrix.txt.gz,6
GSE162498,GSE162498,GSM4952965,GPL24676,NSCLC juxta tissue,,10x 5',with TCR/VDJ,downloads/GSE162498/matrix/GSE162498-GPL24676_series_matrix.txt.gz,7
GSE162498,GSE162498,GSM4952966,GPL24676,Blood sample,,10x 5',with TCR/VDJ,downloads/GSE162498/matrix/GSE162498-GPL24676_series_matrix.txt.gz,8
GSE162498,GSE162498,GSM4952967,GPL24676,NSCLC tumor tissue,,10x 5',with TCR/VDJ,downloads/GSE162498/matrix/GSE162498-GPL24676_series_matrix.txt.gz,9
GSE162498,GSE162498,GSM4952968,GPL24676,NSCLC juxta tissue,,10x 5',with TCR/VDJ,downloads/GSE162498/matrix/GSE162498-GPL24676_series_matrix.txt.gz,10
GSE162498,GSE162498,GSM4952969,GPL24676,Blood sample,,10x 5',with TCR/VDJ,downloads/GSE162498/matrix/GSE162498-GPL24676_series_matrix.txt.gz,11
GSE168859,GSE168859,GSM5171588,GPL21290,Human peripheral blood,subject: UPN24,10x 5',without TCR/VDJ,downloads/GSE168859/matrix/GSE168859_series_matrix.txt.gz,1
GSE168859,GSE168859,GSM5171589,GPL21290,Human peripheral blood,subject: UPN24,10x 5',without TCR/VDJ,downloads/GSE168859/matrix/GSE168859_series_matrix.txt.gz,2
GSE168859,GSE168859,GSM5171590,GPL21290,Human peripheral blood,subject: UPN10,10x 5',without TCR/VDJ,downloads/GSE168859/matrix/GSE168859_series_matrix.txt.gz,3
GSE168859,GSE168859,GSM5171591,GPL21290,Human peripheral blood,subject: UPN10,10x 5',without TCR/VDJ,downloads/GSE168859/matrix/GSE168859_series_matrix.txt.gz,4
GSE168859,GSE168859,GSM5171592,GPL21290,Human peripheral blood,subject: UPN19,10x 5',without TCR/VDJ,downloads/GSE168859/matrix/GSE168859_series_matrix.txt.gz,5
GSE168859,GSE168859,GSM5171593,GPL21290,Human peripheral blood,subject: UPN19,10x 5',without TCR/VDJ,downloads/GSE168859/matrix/GSE168859_series_matrix.txt.gz,6
GSE168859,GSE168859,GSM5171594,GPL21290,Human peripheral blood,subject: Healthydonor1,10x 5',without TCR/VDJ,downloads/GSE168859/matrix/GSE168859_series_matrix.txt.gz,7
GSE168859,GSE168859,GSM5171595,GPL21290,Human peripheral blood,subject: Healthydonor2,10x 5',without TCR/VDJ,downloads/GSE168859/matrix/GSE168859_series_matrix.txt.gz,8
GSE168859,GSE168859,GSM5171596,GPL21290,Human peripheral blood,subject: UPN18,10x 5',without TCR/VDJ,downloads/GSE168859/matrix/GSE168859_series_matrix.txt.gz,9
GSE168859,GSE168859,GSM5171597,GPL21290,Human peripheral blood,subject: UPN18,10x 5',without TCR/VDJ,downloads/GSE168859/matrix/GSE168859_series_matrix.txt.gz,10
GSE168859,GSE168859,GSM5171598,GPL21290,Human peripheral blood,subject: UPN4,10x 5',without TCR/VDJ,downloads/GSE168859/matrix/GSE168859_series_matrix.txt.gz,11
GSE168859,GSE168859,GSM5171599,GPL21290,Human peripheral blood,subject: UPN4,10x 5',without TCR/VDJ,downloads/GSE168859/matrix/GSE168859_series_matrix.txt.gz,12
GSE168859,GSE168859,GSM5171600,GPL21290,Human peripheral blood,subject: UPN17,10x 5',without TCR/VDJ,downloads/GSE168859/matrix/GSE168859_series_matrix.txt.gz,13
GSE168859,GSE168859,GSM5171601,GPL21290,Human peripheral blood,subject: UPN17,10x 5',without TCR/VDJ,downloads/GSE168859/matrix/GSE168859_series_matrix.txt.gz,14
GSE168859,GSE168859,GSM5171602,GPL21290,Human peripheral blood,subject: Healthydonor3,10x 5',without TCR/VDJ,downloads/GSE168859/matrix/GSE168859_series_matrix.txt.gz,15
GSE168859,GSE168859,GSM5171603,GPL21290,Human peripheral blood,subject: Healthydonor4,10x 5',without TCR/VDJ,downloads/GSE168859/matrix/GSE168859_series_matrix.txt.gz,16
GSE168859,GSE168859,GSM5171604,GPL21290,Human peripheral blood,subject: UPN1,10x 5',without TCR/VDJ,downloads/GSE168859/matrix/GSE168859_series_matrix.txt.gz,17
GSE168859,GSE168859,GSM5171605,GPL21290,Human peripheral blood,subject: UPN1,10x 5',without TCR/VDJ,downloads/GSE168859/matrix/GSE168859_series_matrix.txt.gz,18
GSE168859,GSE168859,GSM5171606,GPL21290,Human peripheral blood,subject: UPN12,10x 5',without TCR/VDJ,downloads/GSE168859/matrix/GSE168859_series_matrix.txt.gz,19
GSE168859,GSE168859,GSM5171607,GPL21290,Human peripheral blood,subject: UPN12,10x 5',without TCR/VDJ,downloads/GSE168859/matrix/GSE168859_series_matrix.txt.gz,20
GSE168859,GSE168859,GSM5171608,GPL21290,Human peripheral blood,subject: UPN8,10x 5',without TCR/VDJ,downloads/GSE168859/matrix/GSE168859_series_matrix.txt.gz,21
GSE168859,GSE168859,GSM5171609,GPL21290,Human peripheral blood,subject: UPN13,10x 5',without TCR/VDJ,downloads/GSE168859/matrix/GSE168859_series_matrix.txt.gz,22
GSE168859,GSE168859,GSM5171610,GPL21290,Human peripheral blood,subject: Healthydonor5,10x 5',without TCR/VDJ,downloads/GSE168859/matrix/GSE168859_series_matrix.txt.gz,23
GSE168859,GSE168859,GSM5171611,GPL21290,Human peripheral blood,subject: Healthydonor6,10x 5',without TCR/VDJ,downloads/GSE168859/matrix/GSE168859_series_matrix.txt.gz,24
GSE168859,GSE168859,GSM5171612,GPL21290,Human peripheral blood,subject: UPN8,10x 5',without TCR/VDJ,downloads/GSE168859/matrix/GSE168859_series_matrix.txt.gz,25
GSE168859,GSE168859,GSM5171613,GPL21290,Human peripheral blood,subject: UPN13,10x 5',without TCR/VDJ,downloads/GSE168859/matrix/GSE168859_series_matrix.txt.gz,26
GSE168859,GSE168859,GSM5171614,GPL21290,Human peripheral blood,subject: UPN14,10x 5',without TCR/VDJ,downloads/GSE168859/matrix/GSE168859_series_matrix.txt.gz,27
GSE168859,GSE168859,GSM5171615,GPL21290,Human peripheral blood,subject: UPN14,10x 5',without TCR/VDJ,downloads/GSE168859/matrix/GSE168859_series_matrix.txt.gz,28
GSE168859,GSE168859,GSM5171616,GPL21290,Human peripheral blood,subject: UPN15,10x 5',without TCR/VDJ,downloads/GSE168859/matrix/GSE168859_series_matrix.txt.gz,29
GSE168859,GSE168859,GSM5171617,GPL21290,Human peripheral blood,subject: UPN15,10x 5',without TCR/VDJ,downloads/GSE168859/matrix/GSE168859_series_matrix.txt.gz,30
GSE168859,GSE168859,GSM5171618,GPL21290,Human peripheral blood,subject: UPN6,10x 5',without TCR/VDJ,downloads/GSE168859/matrix/GSE168859_series_matrix.txt.gz,31
GSE168859,GSE168859,GSM5171619,GPL21290,Human peripheral blood,subject: Healthydonor7,10x 5',without TCR/VDJ,downloads/GSE168859/matrix/GSE168859_series_matrix.txt.gz,32
GSE168859,GSE168859,GSM5171620,GPL21290,Human peripheral blood,subject: UPN24,10x 5',without TCR/VDJ,downloads/GSE168859/matrix/GSE168859_series_matrix.txt.gz,33
GSE168859,GSE168859,GSM5171621,GPL21290,Human peripheral blood,subject: UPN24,10x 5',without TCR/VDJ,downloads/GSE168859/matrix/GSE168859_series_matrix.txt.gz,34
GSE168859,GSE168859,GSM5171622,GPL21290,Human peripheral blood,subject: UPN10,10x 5',without TCR/VDJ,downloads/GSE168859/matrix/GSE168859_series_matrix.txt.gz,35
GSE168859,GSE168859,GSM5171623,GPL21290,Human peripheral blood,subject: UPN10,10x 5',without TCR/VDJ,downloads/GSE168859/matrix/GSE168859_series_matrix.txt.gz,36
GSE168859,GSE168859,GSM5171624,GPL21290,Human peripheral blood,subject: UPN19,10x 5',without TCR/VDJ,downloads/GSE168859/matrix/GSE168859_series_matrix.txt.gz,37
GSE168859,GSE168859,GSM5171625,GPL21290,Human peripheral blood,subject: UPN19,10x 5',without TCR/VDJ,downloads/GSE168859/matrix/GSE168859_series_matrix.txt.gz,38
GSE168859,GSE168859,GSM5171626,GPL21290,Human peripheral blood,subject: Healthydonor1,10x 5',without TCR/VDJ,downloads/GSE168859/matrix/GSE168859_series_matrix.txt.gz,39
GSE168859,GSE168859,GSM5171627,GPL21290,Human peripheral blood,subject: Healthydonor2,10x 5',without TCR/VDJ,downloads/GSE168859/matrix/GSE168859_series_matrix.txt.gz,40
GSE168859,GSE168859,GSM5171628,GPL21290,Human peripheral blood,subject: UPN18,10x 5',without TCR/VDJ,downloads/GSE168859/matrix/GSE168859_series_matrix.txt.gz,41
GSE168859,GSE168859,GSM5171629,GPL21290,Human peripheral blood,subject: UPN18,10x 5',without TCR/VDJ,downloads/GSE168859/matrix/GSE168859_series_matrix.txt.gz,42
GSE168859,GSE168859,GSM5171630,GPL21290,Human peripheral blood,subject: UPN4,10x 5',without TCR/VDJ,downloads/GSE168859/matrix/GSE168859_series_matrix.txt.gz,43
GSE168859,GSE168859,GSM5171631,GPL21290,Human peripheral blood,subject: UPN4,10x 5',without TCR/VDJ,downloads/GSE168859/matrix/GSE168859_series_matrix.txt.gz,44
GSE168859,GSE168859,GSM5171632,GPL21290,Human peripheral blood,subject: UPN17,10x 5',without TCR/VDJ,downloads/GSE168859/matrix/GSE168859_series_matrix.txt.gz,45
GSE168859,GSE168859,GSM5171633,GPL21290,Human peripheral blood,subject: UPN17,10x 5',without TCR/VDJ,downloads/GSE168859/matrix/GSE168859_series_matrix.txt.gz,46
GSE168859,GSE168859,GSM5171634,GPL21290,Human peripheral blood,subject: Healthydonor3,10x 5',without TCR/VDJ,downloads/GSE168859/matrix/GSE168859_series_matrix.txt.gz,47
GSE168859,GSE168859,GSM5171635,GPL21290,Human peripheral blood,subject: Healthydonor4,10x 5',without TCR/VDJ,downloads/GSE168859/matrix/GSE168859_series_matrix.txt.gz,48
GSE168859,GSE168859,GSM5171636,GPL21290,Human peripheral blood,subject: UPN1,10x 5',without TCR/VDJ,downloads/GSE168859/matrix/GSE168859_series_matrix.txt.gz,49
GSE168859,GSE168859,GSM5171637,GPL21290,Human peripheral blood,subject: UPN1,10x 5',without TCR/VDJ,downloads/GSE168859/matrix/GSE168859_series_matrix.txt.gz,50
GSE168859,GSE168859,GSM5171638,GPL21290,Human peripheral blood,subject: UPN12,10x 5',without TCR/VDJ,downloads/GSE168859/matrix/GSE168859_series_matrix.txt.gz,51
GSE168859,GSE168859,GSM5171639,GPL21290,Human peripheral blood,subject: UPN12,10x 5',without TCR/VDJ,downloads/GSE168859/matrix/GSE168859_series_matrix.txt.gz,52
GSE168859,GSE168859,GSM5171640,GPL21290,Human peripheral blood,subject: UPN8,10x 5',without TCR/VDJ,downloads/GSE168859/matrix/GSE168859_series_matrix.txt.gz,53
GSE168859,GSE168859,GSM5171641,GPL21290,Human peripheral blood,subject: UPN13,10x 5',without TCR/VDJ,downloads/GSE168859/matrix/GSE168859_series_matrix.txt.gz,54
GSE168859,GSE168859,GSM5171642,GPL21290,Human peripheral blood,subject: Healthydonor5,10x 5',without TCR/VDJ,downloads/GSE168859/matrix/GSE168859_series_matrix.txt.gz,55
GSE168859,GSE168859,GSM5171643,GPL21290,Human peripheral blood,subject: Healthydonor6,10x 5',without TCR/VDJ,downloads/GSE168859/matrix/GSE168859_series_matrix.txt.gz,56
GSE168859,GSE168859,GSM5171644,GPL21290,Human peripheral blood,subject: UPN8,10x 5',without TCR/VDJ,downloads/GSE168859/matrix/GSE168859_series_matrix.txt.gz,57
GSE168859,GSE168859,GSM5171645,GPL21290,Human peripheral blood,subject: UPN13,10x 5',without TCR/VDJ,downloads/GSE168859/matrix/GSE168859_series_matrix.txt.gz,58
GSE168859,GSE168859,GSM5171646,GPL21290,Human peripheral blood,subject: UPN14,10x 5',without TCR/VDJ,downloads/GSE168859/matrix/GSE168859_series_matrix.txt.gz,59
GSE168859,GSE168859,GSM5171647,GPL21290,Human peripheral blood,subject: UPN14,10x 5',without TCR/VDJ,downloads/GSE168859/matrix/GSE168859_series_matrix.txt.gz,60
GSE168859,GSE168859,GSM5171648,GPL21290,Human peripheral blood,subject: UPN15,10x 5',without TCR/VDJ,downloads/GSE168859/matrix/GSE168859_series_matrix.txt.gz,61
GSE168859,GSE168859,GSM5171649,GPL21290,Human peripheral blood,subject: UPN15,10x 5',without TCR/VDJ,downloads/GSE168859/matrix/GSE168859_series_matrix.txt.gz,62
GSE168859,GSE168859,GSM5171650,GPL21290,Human peripheral blood,subject: UPN6,10x 5',without TCR/VDJ,downloads/GSE168859/matrix/GSE168859_series_matrix.txt.gz,63
GSE168859,GSE168859,GSM5171651,GPL21290,Human peripheral blood,subject: Healthydonor7,10x 5',without TCR/VDJ,downloads/GSE168859/matrix/GSE168859_series_matrix.txt.gz,64
GSE171037,GSE171037,GSM5216975,GPL24676,GT_6 PBMC_1; number of cells: 6050,,10x (unspecified),without TCR/VDJ,downloads/GSE171037/matrix/GSE171037_series_matrix.txt.gz,1
GSE171037,GSE171037,GSM5216976,GPL24676,GT_6 PBMC_2; number of cells: 5252,,10x (unspecified),without TCR/VDJ,downloads/GSE171037/matrix/GSE171037_series_matrix.txt.gz,2
GSE171037,GSE171037,GSM5216977,GPL24676,GT PBMC_1; number of cells: 0,,10x (unspecified),without TCR/VDJ,downloads/GSE171037/matrix/GSE171037_series_matrix.txt.gz,3
GSE171037,GSE171037,GSM5216978,GPL24676,GT PBMC_1; number of cells: 0,,10x (unspecified),without TCR/VDJ,downloads/GSE171037/matrix/GSE171037_series_matrix.txt.gz,4
GSE171037,GSE171037,GSM5216979,GPL24676,GT_6 TA_1; number of cells: 1950,,10x (unspecified),without TCR/VDJ,downloads/GSE171037/matrix/GSE171037_series_matrix.txt.gz,5
GSE171037,GSE171037,GSM5216980,GPL24676,GT_5 TA_1; number of cells: 1976,,10x (unspecified),without TCR/VDJ,downloads/GSE171037/matrix/GSE171037_series_matrix.txt.gz,6
GSE171037,GSE171037,GSM5216981,GPL24676,GT_6 TA_2; number of cells: 2393,,10x (unspecified),without TCR/VDJ,downloads/GSE171037/matrix/GSE171037_series_matrix.txt.gz,7
GSE171037,GSE171037,GSM5216982,GPL24676,GH_7 TA; number of cells: 5767,,10x (unspecified),without TCR/VDJ,downloads/GSE171037/matrix/GSE171037_series_matrix.txt.gz,8
GSE171037,GSE171037,GSM5216983,GPL24676,GT_5 TA_2; number of cells: 2166,,10x (unspecified),without TCR/VDJ,downloads/GSE171037/matrix/GSE171037_series_matrix.txt.gz,9
GSE171037,GSE171037,GSM5216984,GPL24676,GH_1; number of cells: 3047,,10x (unspecified),without TCR/VDJ,downloads/GSE171037/matrix/GSE171037_series_matrix.txt.gz,10
GSE171037,GSE171037,GSM5216985,GPL24676,GH_2; number of cells: 2104,,10x (unspecified),without TCR/VDJ,downloads/GSE171037/matrix/GSE171037_series_matrix.txt.gz,11
GSE171037,GSE171037,GSM5216986,GPL24676,GH_3; number of cells: 2393,,10x (unspecified),without TCR/VDJ,downloads/GSE171037/matrix/GSE171037_series_matrix.txt.gz,12
GSE171037,GSE171037,GSM5216987,GPL24676,GT_2; number of cells: 4473,,10x (unspecified),without TCR/VDJ,downloads/GSE171037/matrix/GSE171037_series_matrix.txt.gz,13
GSE171037,GSE171037,GSM5216988,GPL24676,GT_3; number of cells: 4980,,10x (unspecified),without TCR/VDJ,downloads/GSE171037/matrix/GSE171037_series_matrix.txt.gz,14
GSE178882,GSE178882,GSM5399838,GPL24676,PBMC; cell type: PBMC,,10x 5',with TCR/VDJ,downloads/GSE178882/matrix/GSE178882_series_matrix.txt.gz,1
GSE178882,GSE178882,GSM5399839,GPL24676,PBMC; cell type: PBMC,,10x 5',with TCR/VDJ,downloads/GSE178882/matrix/GSE178882_series_matrix.txt.gz,2
GSE178882,GSE178882,GSM5399840,GPL24676,PBMC; cell type: PBMC,,10x 5',with TCR/VDJ,downloads/GSE178882/matrix/GSE178882_series_matrix.txt.gz,3
GSE178882,GSE178882,GSM5399841,GPL24676,PBMC; cell type: PBMC,,10x 5',with TCR/VDJ,downloads/GSE178882/matrix/GSE178882_series_matrix.txt.gz,4
GSE178882,GSE178882,GSM5399842,GPL24676,PBMC; cell type: PBMC,,10x 5',with TCR/VDJ,downloads/GSE178882/matrix/GSE178882_series_matrix.txt.gz,5
GSE178882,GSE178882,GSM5399843,GPL24676,PBMC; cell type: PBMC,,10x 5',with TCR/VDJ,downloads/GSE178882/matrix/GSE178882_series_matrix.txt.gz,6
GSE178882,GSE178882,GSM5399844,GPL24676,PBMC; cell type: PBMC,,10x 5',with TCR/VDJ,downloads/GSE178882/matrix/GSE178882_series_matrix.txt.gz,7
GSE178882,GSE178882,GSM5399845,GPL24676,PBMC; cell type: PBMC,,10x 5',with TCR/VDJ,downloads/GSE178882/matrix/GSE178882_series_matrix.txt.gz,8
GSE178882,GSE178882,GSM5399846,GPL24676,PBMC; cell type: PBMC,,10x 5',with TCR/VDJ,downloads/GSE178882/matrix/GSE178882_series_matrix.txt.gz,9
GSE178882,GSE178882,GSM5399847,GPL24676,PBMC; cell type: PBMC,,10x 5',with TCR/VDJ,downloads/GSE178882/matrix/GSE178882_series_matrix.txt.gz,10
GSE178882,GSE178882,GSM5399848,GPL24676,PBMC; cell type: PBMC,,10x 5',with TCR/VDJ,downloads/GSE178882/matrix/GSE178882_series_matrix.txt.gz,11
GSE178882,GSE178882,GSM5399849,GPL24676,PBMC; cell type: PBMC,,10x 5',with TCR/VDJ,downloads/GSE178882/matrix/GSE178882_series_matrix.txt.gz,12
GSE178882,GSE178882,GSM5399850,GPL24676,PBMC; cell type: PBMC,,10x 5',with TCR/VDJ,downloads/GSE178882/matrix/GSE178882_series_matrix.txt.gz,13
GSE178882,GSE178882,GSM5399851,GPL24676,PBMC; cell type: PBMC,,10x 5',with TCR/VDJ,downloads/GSE178882/matrix/GSE178882_series_matrix.txt.gz,14
GSE178882,GSE178882,GSM5399852,GPL24676,PBMC; cell type: PBMC,,10x 5',with TCR/VDJ,downloads/GSE178882/matrix/GSE178882_series_matrix.txt.gz,15
GSE178882,GSE178882,GSM5399853,GPL24676,PBMC; cell type: PBMC,,10x 5',with TCR/VDJ,downloads/GSE178882/matrix/GSE178882_series_matrix.txt.gz,16
GSE178882,GSE178882,GSM5399854,GPL24676,PBMC; cell type: PBMC,,10x 5',with TCR/VDJ,downloads/GSE178882/matrix/GSE178882_series_matrix.txt.gz,17
GSE178882,GSE178882,GSM5399855,GPL24676,PBMC; cell type: PBMC,,10x 5',with TCR/VDJ,downloads/GSE178882/matrix/GSE178882_series_matrix.txt.gz,18
GSE178882,GSE178882,GSM5399856,GPL24676,PBMC; cell type: PBMC,,10x 5',with TCR/VDJ,downloads/GSE178882/matrix/GSE178882_series_matrix.txt.gz,19
GSE178882,GSE178882,GSM5399857,GPL24676,PBMC; cell type: PBMC,,10x 5',with TCR/VDJ,downloads/GSE178882/matrix/GSE178882_series_matrix.txt.gz,20
GSE178882,GSE178882,GSM5399858,GPL24676,PBMC; cell type: PBMC,,10x 5',with TCR/VDJ,downloads/GSE178882/matrix/GSE178882_series_matrix.txt.gz,21
GSE178882,GSE178882,GSM5399859,GPL24676,PBMC; cell type: PBMC,,10x 5',with TCR/VDJ,downloads/GSE178882/matrix/GSE178882_series_matrix.txt.gz,22
GSE178882,GSE178882,GSM5399860,GPL24676,PBMC; cell type: PBMC,,10x 5',with TCR/VDJ,downloads/GSE178882/matrix/GSE178882_series_matrix.txt.gz,23
GSE178882,GSE178882,GSM5399861,GPL24676,PBMC; cell type: PBMC,,10x 5',with TCR/VDJ,downloads/GSE178882/matrix/GSE178882_series_matrix.txt.gz,24
GSE178882,GSE178882,GSM5399862,GPL24676,PBMC; cell type: PBMC,,10x 5',with TCR/VDJ,downloads/GSE178882/matrix/GSE178882_series_matrix.txt.gz,25
GSE178882,GSE178882,GSM5399863,GPL24676,PBMC; cell type: PBMC,,10x 5',with TCR/VDJ,downloads/GSE178882/matrix/GSE178882_series_matrix.txt.gz,26
GSE178882,GSE178882,GSM5399864,GPL24676,PBMC; cell type: PBMC,,10x 5',with TCR/VDJ,downloads/GSE178882/matrix/GSE178882_series_matrix.txt.gz,27
GSE178882,GSE178882,GSM5399865,GPL24676,PBMC; cell type: PBMC,,10x 5',with TCR/VDJ,downloads/GSE178882/matrix/GSE178882_series_matrix.txt.gz,28
GSE178882,GSE178882,GSM5399866,GPL24676,PBMC; cell type: PBMC,,10x 5',with TCR/VDJ,downloads/GSE178882/matrix/GSE178882_series_matrix.txt.gz,29
GSE178882,GSE178882,GSM5399867,GPL24676,PBMC; cell type: PBMC,,10x 5',with TCR/VDJ,downloads/GSE178882/matrix/GSE178882_series_matrix.txt.gz,30
GSE178882,GSE178882,GSM5399868,GPL24676,PBMC; cell type: PBMC,,10x 5',with TCR/VDJ,downloads/GSE178882/matrix/GSE178882_series_matrix.txt.gz,31
GSE178882,GSE178882,GSM5399869,GPL24676,PBMC; cell type: PBMC,,10x 5',with TCR/VDJ,downloads/GSE178882/matrix/GSE178882_series_matrix.txt.gz,32
GSE178882,GSE178882,GSM5399870,GPL24676,PBMC; cell type: PBMC,,10x 5',with TCR/VDJ,downloads/GSE178882/matrix/GSE178882_series_matrix.txt.gz,33
GSE178882,GSE178882,GSM5399871,GPL24676,PBMC; cell type: PBMC,,10x 5',with TCR/VDJ,downloads/GSE178882/matrix/GSE178882_series_matrix.txt.gz,34
GSE178882,GSE178882,GSM5399872,GPL24676,PBMC; cell type: PBMC,,10x 5',with TCR/VDJ,downloads/GSE178882/matrix/GSE178882_series_matrix.txt.gz,35
GSE178882,GSE178882,GSM5399873,GPL24676,PBMC; cell type: PBMC,,10x 5',with TCR/VDJ,downloads/GSE178882/matrix/GSE178882_series_matrix.txt.gz,36
GSE178882,GSE178882,GSM5399874,GPL24676,PBMC; cell type: PBMC,,10x 5',with TCR/VDJ,downloads/GSE178882/matrix/GSE178882_series_matrix.txt.gz,37
GSE178882,GSE178882,GSM5399875,GPL24676,PBMC; cell type: PBMC,,10x 5',with TCR/VDJ,downloads/GSE178882/matrix/GSE178882_series_matrix.txt.gz,38
GSE178882,GSE178882,GSM5399876,GPL24676,PBMC; cell type: PBMC,,10x 5',with TCR/VDJ,downloads/GSE178882/matrix/GSE178882_series_matrix.txt.gz,39
GSE178882,GSE178882,GSM5399877,GPL24676,PBMC; cell type: PBMC,,10x 5',with TCR/VDJ,downloads/GSE178882/matrix/GSE178882_series_matrix.txt.gz,40
GSE178882,GSE178882,GSM5399878,GPL24676,PBMC; cell type: PBMC,,10x 5',with TCR/VDJ,downloads/GSE178882/matrix/GSE178882_series_matrix.txt.gz,41
GSE178882,GSE178882,GSM5399879,GPL24676,PBMC; cell type: PBMC,,10x 5',with TCR/VDJ,downloads/GSE178882/matrix/GSE178882_series_matrix.txt.gz,42
GSE178882,GSE178882,GSM5399880,GPL24676,PBMC; cell type: PBMC,,10x 5',with TCR/VDJ,downloads/GSE178882/matrix/GSE178882_series_matrix.txt.gz,43
GSE178882,GSE178882,GSM5399881,GPL24676,PBMC; cell type: PBMC,,10x 5',with TCR/VDJ,downloads/GSE178882/matrix/GSE178882_series_matrix.txt.gz,44
GSE178882,GSE178882,GSM5399882,GPL24676,PBMC; cell type: PBMC,,10x 5',with TCR/VDJ,downloads/GSE178882/matrix/GSE178882_series_matrix.txt.gz,45
GSE178882,GSE178882,GSM5399883,GPL24676,PBMC; cell type: PBMC,,10x 5',with TCR/VDJ,downloads/GSE178882/matrix/GSE178882_series_matrix.txt.gz,46
GSE178882,GSE178882,GSM5399884,GPL24676,PBMC; cell type: PBMC,,10x 5',with TCR/VDJ,downloads/GSE178882/matrix/GSE178882_series_matrix.txt.gz,47
GSE178882,GSE178882,GSM5399885,GPL24676,PBMC; cell type: PBMC,,10x 5',with TCR/VDJ,downloads/GSE178882/matrix/GSE178882_series_matrix.txt.gz,48
GSE178882,GSE178882,GSM5399886,GPL24676,PBMC; cell type: PBMC,,10x 5',with TCR/VDJ,downloads/GSE178882/matrix/GSE178882_series_matrix.txt.gz,49
GSE178882,GSE178882,GSM5399887,GPL24676,PBMC; cell type: PBMC,,10x 5',with TCR/VDJ,downloads/GSE178882/matrix/GSE178882_series_matrix.txt.gz,50
GSE178882,GSE178882,GSM5399888,GPL24676,PBMC; cell type: PBMC,,10x 5',with TCR/VDJ,downloads/GSE178882/matrix/GSE178882_series_matrix.txt.gz,51
GSE178882,GSE178882,GSM5399889,GPL24676,PBMC; cell type: PBMC,,10x 5',with TCR/VDJ,downloads/GSE178882/matrix/GSE178882_series_matrix.txt.gz,52
GSE178882,GSE178882,GSM5399890,GPL24676,PBMC; cell type: PBMC,,10x 5',with TCR/VDJ,downloads/GSE178882/matrix/GSE178882_series_matrix.txt.gz,53
GSE178882,GSE178882,GSM5399891,GPL24676,PBMC; cell type: PBMC,,10x 5',with TCR/VDJ,downloads/GSE178882/matrix/GSE178882_series_matrix.txt.gz,54
GSE178882,GSE178882,GSM5399892,GPL24676,PBMC; cell type: PBMC,,10x 5',with TCR/VDJ,downloads/GSE178882/matrix/GSE178882_series_matrix.txt.gz,55
GSE178882,GSE178882,GSM5399893,GPL24676,PBMC; cell type: PBMC,,10x 5',with TCR/VDJ,downloads/GSE178882/matrix/GSE178882_series_matrix.txt.gz,56
GSE178882,GSE178882,GSM5399894,GPL24676,PBMC; cell type: PBMC,,10x 5',with TCR/VDJ,downloads/GSE178882/matrix/GSE178882_series_matrix.txt.gz,57
GSE178882,GSE178882,GSM5399895,GPL24676,PBMC; cell type: PBMC,,10x 5',with TCR/VDJ,downloads/GSE178882/matrix/GSE178882_series_matrix.txt.gz,58
GSE178882,GSE178882,GSM5399896,GPL24676,PBMC; cell type: PBMC,,10x 5',with TCR/VDJ,downloads/GSE178882/matrix/GSE178882_series_matrix.txt.gz,59
GSE178882,GSE178882,GSM5399897,GPL24676,PBMC; cell type: PBMC,,10x 5',with TCR/VDJ,downloads/GSE178882/matrix/GSE178882_series_matrix.txt.gz,60
GSE188620,GSE188620,GSM5686902,GPL24676,PBMCs,,10x 5',with TCR/VDJ,downloads/GSE188620/matrix/GSE188620_series_matrix.txt.gz,1
GSE188620,GSE188620,GSM5686903,GPL24676,PBMCs,,10x 5',with TCR/VDJ,downloads/GSE188620/matrix/GSE188620_series_matrix.txt.gz,2
GSE188620,GSE188620,GSM5686904,GPL24676,PBMCs,,10x 5',with TCR/VDJ,downloads/GSE188620/matrix/GSE188620_series_matrix.txt.gz,3
GSE188620,GSE188620,GSM5686905,GPL24676,PBMCs,,10x 5',with TCR/VDJ,downloads/GSE188620/matrix/GSE188620_series_matrix.txt.gz,4
GSE188620,GSE188620,GSM5686906,GPL24676,PBMCs,,10x 5',with TCR/VDJ,downloads/GSE188620/matrix/GSE188620_series_matrix.txt.gz,5
GSE188620,GSE188620,GSM5686907,GPL24676,PBMCs,,10x 5',with TCR/VDJ,downloads/GSE188620/matrix/GSE188620_series_matrix.txt.gz,6
GSE188620,GSE188620,GSM5686908,GPL24676,PBMCs,,10x 5',with TCR/VDJ,downloads/GSE188620/matrix/GSE188620_series_matrix.txt.gz,7
GSE188620,GSE188620,GSM5686909,GPL24676,PBMCs,,10x 5',with TCR/VDJ,downloads/GSE188620/matrix/GSE188620_series_matrix.txt.gz,8
GSE188620,GSE188620,GSM5686910,GPL24676,resected tumo,,10x 5',with TCR/VDJ,downloads/GSE188620/matrix/GSE188620_series_matrix.txt.gz,9
GSE188620,GSE188620,GSM5686911,GPL24676,resected tumo,,10x 5',with TCR/VDJ,downloads/GSE188620/matrix/GSE188620_series_matrix.txt.gz,10
GSE188620,GSE188620,GSM5686912,GPL24676,resected tumo,,10x 5',with TCR/VDJ,downloads/GSE188620/matrix/GSE188620_series_matrix.txt.gz,11
GSE188620,GSE188620,GSM5686913,GPL24676,resected tumo,,10x 5',with TCR/VDJ,downloads/GSE188620/matrix/GSE188620_series_matrix.txt.gz,12
GSE188620,GSE188620,GSM5686914,GPL24676,resected tumo,,10x 5',with TCR/VDJ,downloads/GSE188620/matrix/GSE188620_series_matrix.txt.gz,13
GSE188620,GSE188620,GSM5686915,GPL24676,resected tumo,,10x 5',with TCR/VDJ,downloads/GSE188620/matrix/GSE188620_series_matrix.txt.gz,14
GSE188620,GSE188620,GSM5686916,GPL24676,resected tumo,,10x 5',with TCR/VDJ,downloads/GSE188620/matrix/GSE188620_series_matrix.txt.gz,15
GSE188620,GSE188620,GSM5686917,GPL24676,resected tumo,,10x 5',with TCR/VDJ,downloads/GSE188620/matrix/GSE188620_series_matrix.txt.gz,16
GSE188620,GSE188620,GSM5686918,GPL24676,resected tumo,,10x 5',with TCR/VDJ,downloads/GSE188620/matrix/GSE188620_series_matrix.txt.gz,17
GSE188620,GSE188620,GSM5686919,GPL24676,resected tumo,,10x 5',with TCR/VDJ,downloads/GSE188620/matrix/GSE188620_series_matrix.txt.gz,18
GSE188620,GSE188620,GSM5686920,GPL24676,resected tumo,,10x 5',with TCR/VDJ,downloads/GSE188620/matrix/GSE188620_series_matrix.txt.gz,19
GSE188620,GSE188620,GSM5686921,GPL24676,resected tumo,,10x 5',with TCR/VDJ,downloads/GSE188620/matrix/GSE188620_series_matrix.txt.gz,20
GSE188620,GSE188620,GSM5686922,GPL24676,resected tumo,,10x 5',with TCR/VDJ,downloads/GSE188620/matrix/GSE188620_series_matrix.txt.gz,21
GSE188620,GSE188620,GSM5686923,GPL24676,resected tumo,,10x 5',with TCR/VDJ,downloads/GSE188620/matrix/GSE188620_series_matrix.txt.gz,22
GSE188620,GSE188620,GSM5686924,GPL24676,GBM6-AD cells,,10x 5',with TCR/VDJ,downloads/GSE188620/matrix/GSE188620_series_matrix.txt.gz,23
GSE190870,GSE190870,GSM5091209,GPL24676,human breast cancer,,10x 5',with TCR/VDJ,downloads/GSE190870/matrix/GSE190870_series_matrix.txt.gz,1
GSE190870,GSE190870,GSM5091210,GPL24676,human breast cancer,,10x 5',with TCR/VDJ,downloads/GSE190870/matrix/GSE190870_series_matrix.txt.gz,2
GSE190870,GSE190870,GSM5091211,GPL24676,human breast cancer,,10x 5',with TCR/VDJ,downloads/GSE190870/matrix/GSE190870_series_matrix.txt.gz,3
GSE190870,GSE190870,GSM5091212,GPL24676,human breast cancer,,10x 5',with TCR/VDJ,downloads/GSE190870/matrix/GSE190870_series_matrix.txt.gz,4
GSE190870,GSE190870,GSM5091213,GPL24676,human breast cancer,,10x 5',with TCR/VDJ,downloads/GSE190870/matrix/GSE190870_series_matrix.txt.gz,5
GSE190870,GSE190870,GSM5091214,GPL24676,human breast cancer,,10x 5',with TCR/VDJ,downloads/GSE190870/matrix/GSE190870_series_matrix.txt.gz,6
GSE190870,GSE190870,GSM5091215,GPL24676,human breast cancer,,10x 5',with TCR/VDJ,downloads/GSE190870/matrix/GSE190870_series_matrix.txt.gz,7
GSE190870,GSE190870,GSM5091216,GPL24676,human breast cancer,,10x 5',with TCR/VDJ,downloads/GSE190870/matrix/GSE190870_series_matrix.txt.gz,8
GSE190870,GSE190870,GSM5091217,GPL24676,human breast cancer,,10x 5',with TCR/VDJ,downloads/GSE190870/matrix/GSE190870_series_matrix.txt.gz,9
GSE190870,GSE190870,GSM5091218,GPL24676,human breast cancer,,10x 5',with TCR/VDJ,downloads/GSE190870/matrix/GSE190870_series_matrix.txt.gz,10
GSE190870,GSE190870,GSM5091219,GPL24676,human breast cancer,,10x 5',with TCR/VDJ,downloads/GSE190870/matrix/GSE190870_series_matrix.txt.gz,11
GSE190870,GSE190870,GSM5091220,GPL24676,human breast cancer,,10x 5',with TCR/VDJ,downloads/GSE190870/matrix/GSE190870_series_matrix.txt.gz,12
GSE190870,GSE190870,GSM5091221,GPL24676,human breast cancer,,10x 5',with TCR/VDJ,downloads/GSE190870/matrix/GSE190870_series_matrix.txt.gz,13
GSE190870,GSE190870,GSM5091222,GPL24676,human breast cancer,,10x 5',with TCR/VDJ,downloads/GSE190870/matrix/GSE190870_series_matrix.txt.gz,14
GSE190870,GSE190870,GSM5091223,GPL24676,human breast cancer,,10x 5',with TCR/VDJ,downloads/GSE190870/matrix/GSE190870_series_matrix.txt.gz,15
GSE190870,GSE190870,GSM5091224,GPL24676,human breast cancer,,10x 5',with TCR/VDJ,downloads/GSE190870/matrix/GSE190870_series_matrix.txt.gz,16
GSE190870,GSE190870,GSM5091226,GPL24676,human breast cancer,,10x 5',with TCR/VDJ,downloads/GSE190870/matrix/GSE190870_series_matrix.txt.gz,17
GSE190870,GSE190870,GSM5091227,GPL24676,human breast cancer,,10x 5',with TCR/VDJ,downloads/GSE190870/matrix/GSE190870_series_matrix.txt.gz,18
GSE190870,GSE190870,GSM5091228,GPL24676,human breast cancer,,10x 5',with TCR/VDJ,downloads/GSE190870/matrix/GSE190870_series_matrix.txt.gz,19
GSE190870,GSE190870,GSM5091229,GPL24676,human breast cancer,,10x 5',with TCR/VDJ,downloads/GSE190870/matrix/GSE190870_series_matrix.txt.gz,20
GSE190870,GSE190870,GSM5091230,GPL24676,human breast cancer,,10x 5',with TCR/VDJ,downloads/GSE190870/matrix/GSE190870_series_matrix.txt.gz,21
GSE190870,GSE190870,GSM5091231,GPL24676,human breast cancer,,10x 5',with TCR/VDJ,downloads/GSE190870/matrix/GSE190870_series_matrix.txt.gz,22
GSE190870,GSE190870,GSM5091232,GPL24676,human breast cancer,,10x 5',with TCR/VDJ,downloads/GSE190870/matrix/GSE190870_series_matrix.txt.gz,23
GSE190870,GSE190870,GSM5091233,GPL24676,human breast cancer,,10x 5',with TCR/VDJ,downloads/GSE190870/matrix/GSE190870_series_matrix.txt.gz,24
GSE190870,GSE190870,GSM5091234,GPL24676,human breast cancer,,10x 5',with TCR/VDJ,downloads/GSE190870/matrix/GSE190870_series_matrix.txt.gz,25
GSE190870,GSE190870,GSM5091235,GPL24676,human breast cancer,,10x 5',with TCR/VDJ,downloads/GSE190870/matrix/GSE190870_series_matrix.txt.gz,26
GSE190870,GSE190870,GSM5091236,GPL24676,human breast cancer,,10x 5',with TCR/VDJ,downloads/GSE190870/matrix/GSE190870_series_matrix.txt.gz,27
GSE190870,GSE190870,GSM5091237,GPL24676,human breast cancer,,10x 5',with TCR/VDJ,downloads/GSE190870/matrix/GSE190870_series_matrix.txt.gz,28
GSE190870,GSE190870,GSM5091238,GPL24676,human breast cancer,,10x 5',with TCR/VDJ,downloads/GSE190870/matrix/GSE190870_series_matrix.txt.gz,29
GSE190870,GSE190870,GSM5091239,GPL24676,human breast cancer,,10x 5',with TCR/VDJ,downloads/GSE190870/matrix/GSE190870_series_matrix.txt.gz,30
GSE190870,GSE190870,GSM5091240,GPL24676,human breast cancer,,10x 5',with TCR/VDJ,downloads/GSE190870/matrix/GSE190870_series_matrix.txt.gz,31
GSE190870,GSE190870,GSM5091241,GPL24676,human breast cancer,,10x 5',with TCR/VDJ,downloads/GSE190870/matrix/GSE190870_series_matrix.txt.gz,32
GSE190870,GSE190870,GSM5732357,GPL24676,human breast cancer; pathological type: Invasive ductal carcinoma,,10x (unspecified),without TCR/VDJ,downloads/GSE190870/matrix/GSE190870_series_matrix.txt.gz,33
GSE190870,GSE190870,GSM5732358,GPL24676,human breast cancer; pathological type: Invasive ductal carcinoma,,10x (unspecified),without TCR/VDJ,downloads/GSE190870/matrix/GSE190870_series_matrix.txt.gz,34
GSE190870,GSE190870,GSM5732359,GPL24676,human breast cancer; pathological type: Invasive ductal carcinoma,,10x (unspecified),without TCR/VDJ,downloads/GSE190870/matrix/GSE190870_series_matrix.txt.gz,35
GSE190870,GSE190870,GSM5732360,GPL24676,human breast cancer; pathological type: Invasive ductal carcinoma,,10x (unspecified),without TCR/VDJ,downloads/GSE190870/matrix/GSE190870_series_matrix.txt.gz,36
GSE211504,GSE211504,GSM6474817,GPL24676,whole blood,,10x 5',with TCR/VDJ,downloads/GSE211504/matrix/GSE211504_series_matrix.txt.gz,1
GSE211504,GSE211504,GSM6474818,GPL24676,whole blood,,10x 5',with TCR/VDJ,downloads/GSE211504/matrix/GSE211504_series_matrix.txt.gz,2
GSE211504,GSE211504,GSM6474819,GPL24676,whole blood,,10x 5',with TCR/VDJ,downloads/GSE211504/matrix/GSE211504_series_matrix.txt.gz,3
GSE211504,GSE211504,GSM6474820,GPL24676,whole blood,,10x 5',with TCR/VDJ,downloads/GSE211504/matrix/GSE211504_series_matrix.txt.gz,4
GSE211504,GSE211504,GSM6474821,GPL24676,whole blood,,10x 5',with TCR/VDJ,downloads/GSE211504/matrix/GSE211504_series_matrix.txt.gz,5
GSE211504,GSE211504,GSM6474822,GPL24676,whole blood,,10x 5',with TCR/VDJ,downloads/GSE211504/matrix/GSE211504_series_matrix.txt.gz,6
GSE211504,GSE211504,GSM6474823,GPL24676,whole blood,,10x 5',with TCR/VDJ,downloads/GSE211504/matrix/GSE211504_series_matrix.txt.gz,7
GSE211504,GSE211504,GSM6474824,GPL24676,whole blood,,10x 5',with TCR/VDJ,downloads/GSE211504/matrix/GSE211504_series_matrix.txt.gz,8
GSE211504,GSE211504,GSM6474825,GPL24676,whole blood,,10x 5',with TCR/VDJ,downloads/GSE211504/matrix/GSE211504_series_matrix.txt.gz,9
GSE211504,GSE211504,GSM6474826,GPL24676,whole blood,,10x 5',with TCR/VDJ,downloads/GSE211504/matrix/GSE211504_series_matrix.txt.gz,10
GSE211504,GSE211504,GSM6474827,GPL24676,whole blood,,10x 5',with TCR/VDJ,downloads/GSE211504/matrix/GSE211504_series_matrix.txt.gz,11
GSE211504,GSE211504,GSM6474828,GPL24676,whole blood,,10x 5',with TCR/VDJ,downloads/GSE211504/matrix/GSE211504_series_matrix.txt.gz,12
GSE212217,GSE212217,GSM6514096,GPL20301,Peripheral blood mononuclear cells; cell type: Peripheral blood mononuclear cells,,10x 5',with TCR/VDJ,downloads/GSE212217/matrix/GSE212217-GPL20301_series_matrix.txt.gz,1
GSE212217,GSE212217,GSM6514097,GPL20301,Peripheral blood mononuclear cells; cell type: Peripheral blood mononuclear cells,,10x 5',with TCR/VDJ,downloads/GSE212217/matrix/GSE212217-GPL20301_series_matrix.txt.gz,2
GSE212217,GSE212217,GSM6514098,GPL20301,Peripheral blood mononuclear cells; cell type: Peripheral blood mononuclear cells,,10x 5',with TCR/VDJ,downloads/GSE212217/matrix/GSE212217-GPL20301_series_matrix.txt.gz,3
GSE212217,GSE212217,GSM6514099,GPL20301,Peripheral blood mononuclear cells; cell type: Peripheral blood mononuclear cells,,10x 5',with TCR/VDJ,downloads/GSE212217/matrix/GSE212217-GPL20301_series_matrix.txt.gz,4
GSE212217,GSE212217,GSM6514100,GPL20301,Peripheral blood mononuclear cells; cell type: Peripheral blood mononuclear cells,,10x 5',with TCR/VDJ,downloads/GSE212217/matrix/GSE212217-GPL20301_series_matrix.txt.gz,5
GSE212217,GSE212217,GSM6514101,GPL20301,Peripheral blood mononuclear cells; cell type: Peripheral blood mononuclear cells,,10x 5',with TCR/VDJ,downloads/GSE212217/matrix/GSE212217-GPL20301_series_matrix.txt.gz,6
GSE212217,GSE212217,GSM6514102,GPL20301,Peripheral blood mononuclear cells; cell type: Peripheral blood mononuclear cells,,10x 5',with TCR/VDJ,downloads/GSE212217/matrix/GSE212217-GPL20301_series_matrix.txt.gz,7
GSE212217,GSE212217,GSM6514103,GPL20301,Peripheral blood mononuclear cells; cell type: Peripheral blood mononuclear cells,,10x 5',with TCR/VDJ,downloads/GSE212217/matrix/GSE212217-GPL20301_series_matrix.txt.gz,8
GSE212217,GSE212217,GSM6514104,GPL20301,Peripheral blood mononuclear cells; cell type: Peripheral blood mononuclear cells,,10x 5',with TCR/VDJ,downloads/GSE212217/matrix/GSE212217-GPL20301_series_matrix.txt.gz,9
GSE212217,GSE212217,GSM6514105,GPL20301,Peripheral blood mononuclear cells; cell type: Peripheral blood mononuclear cells,,10x 5',with TCR/VDJ,downloads/GSE212217/matrix/GSE212217-GPL20301_series_matrix.txt.gz,10
GSE212217,GSE212217,GSM6514106,GPL20301,Peripheral blood mononuclear cells; cell type: Peripheral blood mononuclear cells,,10x 5',with TCR/VDJ,downloads/GSE212217/matrix/GSE212217-GPL20301_series_matrix.txt.gz,11
GSE212217,GSE212217,GSM6514107,GPL20301,Peripheral blood mononuclear cells; cell type: Peripheral blood mononuclear cells,,10x 5',with TCR/VDJ,downloads/GSE212217/matrix/GSE212217-GPL20301_series_matrix.txt.gz,12
GSE212217,GSE212217,GSM6514108,GPL20301,Peripheral blood mononuclear cells; cell type: Peripheral blood mononuclear cells,,10x 5',with TCR/VDJ,downloads/GSE212217/matrix/GSE212217-GPL20301_series_matrix.txt.gz,13
GSE212217,GSE212217,GSM6514109,GPL20301,Peripheral blood mononuclear cells; cell type: Peripheral blood mononuclear cells,,10x 5',with TCR/VDJ,downloads/GSE212217/matrix/GSE212217-GPL20301_series_matrix.txt.gz,14
GSE212217,GSE212217,GSM6514110,GPL20301,Peripheral blood mononuclear cells; cell type: Peripheral blood mononuclear cells,,10x 5',with TCR/VDJ,downloads/GSE212217/matrix/GSE212217-GPL20301_series_matrix.txt.gz,15
GSE212217,GSE212217,GSM6514111,GPL20301,Peripheral blood mononuclear cells; cell type: Peripheral blood mononuclear cells,,10x 5',with TCR/VDJ,downloads/GSE212217/matrix/GSE212217-GPL20301_series_matrix.txt.gz,16
GSE212217,GSE212217,GSM6514112,GPL20301,Peripheral blood mononuclear cells; cell type: Peripheral blood mononuclear cells,,10x 5',with TCR/VDJ,downloads/GSE212217/matrix/GSE212217-GPL20301_series_matrix.txt.gz,17
GSE212217,GSE212217,GSM6514113,GPL20301,Peripheral blood mononuclear cells; cell type: Peripheral blood mononuclear cells,,10x 5',with TCR/VDJ,downloads/GSE212217/matrix/GSE212217-GPL20301_series_matrix.txt.gz,18
GSE212217,GSE212217,GSM6514114,GPL20301,Peripheral blood mononuclear cells; cell type: Peripheral blood mononuclear cells,,10x 5',with TCR/VDJ,downloads/GSE212217/matrix/GSE212217-GPL20301_series_matrix.txt.gz,19
GSE212217,GSE212217,GSM6514115,GPL20301,Peripheral blood mononuclear cells; cell type: Peripheral blood mononuclear cells,,10x 5',with TCR/VDJ,downloads/GSE212217/matrix/GSE212217-GPL20301_series_matrix.txt.gz,20
GSE212217,GSE212217,GSM6514116,GPL20301,Peripheral blood mononuclear cells; cell type: Peripheral blood mononuclear cells,,10x 5',with TCR/VDJ,downloads/GSE212217/matrix/GSE212217-GPL20301_series_matrix.txt.gz,21
GSE212217,GSE212217,GSM6514117,GPL20301,Peripheral blood mononuclear cells; cell type: Peripheral blood mononuclear cells,,10x 5',with TCR/VDJ,downloads/GSE212217/matrix/GSE212217-GPL20301_series_matrix.txt.gz,22
GSE212217,GSE212217,GSM6514118,GPL20301,Peripheral blood mononuclear cells; cell type: Peripheral blood mononuclear cells,,10x 5',with TCR/VDJ,downloads/GSE212217/matrix/GSE212217-GPL20301_series_matrix.txt.gz,23
GSE212217,GSE212217,GSM6514119,GPL20301,Peripheral blood mononuclear cells; cell type: Peripheral blood mononuclear cells,,10x 5',with TCR/VDJ,downloads/GSE212217/matrix/GSE212217-GPL20301_series_matrix.txt.gz,24
GSE212217,GSE212217,GSM6514120,GPL24676,Peripheral blood mononuclear cells; cell type: Peripheral blood mononuclear cells,,10x 5',with TCR/VDJ,downloads/GSE212217/matrix/GSE212217-GPL24676_series_matrix.txt.gz,1
GSE212217,GSE212217,GSM6514121,GPL24676,Peripheral blood mononuclear cells; cell type: Peripheral blood mononuclear cells,,10x 5',with TCR/VDJ,downloads/GSE212217/matrix/GSE212217-GPL24676_series_matrix.txt.gz,2
GSE212217,GSE212217,GSM6514122,GPL24676,Peripheral blood mononuclear cells; cell type: Peripheral blood mononuclear cells,,10x 5',with TCR/VDJ,downloads/GSE212217/matrix/GSE212217-GPL24676_series_matrix.txt.gz,3
GSE212217,GSE212217,GSM6514123,GPL24676,Peripheral blood mononuclear cells; cell type: Peripheral blood mononuclear cells,,10x 5',with TCR/VDJ,downloads/GSE212217/matrix/GSE212217-GPL24676_series_matrix.txt.gz,4
GSE212217,GSE212217,GSM6514124,GPL24676,Peripheral blood mononuclear cells; cell type: Peripheral blood mononuclear cells,,10x 5',with TCR/VDJ,downloads/GSE212217/matrix/GSE212217-GPL24676_series_matrix.txt.gz,5
GSE212217,GSE212217,GSM6514125,GPL24676,Peripheral blood mononuclear cells; cell type: Peripheral blood mononuclear cells,,10x 5',with TCR/VDJ,downloads/GSE212217/matrix/GSE212217-GPL24676_series_matrix.txt.gz,6
GSE212217,GSE212217,GSM6514126,GPL24676,Peripheral blood mononuclear cells; cell type: Peripheral blood mononuclear cells,,10x 5',with TCR/VDJ,downloads/GSE212217/matrix/GSE212217-GPL24676_series_matrix.txt.gz,7
GSE212217,GSE212217,GSM6514127,GPL24676,Peripheral blood mononuclear cells; cell type: Peripheral blood mononuclear cells,,10x 5',with TCR/VDJ,downloads/GSE212217/matrix/GSE212217-GPL24676_series_matrix.txt.gz,8
GSE212217,GSE212217,GSM6514128,GPL24676,Peripheral blood mononuclear cells; cell type: Peripheral blood mononuclear cells,,10x 5',with TCR/VDJ,downloads/GSE212217/matrix/GSE212217-GPL24676_series_matrix.txt.gz,9
GSE212217,GSE212217,GSM6514129,GPL24676,Peripheral blood mononuclear cells; cell type: Peripheral blood mononuclear cells,,10x 5',with TCR/VDJ,downloads/GSE212217/matrix/GSE212217-GPL24676_series_matrix.txt.gz,10
GSE212217,GSE212217,GSM6514130,GPL24676,Peripheral blood mononuclear cells; cell type: Peripheral blood mononuclear cells,,10x 5',with TCR/VDJ,downloads/GSE212217/matrix/GSE212217-GPL24676_series_matrix.txt.gz,11
GSE212217,GSE212217,GSM6514131,GPL24676,Peripheral blood mononuclear cells; cell type: Peripheral blood mononuclear cells,,10x 5',with TCR/VDJ,downloads/GSE212217/matrix/GSE212217-GPL24676_series_matrix.txt.gz,12
GSE212217,GSE212217,GSM6514132,GPL24676,Peripheral blood mononuclear cells; cell type: Peripheral blood mononuclear cells,,10x 5',with TCR/VDJ,downloads/GSE212217/matrix/GSE212217-GPL24676_series_matrix.txt.gz,13
GSE212217,GSE212217,GSM6514133,GPL24676,Peripheral blood mononuclear cells; cell type: Peripheral blood mononuclear cells,,10x 5',with TCR/VDJ,downloads/GSE212217/matrix/GSE212217-GPL24676_series_matrix.txt.gz,14
GSE212217,GSE212217,GSM6514134,GPL24676,Peripheral blood mononuclear cells; cell type: Peripheral blood mononuclear cells,,10x 5',with TCR/VDJ,downloads/GSE212217/matrix/GSE212217-GPL24676_series_matrix.txt.gz,15
GSE212217,GSE212217,GSM6514135,GPL24676,Peripheral blood mononuclear cells; cell type: Peripheral blood mononuclear cells,,10x 5',with TCR/VDJ,downloads/GSE212217/matrix/GSE212217-GPL24676_series_matrix.txt.gz,16
GSE212217,GSE212217,GSM6514136,GPL24676,Peripheral blood mononuclear cells; cell type: Peripheral blood mononuclear cells,,10x 5',with TCR/VDJ,downloads/GSE212217/matrix/GSE212217-GPL24676_series_matrix.txt.gz,17
GSE212217,GSE212217,GSM6514137,GPL24676,Peripheral blood mononuclear cells; cell type: Peripheral blood mononuclear cells,,10x 5',with TCR/VDJ,downloads/GSE212217/matrix/GSE212217-GPL24676_series_matrix.txt.gz,18
GSE212217,GSE212217,GSM6514138,GPL24676,Peripheral blood mononuclear cells; cell type: Peripheral blood mononuclear cells,,10x 5',with TCR/VDJ,downloads/GSE212217/matrix/GSE212217-GPL24676_series_matrix.txt.gz,19
GSE212217,GSE212217,GSM6514139,GPL24676,Peripheral blood mononuclear cells; cell type: Peripheral blood mononuclear cells,,10x 5',with TCR/VDJ,downloads/GSE212217/matrix/GSE212217-GPL24676_series_matrix.txt.gz,20
GSE212217,GSE212217,GSM6514140,GPL24676,Peripheral blood mononuclear cells; cell type: Peripheral blood mononuclear cells,,10x 5',with TCR/VDJ,downloads/GSE212217/matrix/GSE212217-GPL24676_series_matrix.txt.gz,21
GSE212217,GSE212217,GSM6514141,GPL24676,Peripheral blood mononuclear cells; cell type: Peripheral blood mononuclear cells,,10x 5',with TCR/VDJ,downloads/GSE212217/matrix/GSE212217-GPL24676_series_matrix.txt.gz,22
GSE212217,GSE212217,GSM6514142,GPL24676,Peripheral blood mononuclear cells; cell type: Peripheral blood mononuclear cells,,10x 5',with TCR/VDJ,downloads/GSE212217/matrix/GSE212217-GPL24676_series_matrix.txt.gz,23
GSE212217,GSE212217,GSM6514143,GPL24676,Peripheral blood mononuclear cells; cell type: Peripheral blood mononuclear cells,,10x 5',with TCR/VDJ,downloads/GSE212217/matrix/GSE212217-GPL24676_series_matrix.txt.gz,24
GSE212217,GSE212217,GSM6514144,GPL24676,Peripheral blood mononuclear cells; cell type: Peripheral blood mononuclear cells,,10x 5',with TCR/VDJ,downloads/GSE212217/matrix/GSE212217-GPL24676_series_matrix.txt.gz,25
GSE212217,GSE212217,GSM6514145,GPL24676,Peripheral blood mononuclear cells; cell type: Peripheral blood mononuclear cells,,10x 5',with TCR/VDJ,downloads/GSE212217/matrix/GSE212217-GPL24676_series_matrix.txt.gz,26
GSE212217,GSE212217,GSM6514146,GPL24676,Peripheral blood mononuclear cells; cell type: Peripheral blood mononuclear cells,,10x 5',with TCR/VDJ,downloads/GSE212217/matrix/GSE212217-GPL24676_series_matrix.txt.gz,27
GSE212217,GSE212217,GSM6514147,GPL24676,Peripheral blood mononuclear cells; cell type: Peripheral blood mononuclear cells,,10x 5',with TCR/VDJ,downloads/GSE212217/matrix/GSE212217-GPL24676_series_matrix.txt.gz,28
GSE212217,GSE212217,GSM6514148,GPL24676,Peripheral blood T cells; cell type: Peripheral blood T cells,,10x 5',with TCR/VDJ,downloads/GSE212217/matrix/GSE212217-GPL24676_series_matrix.txt.gz,29
GSE212217,GSE212217,GSM6514149,GPL24676,Peripheral blood T cells; cell type: Peripheral blood T cells,,10x 5',with TCR/VDJ,downloads/GSE212217/matrix/GSE212217-GPL24676_series_matrix.txt.gz,30
GSE212217,GSE212217,GSM6514150,GPL24676,Peripheral blood T cells; cell type: Peripheral blood T cells,,10x 5',with TCR/VDJ,downloads/GSE212217/matrix/GSE212217-GPL24676_series_matrix.txt.gz,31
GSE212217,GSE212217,GSM6514151,GPL24676,Peripheral blood T cells; cell type: Peripheral blood T cells,,10x 5',with TCR/VDJ,downloads/GSE212217/matrix/GSE212217-GPL24676_series_matrix.txt.gz,32
GSE212217,GSE212217,GSM6514152,GPL24676,Peripheral blood T cells; cell type: Peripheral blood T cells,,10x 5',with TCR/VDJ,downloads/GSE212217/matrix/GSE212217-GPL24676_series_matrix.txt.gz,33
GSE212217,GSE212217,GSM6514153,GPL24676,Peripheral blood T cells; cell type: Peripheral blood T cells,,10x 5',with TCR/VDJ,downloads/GSE212217/matrix/GSE212217-GPL24676_series_matrix.txt.gz,34
GSE212217,GSE212217,GSM6514154,GPL24676,Peripheral blood T cells; cell type: Peripheral blood T cells,,10x 5',with TCR/VDJ,downloads/GSE212217/matrix/GSE212217-GPL24676_series_matrix.txt.gz,35
GSE212217,GSE212217,GSM6514155,GPL24676,Peripheral blood T cells; cell type: Peripheral blood T cells,,10x 5',with TCR/VDJ,downloads/GSE212217/matrix/GSE212217-GPL24676_series_matrix.txt.gz,36
GSE212217,GSE212217,GSM6514156,GPL24676,Peripheral blood T cells; cell type: Peripheral blood T cells,,10x 5',with TCR/VDJ,downloads/GSE212217/matrix/GSE212217-GPL24676_series_matrix.txt.gz,37
GSE212217,GSE212217,GSM6514157,GPL24676,Peripheral blood T cells; cell type: Peripheral blood T cells,,10x 5',with TCR/VDJ,downloads/GSE212217/matrix/GSE212217-GPL24676_series_matrix.txt.gz,38
GSE212217,GSE212217,GSM6514158,GPL24676,Peripheral blood T cells; cell type: Peripheral blood T cells,,10x 5',with TCR/VDJ,downloads/GSE212217/matrix/GSE212217-GPL24676_series_matrix.txt.gz,39
GSE212217,GSE212217,GSM6514159,GPL24676,Peripheral blood T cells; cell type: Peripheral blood T cells,,10x 5',with TCR/VDJ,downloads/GSE212217/matrix/GSE212217-GPL24676_series_matrix.txt.gz,40
GSE212217,GSE212217,GSM6514160,GPL24676,Peripheral blood T cells; cell type: Peripheral blood T cells,,10x 5',with TCR/VDJ,downloads/GSE212217/matrix/GSE212217-GPL24676_series_matrix.txt.gz,41
GSE212217,GSE212217,GSM6514161,GPL24676,Peripheral blood T cells; cell type: Peripheral blood T cells,,10x 5',with TCR/VDJ,downloads/GSE212217/matrix/GSE212217-GPL24676_series_matrix.txt.gz,42
GSE212217,GSE212217,GSM6514162,GPL24676,Peripheral blood T cells; cell type: Peripheral blood T cells,,10x 5',with TCR/VDJ,downloads/GSE212217/matrix/GSE212217-GPL24676_series_matrix.txt.gz,43
GSE212217,GSE212217,GSM6514163,GPL24676,Peripheral blood T cells; cell type: Peripheral blood T cells,,10x 5',with TCR/VDJ,downloads/GSE212217/matrix/GSE212217-GPL24676_series_matrix.txt.gz,44
GSE212217,GSE212217,GSM6514164,GPL24676,Peripheral blood T cells; cell type: Peripheral blood T cells,,10x 5',with TCR/VDJ,downloads/GSE212217/matrix/GSE212217-GPL24676_series_matrix.txt.gz,45
GSE212217,GSE212217,GSM6514165,GPL24676,Peripheral blood T cells; cell type: Peripheral blood T cells,,10x 5',with TCR/VDJ,downloads/GSE212217/matrix/GSE212217-GPL24676_series_matrix.txt.gz,46
GSE212217,GSE212217,GSM6514166,GPL24676,Peripheral blood T cells; cell type: Peripheral blood T cells,,10x 5',with TCR/VDJ,downloads/GSE212217/matrix/GSE212217-GPL24676_series_matrix.txt.gz,47
GSE212217,GSE212217,GSM6514167,GPL24676,Peripheral blood T cells; cell type: Peripheral blood T cells,,10x 5',with TCR/VDJ,downloads/GSE212217/matrix/GSE212217-GPL24676_series_matrix.txt.gz,48
GSE212217,GSE212217,GSM6514168,GPL24676,Peripheral blood T cells; cell type: Peripheral blood T cells,,10x 5',with TCR/VDJ,downloads/GSE212217/matrix/GSE212217-GPL24676_series_matrix.txt.gz,49
GSE212217,GSE212217,GSM6514169,GPL24676,Peripheral blood T cells; cell type: Peripheral blood T cells,,10x 5',with TCR/VDJ,downloads/GSE212217/matrix/GSE212217-GPL24676_series_matrix.txt.gz,50
GSE212217,GSE212217,GSM6514170,GPL24676,Peripheral blood T cells; cell type: Peripheral blood T cells,,10x 5',with TCR/VDJ,downloads/GSE212217/matrix/GSE212217-GPL24676_series_matrix.txt.gz,51
GSE212217,GSE212217,GSM6514171,GPL24676,Peripheral blood T cells; cell type: Peripheral blood T cells,,10x 5',with TCR/VDJ,downloads/GSE212217/matrix/GSE212217-GPL24676_series_matrix.txt.gz,52
GSE212217,GSE212217,GSM6514172,GPL24676,Peripheral blood T cells; cell type: Peripheral blood T cells,,10x 5',with TCR/VDJ,downloads/GSE212217/matrix/GSE212217-GPL24676_series_matrix.txt.gz,53
GSE212217,GSE212217,GSM6514173,GPL24676,Peripheral blood T cells; cell type: Peripheral blood T cells,,10x 5',with TCR/VDJ,downloads/GSE212217/matrix/GSE212217-GPL24676_series_matrix.txt.gz,54
GSE212217,GSE212217,GSM6514174,GPL24676,Peripheral blood T cells; cell type: Peripheral blood T cells,,10x 5',with TCR/VDJ,downloads/GSE212217/matrix/GSE212217-GPL24676_series_matrix.txt.gz,55
GSE212217,GSE212217,GSM6514175,GPL24676,Peripheral blood T cells; cell type: Peripheral blood T cells,,10x 5',with TCR/VDJ,downloads/GSE212217/matrix/GSE212217-GPL24676_series_matrix.txt.gz,56
GSE212217,GSE212217,GSM6514176,GPL24676,Peripheral blood T cells; cell type: Peripheral blood T cells,,10x 5',with TCR/VDJ,downloads/GSE212217/matrix/GSE212217-GPL24676_series_matrix.txt.gz,57
GSE212217,GSE212217,GSM6514177,GPL24676,Peripheral blood T cells; cell type: Peripheral blood T cells,,10x 5',with TCR/VDJ,downloads/GSE212217/matrix/GSE212217-GPL24676_series_matrix.txt.gz,58
GSE212217,GSE212217,GSM6514178,GPL24676,Peripheral blood T cells; cell type: Peripheral blood T cells,,10x 5',with TCR/VDJ,downloads/GSE212217/matrix/GSE212217-GPL24676_series_matrix.txt.gz,59
GSE212217,GSE212217,GSM6514179,GPL24676,Peripheral blood T cells; cell type: Peripheral blood T cells,,10x 5',with TCR/VDJ,downloads/GSE212217/matrix/GSE212217-GPL24676_series_matrix.txt.gz,60
GSE212217,GSE212217,GSM6514180,GPL24676,Peripheral blood T cells; cell type: Peripheral blood T cells,,10x 5',with TCR/VDJ,downloads/GSE212217/matrix/GSE212217-GPL24676_series_matrix.txt.gz,61
GSE212217,GSE212217,GSM6514181,GPL24676,Peripheral blood T cells; cell type: Peripheral blood T cells,,10x 5',with TCR/VDJ,downloads/GSE212217/matrix/GSE212217-GPL24676_series_matrix.txt.gz,62
GSE212217,GSE212217,GSM6514182,GPL24676,Peripheral blood T cells; cell type: Peripheral blood T cells,,10x 5',with TCR/VDJ,downloads/GSE212217/matrix/GSE212217-GPL24676_series_matrix.txt.gz,63
GSE212217,GSE212217,GSM6514183,GPL24676,Peripheral blood T cells; cell type: Peripheral blood T cells,,10x 5',with TCR/VDJ,downloads/GSE212217/matrix/GSE212217-GPL24676_series_matrix.txt.gz,64
GSE212217,GSE212217,GSM6514184,GPL24676,Peripheral blood T cells; cell type: Peripheral blood T cells,,10x 5',with TCR/VDJ,downloads/GSE212217/matrix/GSE212217-GPL24676_series_matrix.txt.gz,65
GSE212217,GSE212217,GSM6514185,GPL24676,Peripheral blood T cells; cell type: Peripheral blood T cells,,10x 5',with TCR/VDJ,downloads/GSE212217/matrix/GSE212217-GPL24676_series_matrix.txt.gz,66
GSE212217,GSE212217,GSM6514186,GPL24676,Peripheral blood T cells; cell type: Peripheral blood T cells,,10x 5',with TCR/VDJ,downloads/GSE212217/matrix/GSE212217-GPL24676_series_matrix.txt.gz,67
GSE212217,GSE212217,GSM6514187,GPL24676,Peripheral blood T cells; cell type: Peripheral blood T cells,,10x 5',with TCR/VDJ,downloads/GSE212217/matrix/GSE212217-GPL24676_series_matrix.txt.gz,68
GSE212217,GSE212217,GSM6514188,GPL24676,Peripheral blood T cells; cell type: Peripheral blood T cells,,10x 5',with TCR/VDJ,downloads/GSE212217/matrix/GSE212217-GPL24676_series_matrix.txt.gz,69
GSE212217,GSE212217,GSM6514189,GPL24676,Peripheral blood T cells; cell type: Peripheral blood T cells,,10x 5',with TCR/VDJ,downloads/GSE212217/matrix/GSE212217-GPL24676_series_matrix.txt.gz,70
GSE212217,GSE212217,GSM6514190,GPL24676,Peripheral blood T cells; cell type: Peripheral blood T cells,,10x 5',with TCR/VDJ,downloads/GSE212217/matrix/GSE212217-GPL24676_series_matrix.txt.gz,71
GSE212217,GSE212217,GSM6514191,GPL24676,Peripheral blood T cells; cell type: Peripheral blood T cells,,10x 5',with TCR/VDJ,downloads/GSE212217/matrix/GSE212217-GPL24676_series_matrix.txt.gz,72
GSE212217,GSE212217,GSM6514192,GPL24676,Peripheral blood T cells; cell type: Peripheral blood T cells,,10x 5',with TCR/VDJ,downloads/GSE212217/matrix/GSE212217-GPL24676_series_matrix.txt.gz,73
GSE212217,GSE212217,GSM6514193,GPL24676,Peripheral blood T cells; cell type: Peripheral blood T cells,,10x 5',with TCR/VDJ,downloads/GSE212217/matrix/GSE212217-GPL24676_series_matrix.txt.gz,74
GSE212217,GSE212217,GSM6514194,GPL24676,Peripheral blood T cells; cell type: Peripheral blood T cells,,10x 5',with TCR/VDJ,downloads/GSE212217/matrix/GSE212217-GPL24676_series_matrix.txt.gz,75
GSE212217,GSE212217,GSM6514195,GPL24676,Peripheral blood T cells; cell type: Peripheral blood T cells,,10x 5',with TCR/VDJ,downloads/GSE212217/matrix/GSE212217-GPL24676_series_matrix.txt.gz,76
GSE212217,GSE212217,GSM6514196,GPL24676,Peripheral blood T cells; cell type: Peripheral blood T cells,,10x 5',with TCR/VDJ,downloads/GSE212217/matrix/GSE212217-GPL24676_series_matrix.txt.gz,77
GSE212217,GSE212217,GSM6514197,GPL24676,Peripheral blood T cells; cell type: Peripheral blood T cells,,10x 5',with TCR/VDJ,downloads/GSE212217/matrix/GSE212217-GPL24676_series_matrix.txt.gz,78
GSE212217,GSE212217,GSM6514198,GPL24676,Peripheral blood T cells; cell type: Peripheral blood T cells,,10x 5',with TCR/VDJ,downloads/GSE212217/matrix/GSE212217-GPL24676_series_matrix.txt.gz,79
GSE212217,GSE212217,GSM6514199,GPL24676,Peripheral blood T cells; cell type: Peripheral blood T cells,,10x 5',with TCR/VDJ,downloads/GSE212217/matrix/GSE212217-GPL24676_series_matrix.txt.gz,80
GSE221776,GSE221776,GSM6896043,GPL24676,Pediatric brain tumor; cell type: CD45+CD3+ T cells,,10x 5',with TCR/VDJ,downloads/GSE221776/matrix/GSE221776_series_matrix.txt.gz,1
GSE221776,GSE221776,GSM6896044,GPL24676,Pediatric brain tumor; cell type: CD45+CD3+ T cells,,10x 5',with TCR/VDJ,downloads/GSE221776/matrix/GSE221776_series_matrix.txt.gz,2
GSE221776,GSE221776,GSM6896045,GPL24676,Pediatric brain tumor; cell type: CD45+CD3+ T cells,,10x 5',with TCR/VDJ,downloads/GSE221776/matrix/GSE221776_series_matrix.txt.gz,3
GSE221776,GSE221776,GSM6896046,GPL24676,Pediatric brain tumor; cell type: CD45+CD3+ T cells,,10x 5',with TCR/VDJ,downloads/GSE221776/matrix/GSE221776_series_matrix.txt.gz,4
GSE221776,GSE221776,GSM6896047,GPL24676,Pediatric brain tumor; cell type: CD45+CD3+ T cells,,10x 5',with TCR/VDJ,downloads/GSE221776/matrix/GSE221776_series_matrix.txt.gz,5
GSE221776,GSE221776,GSM6896048,GPL24676,Pediatric brain tumor; cell type: CD45+CD3+ T cells,,10x 5',with TCR/VDJ,downloads/GSE221776/matrix/GSE221776_series_matrix.txt.gz,6
GSE221776,GSE221776,GSM6896049,GPL24676,Pediatric brain tumor; cell type: CD45+CD3+ T cells,,10x 5',with TCR/VDJ,downloads/GSE221776/matrix/GSE221776_series_matrix.txt.gz,7
GSE221776,GSE221776,GSM6896050,GPL24676,Pediatric brain tumor; cell type: CD45+CD3+ T cells,,10x 5',with TCR/VDJ,downloads/GSE221776/matrix/GSE221776_series_matrix.txt.gz,8
GSE221776,GSE221776,GSM6896051,GPL24676,Pediatric brain tumor; cell type: CD45+CD3+ T cells,,10x 5',with TCR/VDJ,downloads/GSE221776/matrix/GSE221776_series_matrix.txt.gz,9
GSE221776,GSE221776,GSM6896052,GPL24676,Pediatric brain tumor; cell type: CD45+CD3+ T cells,,10x 5',with TCR/VDJ,downloads/GSE221776/matrix/GSE221776_series_matrix.txt.gz,10
GSE221776,GSE221776,GSM6896053,GPL24676,Pediatric brain tumor; cell type: CD45+CD3+ T cells,,10x 5',with TCR/VDJ,downloads/GSE221776/matrix/GSE221776_series_matrix.txt.gz,11
GSE221776,GSE221776,GSM6896054,GPL24676,Pediatric brain tumor; cell type: CD45+CD3+ T cells,,10x 5',with TCR/VDJ,downloads/GSE221776/matrix/GSE221776_series_matrix.txt.gz,12
GSE221776,GSE221776,GSM6896055,GPL24676,Pediatric brain tumor; cell type: CD45+CD3+ T cells,,10x 5',with TCR/VDJ,downloads/GSE221776/matrix/GSE221776_series_matrix.txt.gz,13
GSE221776,GSE221776,GSM6896056,GPL24676,Pediatric brain tumor; cell type: CD45+CD3+ T cells,,10x 5',with TCR/VDJ,downloads/GSE221776/matrix/GSE221776_series_matrix.txt.gz,14
GSE221776,GSE221776,GSM6896057,GPL24676,Pediatric brain tumor; cell type: CD45+CD3+ T cells,,10x 5',with TCR/VDJ,downloads/GSE221776/matrix/GSE221776_series_matrix.txt.gz,15
GSE221776,GSE221776,GSM6896058,GPL24676,Pediatric brain tumor; cell type: CD45+CD3+ T cells,,10x 5',with TCR/VDJ,downloads/GSE221776/matrix/GSE221776_series_matrix.txt.gz,16
GSE221776,GSE221776,GSM6896059,GPL24676,Pediatric brain tumor; cell type: CD45+CD3+ T cells,,10x 5',with TCR/VDJ,downloads/GSE221776/matrix/GSE221776_series_matrix.txt.gz,17
GSE221776,GSE221776,GSM6896060,GPL24676,Pediatric brain tumor; cell type: CD45+CD3+ T cells,,10x 5',with TCR/VDJ,downloads/GSE221776/matrix/GSE221776_series_matrix.txt.gz,18
GSE221776,GSE221776,GSM6896061,GPL24676,Non-small cell lung cancer; cell type: CD4+ T cells,,10x (unspecified),with TCR/VDJ,downloads/GSE221776/matrix/GSE221776_series_matrix.txt.gz,19
GSE221776,GSE221776,GSM6896062,GPL24676,Non-small cell lung cancer; cell type: CD8+ T cells,,10x (unspecified),with TCR/VDJ,downloads/GSE221776/matrix/GSE221776_series_matrix.txt.gz,20
GSE221776,GSE221776,GSM6896063,GPL24676,Non-small cell lung cancer; cell type: CD8+ T cells,,10x (unspecified),with TCR/VDJ,downloads/GSE221776/matrix/GSE221776_series_matrix.txt.gz,21
GSE221776,GSE221776,GSM6896064,GPL24676,Non-small cell lung cancer; cell type: CD4+ T cells,,10x (unspecified),with TCR/VDJ,downloads/GSE221776/matrix/GSE221776_series_matrix.txt.gz,22
GSE221776,GSE221776,GSM6896065,GPL24676,Non-small cell lung cancer; cell type: CD8+ T cells,,10x (unspecified),with TCR/VDJ,downloads/GSE221776/matrix/GSE221776_series_matrix.txt.gz,23
GSE221776,GSE221776,GSM6896066,GPL24676,Non-small cell lung cancer; cell type: CD8+ T cells,,10x (unspecified),with TCR/VDJ,downloads/GSE221776/matrix/GSE221776_series_matrix.txt.gz,24
GSE221776,GSE221776,GSM6896067,GPL24676,Non-small cell lung cancer; cell type: CD4+ T cells,,10x (unspecified),with TCR/VDJ,downloads/GSE221776/matrix/GSE221776_series_matrix.txt.gz,25
GSE221776,GSE221776,GSM6896068,GPL24676,Non-small cell lung cancer; cell type: CD8+ T cells,,10x (unspecified),with TCR/VDJ,downloads/GSE221776/matrix/GSE221776_series_matrix.txt.gz,26
GSE221776,GSE221776,GSM6896069,GPL24676,Non-small cell lung cancer; cell type: CD8+ T cells,,10x (unspecified),with TCR/VDJ,downloads/GSE221776/matrix/GSE221776_series_matrix.txt.gz,27
GSE221776,GSE221776,GSM6896070,GPL24676,Non-small cell lung cancer; cell type: CD4+ T cells,,10x (unspecified),with TCR/VDJ,downloads/GSE221776/matrix/GSE221776_series_matrix.txt.gz,28
GSE221776,GSE221776,GSM6896071,GPL24676,Non-small cell lung cancer; cell type: CD8+ T cells,,10x (unspecified),with TCR/VDJ,downloads/GSE221776/matrix/GSE221776_series_matrix.txt.gz,29
GSE221776,GSE221776,GSM6896072,GPL24676,Non-small cell lung cancer; cell type: CD8+ T cells,,10x (unspecified),with TCR/VDJ,downloads/GSE221776/matrix/GSE221776_series_matrix.txt.gz,30
GSE221776,GSE221776,GSM6896073,GPL24676,Non-small cell lung cancer; cell type: CD4+ T cells,,10x (unspecified),with TCR/VDJ,downloads/GSE221776/matrix/GSE221776_series_matrix.txt.gz,31
GSE221776,GSE221776,GSM6896074,GPL24676,Non-small cell lung cancer; cell type: CD8+ T cells,,10x (unspecified),with TCR/VDJ,downloads/GSE221776/matrix/GSE221776_series_matrix.txt.gz,32
GSE221776,GSE221776,GSM6896075,GPL24676,Non-small cell lung cancer; cell type: CD8+ T cells,,10x (unspecified),with TCR/VDJ,downloads/GSE221776/matrix/GSE221776_series_matrix.txt.gz,33
GSE221776,GSE221776,GSM6896076,GPL24676,Non-small cell lung cancer; cell type: CD4+ T cells,,10x (unspecified),with TCR/VDJ,downloads/GSE221776/matrix/GSE221776_series_matrix.txt.gz,34
GSE221776,GSE221776,GSM6896077,GPL24676,Non-small cell lung cancer; cell type: CD8+ T cells,,10x (unspecified),with TCR/VDJ,downloads/GSE221776/matrix/GSE221776_series_matrix.txt.gz,35
GSE221776,GSE221776,GSM6896078,GPL24676,Non-small cell lung cancer; cell type: CD8+ T cells,,10x (unspecified),with TCR/VDJ,downloads/GSE221776/matrix/GSE221776_series_matrix.txt.gz,36
GSE221776,GSE221776,GSM7412587,GPL24676,Pediatric brain tumor; cell type: CD4+ T cells,,10x 5',with TCR/VDJ,downloads/GSE221776/matrix/GSE221776_series_matrix.txt.gz,37
GSE221776,GSE221776,GSM7412588,GPL24676,Pediatric brain tumor; cell type: CD8+ T cells,,10x 5',with TCR/VDJ,downloads/GSE221776/matrix/GSE221776_series_matrix.txt.gz,38
GSE221776,GSE221776,GSM7412589,GPL24676,Pediatric brain tumor; cell type: CD4+ T cells,,10x 5',with TCR/VDJ,downloads/GSE221776/matrix/GSE221776_series_matrix.txt.gz,39
GSE221776,GSE221776,GSM7412590,GPL24676,Pediatric brain tumor; cell type: CD4+ T cells,,10x 5',with TCR/VDJ,downloads/GSE221776/matrix/GSE221776_series_matrix.txt.gz,40
GSE221776,GSE221776,GSM7412591,GPL24676,Pediatric brain tumor; cell type: CD8+ T cells,,10x 5',with TCR/VDJ,downloads/GSE221776/matrix/GSE221776_series_matrix.txt.gz,41
GSE221776,GSE221776,GSM7412592,GPL24676,Pediatric brain tumor; cell type: CD8+ T cells,,10x 5',with TCR/VDJ,downloads/GSE221776/matrix/GSE221776_series_matrix.txt.gz,42
GSE221776,GSE221776,GSM7412593,GPL24676,Pediatric brain tumor; cell type: CD4+ T cells,,10x 5',with TCR/VDJ,downloads/GSE221776/matrix/GSE221776_series_matrix.txt.gz,43
GSE221776,GSE221776,GSM7412594,GPL24676,Pediatric brain tumor; cell type: CD8+ T cells,,10x 5',with TCR/VDJ,downloads/GSE221776/matrix/GSE221776_series_matrix.txt.gz,44
GSE221776,GSE221776,GSM7412595,GPL24676,Pediatric brain tumor; cell type: CD4+ T cells,,10x 5',with TCR/VDJ,downloads/GSE221776/matrix/GSE221776_series_matrix.txt.gz,45
GSE221776,GSE221776,GSM7412596,GPL24676,Pediatric brain tumor; cell type: CD4+ T cells,,10x 5',with TCR/VDJ,downloads/GSE221776/matrix/GSE221776_series_matrix.txt.gz,46
GSE221776,GSE221776,GSM7412597,GPL24676,Pediatric brain tumor; cell type: CD8+ T cells,,10x 5',with TCR/VDJ,downloads/GSE221776/matrix/GSE221776_series_matrix.txt.gz,47
GSE221776,GSE221776,GSM7412598,GPL24676,Pediatric brain tumor; cell type: CD8+ T cells,,10x 5',with TCR/VDJ,downloads/GSE221776/matrix/GSE221776_series_matrix.txt.gz,48
GSE221776,GSE221776,GSM7412599,GPL24676,Pediatric brain tumor; cell type: CD4+ T cells,,10x 5',with TCR/VDJ,downloads/GSE221776/matrix/GSE221776_series_matrix.txt.gz,49
GSE221776,GSE221776,GSM7412600,GPL24676,Pediatric brain tumor; cell type: CD8+ T cells,,10x 5',with TCR/VDJ,downloads/GSE221776/matrix/GSE221776_series_matrix.txt.gz,50
GSE221776,GSE221776,GSM7412601,GPL24676,Pediatric brain tumor; cell type: CD4+ T cells,,10x 5',with TCR/VDJ,downloads/GSE221776/matrix/GSE221776_series_matrix.txt.gz,51
GSE221776,GSE221776,GSM7412602,GPL24676,Pediatric brain tumor; cell type: CD4+ T cells,,10x 5',with TCR/VDJ,downloads/GSE221776/matrix/GSE221776_series_matrix.txt.gz,52
GSE221776,GSE221776,GSM7412603,GPL24676,Pediatric brain tumor; cell type: CD8+ T cells,,10x 5',with TCR/VDJ,downloads/GSE221776/matrix/GSE221776_series_matrix.txt.gz,53
GSE221776,GSE221776,GSM7412604,GPL24676,Pediatric brain tumor; cell type: CD8+ T cells,,10x 5',with TCR/VDJ,downloads/GSE221776/matrix/GSE221776_series_matrix.txt.gz,54
GSE227709,GSE227709,GSM7105884,GPL24676,Tumor & Blood; library type: GEX/ADT,,10x 5',without TCR/VDJ,downloads/GSE227709/matrix/GSE227709_series_matrix.txt.gz,1
GSE227709,GSE227709,GSM7105885,GPL24676,Tumor & Blood; library type: GEX/ADT,,10x 5',without TCR/VDJ,downloads/GSE227709/matrix/GSE227709_series_matrix.txt.gz,2
GSE227709,GSE227709,GSM7105886,GPL24676,Tumor & Blood; library type: GEX/ADT,,10x 5',without TCR/VDJ,downloads/GSE227709/matrix/GSE227709_series_matrix.txt.gz,3
GSE227709,GSE227709,GSM7105887,GPL24676,Tumor & Blood; library type: TCR,,10x 5',with TCR/VDJ,downloads/GSE227709/matrix/GSE227709_series_matrix.txt.gz,4
GSE227709,GSE227709,GSM7105888,GPL24676,Tumor & Blood; library type: TCR,,10x 5',with TCR/VDJ,downloads/GSE227709/matrix/GSE227709_series_matrix.txt.gz,5
GSE227709,GSE227709,GSM7105889,GPL24676,Tumor & Blood; library type: TCR,,10x 5',with TCR/VDJ,downloads/GSE227709/matrix/GSE227709_series_matrix.txt.gz,6
GSE228597,GSE228597,GSM7133689,GPL18573,Heart tissue,,10x 5',without TCR/VDJ,downloads/GSE228597/matrix/GSE228597-GPL18573_series_matrix.txt.gz,1
GSE228597,GSE228597,GSM7133690,GPL18573,Heart tissue,,10x 5',without TCR/VDJ,downloads/GSE228597/matrix/GSE228597-GPL18573_series_matrix.txt.gz,2
GSE228597,GSE228597,GSM7133691,GPL18573,Heart tissue,,10x 5',without TCR/VDJ,downloads/GSE228597/matrix/GSE228597-GPL18573_series_matrix.txt.gz,3
GSE228597,GSE228597,GSM7133692,GPL18573,Heart tissue,,10x 5',without TCR/VDJ,downloads/GSE228597/matrix/GSE228597-GPL18573_series_matrix.txt.gz,4
GSE228597,GSE228597,GSM7133693,GPL18573,Heart tissue,,10x 5',without TCR/VDJ,downloads/GSE228597/matrix/GSE228597-GPL18573_series_matrix.txt.gz,5
GSE228597,GSE228597,GSM7133694,GPL18573,Heart tissue,,10x 5',without TCR/VDJ,downloads/GSE228597/matrix/GSE228597-GPL18573_series_matrix.txt.gz,6
GSE228597,GSE228597,GSM7133695,GPL18573,Heart tissue,,10x 5',without TCR/VDJ,downloads/GSE228597/matrix/GSE228597-GPL18573_series_matrix.txt.gz,7
GSE228597,GSE228597,GSM7133696,GPL18573,Heart tissue,,10x 5',without TCR/VDJ,downloads/GSE228597/matrix/GSE228597-GPL18573_series_matrix.txt.gz,8
GSE228597,GSE228597,GSM7133697,GPL18573,Heart tissue,,10x 5',without TCR/VDJ,downloads/GSE228597/matrix/GSE228597-GPL18573_series_matrix.txt.gz,9
GSE228597,GSE228597,GSM7133698,GPL18573,Heart tissue,,10x 5',without TCR/VDJ,downloads/GSE228597/matrix/GSE228597-GPL18573_series_matrix.txt.gz,10
GSE228597,GSE228597,GSM7133699,GPL18573,Heart tissue,,10x 5',without TCR/VDJ,downloads/GSE228597/matrix/GSE228597-GPL18573_series_matrix.txt.gz,11
GSE228597,GSE228597,GSM7133700,GPL18573,Heart tissue,,10x 5',without TCR/VDJ,downloads/GSE228597/matrix/GSE228597-GPL18573_series_matrix.txt.gz,12
GSE228597,GSE228597,GSM7133701,GPL18573,Heart tissue,,10x 5',without TCR/VDJ,downloads/GSE228597/matrix/GSE228597-GPL18573_series_matrix.txt.gz,13
GSE228597,GSE228597,GSM7133702,GPL18573,Heart tissue,,10x 5',without TCR/VDJ,downloads/GSE228597/matrix/GSE228597-GPL18573_series_matrix.txt.gz,14
GSE228597,GSE228597,GSM7133703,GPL18573,Heart tissue,,10x 5',without TCR/VDJ,downloads/GSE228597/matrix/GSE228597-GPL18573_series_matrix.txt.gz,15
GSE228597,GSE228597,GSM7133704,GPL18573,Heart tissue,,10x 5',without TCR/VDJ,downloads/GSE228597/matrix/GSE228597-GPL18573_series_matrix.txt.gz,16
GSE228597,GSE228597,GSM7133705,GPL18573,Heart tissue,,10x 5',without TCR/VDJ,downloads/GSE228597/matrix/GSE228597-GPL18573_series_matrix.txt.gz,17
GSE228597,GSE228597,GSM7133706,GPL18573,Heart tissue,,10x 5',without TCR/VDJ,downloads/GSE228597/matrix/GSE228597-GPL18573_series_matrix.txt.gz,18
GSE228597,GSE228597,GSM7133707,GPL18573,Heart tissue,,10x 5',without TCR/VDJ,downloads/GSE228597/matrix/GSE228597-GPL18573_series_matrix.txt.gz,19
GSE228597,GSE228597,GSM7133708,GPL18573,Heart tissue,,10x 5',without TCR/VDJ,downloads/GSE228597/matrix/GSE228597-GPL18573_series_matrix.txt.gz,20
GSE228597,GSE228597,GSM7133709,GPL18573,Heart tissue,,10x 5',without TCR/VDJ,downloads/GSE228597/matrix/GSE228597-GPL18573_series_matrix.txt.gz,21
GSE228597,GSE228597,GSM7133710,GPL18573,Heart tissue,,10x 5',without TCR/VDJ,downloads/GSE228597/matrix/GSE228597-GPL18573_series_matrix.txt.gz,22
GSE228597,GSE228597,GSM7133711,GPL18573,Heart tissue,,10x 5',without TCR/VDJ,downloads/GSE228597/matrix/GSE228597-GPL18573_series_matrix.txt.gz,23
GSE228597,GSE228597,GSM7133712,GPL18573,Heart tissue,,10x 5',without TCR/VDJ,downloads/GSE228597/matrix/GSE228597-GPL18573_series_matrix.txt.gz,24
GSE228597,GSE228597,GSM7133713,GPL24676,PBMCs,,10x 5',without TCR/VDJ,downloads/GSE228597/matrix/GSE228597-GPL24676_series_matrix.txt.gz,1
GSE228597,GSE228597,GSM7133714,GPL24676,PBMCs,,10x 5',without TCR/VDJ,downloads/GSE228597/matrix/GSE228597-GPL24676_series_matrix.txt.gz,2
GSE228597,GSE228597,GSM7133715,GPL24676,PBMCs,,10x 5',without TCR/VDJ,downloads/GSE228597/matrix/GSE228597-GPL24676_series_matrix.txt.gz,3
GSE228597,GSE228597,GSM7133716,GPL24676,PBMCs,,10x 5',without TCR/VDJ,downloads/GSE228597/matrix/GSE228597-GPL24676_series_matrix.txt.gz,4
GSE228597,GSE228597,GSM7133717,GPL24676,PBMCs,,10x 5',without TCR/VDJ,downloads/GSE228597/matrix/GSE228597-GPL24676_series_matrix.txt.gz,5
GSE228597,GSE228597,GSM7133718,GPL24676,PBMCs,,10x 5',without TCR/VDJ,downloads/GSE228597/matrix/GSE228597-GPL24676_series_matrix.txt.gz,6
GSE228597,GSE228597,GSM7133719,GPL24676,PBMCs,,10x 5',without TCR/VDJ,downloads/GSE228597/matrix/GSE228597-GPL24676_series_matrix.txt.gz,7
GSE228597,GSE228597,GSM7133720,GPL24676,PBMCs,,10x 5',without TCR/VDJ,downloads/GSE228597/matrix/GSE228597-GPL24676_series_matrix.txt.gz,8
GSE228597,GSE228597,GSM7133721,GPL24676,PBMCs,,10x 5',without TCR/VDJ,downloads/GSE228597/matrix/GSE228597-GPL24676_series_matrix.txt.gz,9
GSE228597,GSE228597,GSM7133722,GPL24676,PBMCs,,10x 5',without TCR/VDJ,downloads/GSE228597/matrix/GSE228597-GPL24676_series_matrix.txt.gz,10
GSE228597,GSE228597,GSM7133723,GPL24676,PBMCs,,10x 5',without TCR/VDJ,downloads/GSE228597/matrix/GSE228597-GPL24676_series_matrix.txt.gz,11
GSE228597,GSE228597,GSM7133724,GPL24676,PBMCs,,10x 5',without TCR/VDJ,downloads/GSE228597/matrix/GSE228597-GPL24676_series_matrix.txt.gz,12
GSE228597,GSE228597,GSM7133725,GPL24676,PBMCs,,10x 5',without TCR/VDJ,downloads/GSE228597/matrix/GSE228597-GPL24676_series_matrix.txt.gz,13
GSE228597,GSE228597,GSM7133726,GPL24676,PBMCs,,10x 5',without TCR/VDJ,downloads/GSE228597/matrix/GSE228597-GPL24676_series_matrix.txt.gz,14
GSE228597,GSE228597,GSM7133727,GPL24676,PBMCs,,10x 5',without TCR/VDJ,downloads/GSE228597/matrix/GSE228597-GPL24676_series_matrix.txt.gz,15
GSE228597,GSE228597,GSM7133728,GPL24676,PBMCs,,10x 5',without TCR/VDJ,downloads/GSE228597/matrix/GSE228597-GPL24676_series_matrix.txt.gz,16
GSE228597,GSE228597,GSM7133729,GPL24676,PBMCs,,10x 5',without TCR/VDJ,downloads/GSE228597/matrix/GSE228597-GPL24676_series_matrix.txt.gz,17
GSE228597,GSE228597,GSM7133730,GPL24676,PBMCs,,10x 5',without TCR/VDJ,downloads/GSE228597/matrix/GSE228597-GPL24676_series_matrix.txt.gz,18
GSE228597,GSE228597,GSM7133731,GPL24676,PBMCs,,10x 5',without TCR/VDJ,downloads/GSE228597/matrix/GSE228597-GPL24676_series_matrix.txt.gz,19
GSE228597,GSE228597,GSM7133732,GPL24676,PBMCs,,10x 5',without TCR/VDJ,downloads/GSE228597/matrix/GSE228597-GPL24676_series_matrix.txt.gz,20
GSE228597,GSE228597,GSM7133733,GPL24676,PBMCs,,10x 5',without TCR/VDJ,downloads/GSE228597/matrix/GSE228597-GPL24676_series_matrix.txt.gz,21
GSE228597,GSE228597,GSM7133734,GPL24676,PBMCs,,10x 5',without TCR/VDJ,downloads/GSE228597/matrix/GSE228597-GPL24676_series_matrix.txt.gz,22
GSE228597,GSE228597,GSM7133735,GPL24676,PBMCs,,10x 5',without TCR/VDJ,downloads/GSE228597/matrix/GSE228597-GPL24676_series_matrix.txt.gz,23
GSE228597,GSE228597,GSM7133736,GPL24676,PBMCs,,10x 5',without TCR/VDJ,downloads/GSE228597/matrix/GSE228597-GPL24676_series_matrix.txt.gz,24
GSE228597,GSE228597,GSM7133737,GPL24676,PBMCs,,10x 5',without TCR/VDJ,downloads/GSE228597/matrix/GSE228597-GPL24676_series_matrix.txt.gz,25
GSE228597,GSE228597,GSM7133738,GPL24676,PBMCs,,10x 5',without TCR/VDJ,downloads/GSE228597/matrix/GSE228597-GPL24676_series_matrix.txt.gz,26
GSE228597,GSE228597,GSM7133739,GPL24676,PBMCs,,10x 5',without TCR/VDJ,downloads/GSE228597/matrix/GSE228597-GPL24676_series_matrix.txt.gz,27
GSE228597,GSE228597,GSM7133740,GPL24676,PBMCs,,10x 5',without TCR/VDJ,downloads/GSE228597/matrix/GSE228597-GPL24676_series_matrix.txt.gz,28
GSE228597,GSE228597,GSM8019276,GPL18573,tumor,,10x 5',with TCR/VDJ,downloads/GSE228597/matrix/GSE228597-GPL18573_series_matrix.txt.gz,25
GSE228597,GSE228597,GSM8019277,GPL18573,Normal tissue adjacent to tumor,,10x 5',with TCR/VDJ,downloads/GSE228597/matrix/GSE228597-GPL18573_series_matrix.txt.gz,26
GSE228597,GSE228597,GSM8019278,GPL18573,Heart tissue,,10x 5',with TCR/VDJ,downloads/GSE228597/matrix/GSE228597-GPL18573_series_matrix.txt.gz,27
GSE228597,GSE228597,GSM8019279,GPL18573,Heart tissue,,10x 5',with TCR/VDJ,downloads/GSE228597/matrix/GSE228597-GPL18573_series_matrix.txt.gz,28
GSE228597,GSE228597,GSM8019280,GPL18573,tumor,,10x 5',with TCR/VDJ,downloads/GSE228597/matrix/GSE228597-GPL18573_series_matrix.txt.gz,29
GSE228597,GSE228597,GSM8019281,GPL18573,Normal tissue adjacent to tumor,,10x 5',with TCR/VDJ,downloads/GSE228597/matrix/GSE228597-GPL18573_series_matrix.txt.gz,30
GSE228597,GSE228597,GSM8019282,GPL18573,Heart tissue,,10x 5',with TCR/VDJ,downloads/GSE228597/matrix/GSE228597-GPL18573_series_matrix.txt.gz,31
GSE228597,GSE228597,GSM8019283,GPL18573,tumor,,10x 5',with TCR/VDJ,downloads/GSE228597/matrix/GSE228597-GPL18573_series_matrix.txt.gz,32
GSE228597,GSE228597,GSM8019284,GPL18573,Normal tissue adjacent to tumor,,10x 5',with TCR/VDJ,downloads/GSE228597/matrix/GSE228597-GPL18573_series_matrix.txt.gz,33
GSE228597,GSE228597,GSM8019285,GPL18573,Heart tissue,,10x 5',with TCR/VDJ,downloads/GSE228597/matrix/GSE228597-GPL18573_series_matrix.txt.gz,34
GSE228597,GSE228597,GSM8019286,GPL18573,tumor,,10x 5',with TCR/VDJ,downloads/GSE228597/matrix/GSE228597-GPL18573_series_matrix.txt.gz,35
GSE228597,GSE228597,GSM8019287,GPL18573,Normal tissue adjacent to tumor,,10x 5',with TCR/VDJ,downloads/GSE228597/matrix/GSE228597-GPL18573_series_matrix.txt.gz,36
GSE228597,GSE228597,GSM8019288,GPL18573,Heart tissue,,10x 5',with TCR/VDJ,downloads/GSE228597/matrix/GSE228597-GPL18573_series_matrix.txt.gz,37
GSE228597,GSE228597,GSM8019289,GPL18573,Heart tissue,,10x 5',with TCR/VDJ,downloads/GSE228597/matrix/GSE228597-GPL18573_series_matrix.txt.gz,38
GSE228597,GSE228597,GSM8019290,GPL18573,Heart tissue,,10x 5',with TCR/VDJ,downloads/GSE228597/matrix/GSE228597-GPL18573_series_matrix.txt.gz,39
GSE228597,GSE228597,GSM8019291,GPL18573,Heart tissue,,10x 5',with TCR/VDJ,downloads/GSE228597/matrix/GSE228597-GPL18573_series_matrix.txt.gz,40
GSE228597,GSE228597,GSM8019292,GPL18573,Heart tissue,,10x 5',with TCR/VDJ,downloads/GSE228597/matrix/GSE228597-GPL18573_series_matrix.txt.gz,41
GSE228597,GSE228597,GSM8019293,GPL18573,Heart tissue,,10x 5',with TCR/VDJ,downloads/GSE228597/matrix/GSE228597-GPL18573_series_matrix.txt.gz,42
GSE228597,GSE228597,GSM8031456,GPL24676,PBMCs,,10x 5',without TCR/VDJ,downloads/GSE228597/matrix/GSE228597-GPL24676_series_matrix.txt.gz,29
GSE228597,GSE228597,GSM8031457,GPL24676,PBMCs,,10x 5',without TCR/VDJ,downloads/GSE228597/matrix/GSE228597-GPL24676_series_matrix.txt.gz,30
GSE228597,GSE228597,GSM8031458,GPL24676,PBMCs,,10x 5',without TCR/VDJ,downloads/GSE228597/matrix/GSE228597-GPL24676_series_matrix.txt.gz,31
GSE228597,GSE228597,GSM8031459,GPL24676,PBMCs,,10x 5',without TCR/VDJ,downloads/GSE228597/matrix/GSE228597-GPL24676_series_matrix.txt.gz,32
GSE228597,GSE228597,GSM8031460,GPL24676,PBMCs,,10x 5',without TCR/VDJ,downloads/GSE228597/matrix/GSE228597-GPL24676_series_matrix.txt.gz,33
GSE229858,GSE229858,GSM7179128,GPL20301,melanoma; cell type: expanded TILs,,10x 5',without TCR/VDJ,downloads/GSE229858/matrix/GSE229858_series_matrix.txt.gz,1
GSE229858,GSE229858,GSM7179129,GPL20301,melanoma; cell type: expanded TILs,,10x 5',without TCR/VDJ,downloads/GSE229858/matrix/GSE229858_series_matrix.txt.gz,2
GSE229858,GSE229858,GSM7179130,GPL20301,melanoma; cell type: expanded TILs,,10x 5',without TCR/VDJ,downloads/GSE229858/matrix/GSE229858_series_matrix.txt.gz,3
GSE229858,GSE229858,GSM7179131,GPL20301,melanoma; cell type: expanded TILs,,10x 5',without TCR/VDJ,downloads/GSE229858/matrix/GSE229858_series_matrix.txt.gz,4
GSE229858,GSE229858,GSM7179132,GPL20301,melanoma; cell type: expanded TILs,,10x 5',without TCR/VDJ,downloads/GSE229858/matrix/GSE229858_series_matrix.txt.gz,5
GSE229858,GSE229858,GSM7179133,GPL20301,melanoma; cell type: expanded TILs,,10x 5',without TCR/VDJ,downloads/GSE229858/matrix/GSE229858_series_matrix.txt.gz,6
GSE229858,GSE229858,GSM7179134,GPL20301,melanoma; cell type: expanded TILs,,10x 5',without TCR/VDJ,downloads/GSE229858/matrix/GSE229858_series_matrix.txt.gz,7
GSE229858,GSE229858,GSM7179135,GPL20301,melanoma; cell type: expanded TILs,,10x 5',without TCR/VDJ,downloads/GSE229858/matrix/GSE229858_series_matrix.txt.gz,8
GSE229858,GSE229858,GSM7179136,GPL20301,melanoma; cell type: expanded TILs,,10x 5',without TCR/VDJ,downloads/GSE229858/matrix/GSE229858_series_matrix.txt.gz,9
GSE229858,GSE229858,GSM7179137,GPL20301,melanoma; cell type: expanded TILs,,10x 5',without TCR/VDJ,downloads/GSE229858/matrix/GSE229858_series_matrix.txt.gz,10
GSE229858,GSE229858,GSM7179138,GPL20301,melanoma; cell type: expanded TILs,,10x 5',without TCR/VDJ,downloads/GSE229858/matrix/GSE229858_series_matrix.txt.gz,11
GSE229858,GSE229858,GSM7179139,GPL20301,melanoma; cell type: expanded TILs,,10x 5',without TCR/VDJ,downloads/GSE229858/matrix/GSE229858_series_matrix.txt.gz,12
GSE229858,GSE229858,GSM7179140,GPL20301,melanoma; cell type: expanded TILs,,10x 5',without TCR/VDJ,downloads/GSE229858/matrix/GSE229858_series_matrix.txt.gz,13
GSE232240,GSE232240,GSM7324294,GPL18573,"tumor; response: mixed samples (RE, NR)",,10x (unspecified),with TCR/VDJ,downloads/GSE232240/matrix/GSE232240-GPL18573_series_matrix.txt.gz,1
GSE232240,GSE232240,GSM7324295,GPL18573,"tumor; response: mixed samples (RE, NR)",,10x (unspecified),with TCR/VDJ,downloads/GSE232240/matrix/GSE232240-GPL18573_series_matrix.txt.gz,2
GSE232240,GSE232240,GSM7324296,GPL21697,PBMCs,,10x 5',without TCR/VDJ,downloads/GSE232240/matrix/GSE232240-GPL21697_series_matrix.txt.gz,1
GSE232240,GSE232240,GSM7324297,GPL21697,PBMCs,,10x 5',without TCR/VDJ,downloads/GSE232240/matrix/GSE232240-GPL21697_series_matrix.txt.gz,2
GSE232240,GSE232240,GSM7324298,GPL21697,PBMCs,,10x 5',without TCR/VDJ,downloads/GSE232240/matrix/GSE232240-GPL21697_series_matrix.txt.gz,3
GSE232240,GSE232240,GSM7324299,GPL21697,PBMCs,,10x 5',without TCR/VDJ,downloads/GSE232240/matrix/GSE232240-GPL21697_series_matrix.txt.gz,4
GSE232240,GSE232240,GSM7324300,GPL21697,PBMCs,,10x 5',without TCR/VDJ,downloads/GSE232240/matrix/GSE232240-GPL21697_series_matrix.txt.gz,5
GSE232240,GSE232240,GSM7324301,GPL21697,PBMCs,,10x 5',without TCR/VDJ,downloads/GSE232240/matrix/GSE232240-GPL21697_series_matrix.txt.gz,6
GSE232240,GSE232240,GSM7324302,GPL21697,PBMCs,,10x 5',without TCR/VDJ,downloads/GSE232240/matrix/GSE232240-GPL21697_series_matrix.txt.gz,7
GSE232240,GSE232240,GSM7324303,GPL21697,PBMCs,,10x 5',without TCR/VDJ,downloads/GSE232240/matrix/GSE232240-GPL21697_series_matrix.txt.gz,8
GSE232240,GSE232240,GSM7324304,GPL21697,PBMCs,,10x 5',without TCR/VDJ,downloads/GSE232240/matrix/GSE232240-GPL21697_series_matrix.txt.gz,9
GSE232240,GSE232240,GSM7324305,GPL21697,PBMCs,,10x 5',without TCR/VDJ,downloads/GSE232240/matrix/GSE232240-GPL21697_series_matrix.txt.gz,10
GSE232240,GSE232240,GSM7324306,GPL21697,PBMCs,,10x 5',without TCR/VDJ,downloads/GSE232240/matrix/GSE232240-GPL21697_series_matrix.txt.gz,11
GSE232240,GSE232240,GSM7324307,GPL21697,PBMCs,,10x 5',without TCR/VDJ,downloads/GSE232240/matrix/GSE232240-GPL21697_series_matrix.txt.gz,12
GSE232240,GSE232240,GSM7324308,GPL21697,PBMCs,,10x 5',without TCR/VDJ,downloads/GSE232240/matrix/GSE232240-GPL21697_series_matrix.txt.gz,13
GSE232240,GSE232240,GSM7324309,GPL21697,PBMCs,,10x 5',without TCR/VDJ,downloads/GSE232240/matrix/GSE232240-GPL21697_series_matrix.txt.gz,14
GSE232240,GSE232240,GSM7324310,GPL21697,PBMCs,,10x 5',without TCR/VDJ,downloads/GSE232240/matrix/GSE232240-GPL21697_series_matrix.txt.gz,15
GSE232240,GSE232240,GSM7324311,GPL21697,PBMCs,,10x 5',without TCR/VDJ,downloads/GSE232240/matrix/GSE232240-GPL21697_series_matrix.txt.gz,16
GSE232240,GSE232240,GSM7324312,GPL21697,PBMCs,,10x 5',without TCR/VDJ,downloads/GSE232240/matrix/GSE232240-GPL21697_series_matrix.txt.gz,17
GSE232240,GSE232240,GSM7324313,GPL21697,PBMCs,,10x 5',without TCR/VDJ,downloads/GSE232240/matrix/GSE232240-GPL21697_series_matrix.txt.gz,18
GSE240361,GSE240361,GSM7696769,GPL24676,RNA,,BD Rhapsody,without TCR/VDJ,downloads/GSE240361/matrix/GSE240361_series_matrix.txt.gz,1
GSE240361,GSE240361,GSM7696770,GPL24676,"HTO; hto: Sample Tag 1 — Human, Sample Tag 2 — Human",,BD Rhapsody,without TCR/VDJ,downloads/GSE240361/matrix/GSE240361_series_matrix.txt.gz,2
GSE240361,GSE240361,GSM7696771,GPL24676,RNA,,BD Rhapsody,without TCR/VDJ,downloads/GSE240361/matrix/GSE240361_series_matrix.txt.gz,3
GSE240361,GSE240361,GSM7696772,GPL24676,"HTO; hto: Sample Tag 3 — Human, Sample Tag 4 — Human, Sample Tag 5 — Human, Sample Tag 6 — Human, Sample Tag 7 — Human, Sample Tag 8 — Human, ...",,BD Rhapsody,without TCR/VDJ,downloads/GSE240361/matrix/GSE240361_series_matrix.txt.gz,4
GSE240361,GSE240361,GSM7696773,GPL24676,TCR,,BD Rhapsody,with TCR/VDJ,downloads/GSE240361/matrix/GSE240361_series_matrix.txt.gz,5
GSE241783,GSE241783,GSM7743546,GPL20301,Blood cell culture,,10x 5',with TCR/VDJ,downloads/GSE241783/matrix/GSE241783_series_matrix.txt.gz,1
GSE241783,GSE241783,GSM7743547,GPL20301,Blood cell culture,,10x 5',with TCR/VDJ,downloads/GSE241783/matrix/GSE241783_series_matrix.txt.gz,2
GSE241783,GSE241783,GSM7743548,GPL20301,Blood cell culture,,10x 5',with TCR/VDJ,downloads/GSE241783/matrix/GSE241783_series_matrix.txt.gz,3
GSE241783,GSE241783,GSM7743549,GPL20301,Blood cell culture,,10x 5',with TCR/VDJ,downloads/GSE241783/matrix/GSE241783_series_matrix.txt.gz,4
GSE241783,GSE241783,GSM7743550,GPL20301,Blood cell culture,,10x 5',with TCR/VDJ,downloads/GSE241783/matrix/GSE241783_series_matrix.txt.gz,5
GSE241783,GSE241783,GSM7743551,GPL20301,Blood cell culture,,10x 5',with TCR/VDJ,downloads/GSE241783/matrix/GSE241783_series_matrix.txt.gz,6
GSE241783,GSE241783,GSM7743552,GPL20301,Blood cell culture,,10x 5',with TCR/VDJ,downloads/GSE241783/matrix/GSE241783_series_matrix.txt.gz,7
GSE241783,GSE241783,GSM7743553,GPL20301,Blood cell culture,,10x 5',with TCR/VDJ,downloads/GSE241783/matrix/GSE241783_series_matrix.txt.gz,8
GSE241783,GSE241783,GSM7743554,GPL20301,Blood cell culture,,10x 5',with TCR/VDJ,downloads/GSE241783/matrix/GSE241783_series_matrix.txt.gz,9
GSE241783,GSE241783,GSM7743555,GPL20301,Blood cell culture,,10x 5',with TCR/VDJ,downloads/GSE241783/matrix/GSE241783_series_matrix.txt.gz,10
GSE241783,GSE241783,GSM7743556,GPL20301,Blood cell culture,,10x 5',with TCR/VDJ,downloads/GSE241783/matrix/GSE241783_series_matrix.txt.gz,11
GSE241783,GSE241783,GSM7743557,GPL20301,Blood cell culture,,10x 5',with TCR/VDJ,downloads/GSE241783/matrix/GSE241783_series_matrix.txt.gz,12
GSE241783,GSE241783,GSM7743558,GPL20301,Blood cell culture,,10x 5',with TCR/VDJ,downloads/GSE241783/matrix/GSE241783_series_matrix.txt.gz,13
GSE241783,GSE241783,GSM7743559,GPL20301,Blood cell culture,,10x 5',with TCR/VDJ,downloads/GSE241783/matrix/GSE241783_series_matrix.txt.gz,14
GSE241783,GSE241783,GSM7743560,GPL20301,Blood cell culture,,10x 5',with TCR/VDJ,downloads/GSE241783/matrix/GSE241783_series_matrix.txt.gz,15
GSE241783,GSE241783,GSM7743561,GPL20301,Blood cell culture,,10x 5',with TCR/VDJ,downloads/GSE241783/matrix/GSE241783_series_matrix.txt.gz,16
GSE241783,GSE241783,GSM7743562,GPL20301,Blood cell culture,,10x 5',with TCR/VDJ,downloads/GSE241783/matrix/GSE241783_series_matrix.txt.gz,17
GSE241783,GSE241783,GSM7743563,GPL20301,Blood cell culture,,10x 5',with TCR/VDJ,downloads/GSE241783/matrix/GSE241783_series_matrix.txt.gz,18
GSE241783,GSE241783,GSM7743564,GPL20301,Blood cell culture,,10x 5',with TCR/VDJ,downloads/GSE241783/matrix/GSE241783_series_matrix.txt.gz,19
GSE241783,GSE241783,GSM7743565,GPL20301,Blood cell culture,,10x 5',with TCR/VDJ,downloads/GSE241783/matrix/GSE241783_series_matrix.txt.gz,20
GSE241783,GSE241783,GSM7743566,GPL20301,Blood cell culture,,10x 5',with TCR/VDJ,downloads/GSE241783/matrix/GSE241783_series_matrix.txt.gz,21
GSE241783,GSE241783,GSM7743567,GPL20301,Blood cell culture,,10x 5',with TCR/VDJ,downloads/GSE241783/matrix/GSE241783_series_matrix.txt.gz,22
GSE241783,GSE241783,GSM7743568,GPL20301,Blood cell culture,,10x 5',with TCR/VDJ,downloads/GSE241783/matrix/GSE241783_series_matrix.txt.gz,23
GSE241783,GSE241783,GSM7743569,GPL20301,Blood cell culture,,10x 5',with TCR/VDJ,downloads/GSE241783/matrix/GSE241783_series_matrix.txt.gz,24
GSE241783,GSE241783,GSM7743570,GPL20301,Blood cell culture,,10x 5',with TCR/VDJ,downloads/GSE241783/matrix/GSE241783_series_matrix.txt.gz,25
GSE241783,GSE241783,GSM7743571,GPL20301,Blood cell culture,,10x 5',with TCR/VDJ,downloads/GSE241783/matrix/GSE241783_series_matrix.txt.gz,26
GSE241783,GSE241783,GSM7743572,GPL20301,Blood cell culture,,10x 5',with TCR/VDJ,downloads/GSE241783/matrix/GSE241783_series_matrix.txt.gz,27
GSE241783,GSE241783,GSM7743573,GPL20301,Blood cell culture,,10x 5',with TCR/VDJ,downloads/GSE241783/matrix/GSE241783_series_matrix.txt.gz,28
GSE241783,GSE241783,GSM7743574,GPL20301,Blood cell culture,,10x 5',with TCR/VDJ,downloads/GSE241783/matrix/GSE241783_series_matrix.txt.gz,29
GSE241783,GSE241783,GSM7743575,GPL20301,Blood cell culture,,10x 5',with TCR/VDJ,downloads/GSE241783/matrix/GSE241783_series_matrix.txt.gz,30
GSE241783,GSE241783,GSM7743576,GPL20301,Blood cell culture,,10x 5',with TCR/VDJ,downloads/GSE241783/matrix/GSE241783_series_matrix.txt.gz,31
GSE241783,GSE241783,GSM7743577,GPL20301,Blood cell culture,,10x 5',with TCR/VDJ,downloads/GSE241783/matrix/GSE241783_series_matrix.txt.gz,32
GSE241783,GSE241783,GSM7743578,GPL20301,Blood cell culture,,10x 5',with TCR/VDJ,downloads/GSE241783/matrix/GSE241783_series_matrix.txt.gz,33
GSE241783,GSE241783,GSM7743579,GPL20301,Blood cell culture,,10x 5',with TCR/VDJ,downloads/GSE241783/matrix/GSE241783_series_matrix.txt.gz,34
GSE241783,GSE241783,GSM7743580,GPL20301,Blood cell culture,,10x 5',with TCR/VDJ,downloads/GSE241783/matrix/GSE241783_series_matrix.txt.gz,35
GSE241783,GSE241783,GSM7743581,GPL20301,Blood cell culture,,10x 5',with TCR/VDJ,downloads/GSE241783/matrix/GSE241783_series_matrix.txt.gz,36
GSE241783,GSE241783,GSM7743582,GPL20301,Blood cell culture,,10x 5',with TCR/VDJ,downloads/GSE241783/matrix/GSE241783_series_matrix.txt.gz,37
GSE241783,GSE241783,GSM7743583,GPL20301,Blood cell culture,,10x 5',with TCR/VDJ,downloads/GSE241783/matrix/GSE241783_series_matrix.txt.gz,38
GSE241783,GSE241783,GSM7743584,GPL20301,Blood cell culture,,10x 5',with TCR/VDJ,downloads/GSE241783/matrix/GSE241783_series_matrix.txt.gz,39
GSE241783,GSE241783,GSM7743585,GPL20301,Blood cell culture,,10x 5',with TCR/VDJ,downloads/GSE241783/matrix/GSE241783_series_matrix.txt.gz,40
GSE241783,GSE241783,GSM7743586,GPL20301,Blood cell culture,,10x 5',with TCR/VDJ,downloads/GSE241783/matrix/GSE241783_series_matrix.txt.gz,41
GSE241783,GSE241783,GSM7743587,GPL20301,Blood cell culture,,10x 5',with TCR/VDJ,downloads/GSE241783/matrix/GSE241783_series_matrix.txt.gz,42
GSE241783,GSE241783,GSM7743588,GPL20301,Blood cell culture,,10x 5',with TCR/VDJ,downloads/GSE241783/matrix/GSE241783_series_matrix.txt.gz,43
GSE241783,GSE241783,GSM7743589,GPL20301,Blood cell culture,,10x 5',with TCR/VDJ,downloads/GSE241783/matrix/GSE241783_series_matrix.txt.gz,44
GSE241783,GSE241783,GSM7743590,GPL20301,Blood cell culture,,10x 5',with TCR/VDJ,downloads/GSE241783/matrix/GSE241783_series_matrix.txt.gz,45
GSE241783,GSE241783,GSM7743591,GPL20301,Blood cell culture,,10x 5',with TCR/VDJ,downloads/GSE241783/matrix/GSE241783_series_matrix.txt.gz,46
GSE241783,GSE241783,GSM7743592,GPL20301,Blood cell culture,,10x 5',with TCR/VDJ,downloads/GSE241783/matrix/GSE241783_series_matrix.txt.gz,47
GSE241783,GSE241783,GSM7743593,GPL20301,Blood cell culture,,10x 5',with TCR/VDJ,downloads/GSE241783/matrix/GSE241783_series_matrix.txt.gz,48
GSE241783,GSE241783,GSM7743594,GPL20301,Blood cell culture,,10x 5',with TCR/VDJ,downloads/GSE241783/matrix/GSE241783_series_matrix.txt.gz,49
GSE241783,GSE241783,GSM7743595,GPL20301,Blood cell culture,,10x 5',with TCR/VDJ,downloads/GSE241783/matrix/GSE241783_series_matrix.txt.gz,50
GSE241783,GSE241783,GSM7743596,GPL20301,Blood cell culture,,10x 5',with TCR/VDJ,downloads/GSE241783/matrix/GSE241783_series_matrix.txt.gz,51
GSE241783,GSE241783,GSM7743597,GPL20301,Blood cell culture,,10x 5',with TCR/VDJ,downloads/GSE241783/matrix/GSE241783_series_matrix.txt.gz,52
GSE241783,GSE241783,GSM7743598,GPL20301,Blood cell culture,,10x 5',with TCR/VDJ,downloads/GSE241783/matrix/GSE241783_series_matrix.txt.gz,53
GSE241783,GSE241783,GSM7743599,GPL20301,Blood cell culture,,10x 5',with TCR/VDJ,downloads/GSE241783/matrix/GSE241783_series_matrix.txt.gz,54
GSE241783,GSE241783,GSM7743600,GPL20301,Blood cell culture,,10x 5',with TCR/VDJ,downloads/GSE241783/matrix/GSE241783_series_matrix.txt.gz,55
GSE241783,GSE241783,GSM7743601,GPL20301,Blood cell culture,,10x 5',with TCR/VDJ,downloads/GSE241783/matrix/GSE241783_series_matrix.txt.gz,56
GSE241783,GSE241783,GSM7743602,GPL20301,Blood cell culture,,10x 5',with TCR/VDJ,downloads/GSE241783/matrix/GSE241783_series_matrix.txt.gz,57
GSE241783,GSE241783,GSM7743603,GPL20301,Blood cell culture,,10x 5',with TCR/VDJ,downloads/GSE241783/matrix/GSE241783_series_matrix.txt.gz,58
GSE241783,GSE241783,GSM7743604,GPL20301,Blood cell culture,,10x 5',with TCR/VDJ,downloads/GSE241783/matrix/GSE241783_series_matrix.txt.gz,59
GSE243572,GSE243572,GSM7791217,GPL24676,peripheral blood,"patient: SPFS_1_5, SPFS_1_10, SPFS_1_12, SPFS_1_17",10x 5',without TCR/VDJ,downloads/GSE243572/matrix/GSE243572_series_matrix.txt.gz,1
GSE243572,GSE243572,GSM7791218,GPL24676,peripheral blood,"patient: SPFS_1_5, SPFS_1_10, SPFS_1_12, SPFS_1_17",10x 5',without TCR/VDJ,downloads/GSE243572/matrix/GSE243572_series_matrix.txt.gz,2
GSE243572,GSE243572,GSM7791219,GPL24676,peripheral blood,"patient: SPFS_1_21, SPFS_1_23, SPFS_1_26, SPFS_3_2",10x 5',without TCR/VDJ,downloads/GSE243572/matrix/GSE243572_series_matrix.txt.gz,3
GSE243572,GSE243572,GSM7791220,GPL24676,peripheral blood,"patient: SPFS_1_21, SPFS_1_23, SPFS_1_26, SPFS_3_2",10x 5',without TCR/VDJ,downloads/GSE243572/matrix/GSE243572_series_matrix.txt.gz,4
GSE243572,GSE243572,GSM7791221,GPL24676,peripheral blood,"patient: SPFS_1_2, SPFS_1_27, SPFS_3_1, SPFS_3_5",10x 5',without TCR/VDJ,downloads/GSE243572/matrix/GSE243572_series_matrix.txt.gz,5
GSE243572,GSE243572,GSM7791222,GPL24676,peripheral blood,"patient: SPFS_1_2, SPFS_1_27, SPFS_3_1, SPFS_3_5",10x 5',without TCR/VDJ,downloads/GSE243572/matrix/GSE243572_series_matrix.txt.gz,6
GSE243572,GSE243572,GSM7791223,GPL24676,peripheral blood,"patient: SPFS_1_2, SPFS_1_27, SPFS_3_1, SPFS_3_5",10x 5',without TCR/VDJ,downloads/GSE243572/matrix/GSE243572_series_matrix.txt.gz,7
GSE243572,GSE243572,GSM7791224,GPL24676,peripheral blood,"patient: SPFS_1_2, SPFS_1_27, SPFS_3_1, SPFS_3_5",10x 5',without TCR/VDJ,downloads/GSE243572/matrix/GSE243572_series_matrix.txt.gz,8
GSE243572,GSE243572,GSM7791225,GPL24676,peripheral blood,"patient: SPFS_3_2, SPFS_3_4, SPFS_1_10, SPFS_1_26",10x 5',without TCR/VDJ,downloads/GSE243572/matrix/GSE243572_series_matrix.txt.gz,9
GSE243572,GSE243572,GSM7791226,GPL24676,peripheral blood,"patient: SPFS_3_2, SPFS_3_4, SPFS_1_10, SPFS_1_26",10x 5',without TCR/VDJ,downloads/GSE243572/matrix/GSE243572_series_matrix.txt.gz,10
GSE243572,GSE243572,GSM7791227,GPL24676,peripheral blood,"patient: SPFS_3_4, LPFS_1_28, LPFS_2_8, LPFS_3_6",10x 5',without TCR/VDJ,downloads/GSE243572/matrix/GSE243572_series_matrix.txt.gz,11
GSE243572,GSE243572,GSM7791228,GPL24676,peripheral blood,"patient: SPFS_3_4, LPFS_1_28, LPFS_2_8, LPFS_3_6",10x 5',without TCR/VDJ,downloads/GSE243572/matrix/GSE243572_series_matrix.txt.gz,12
GSE243572,GSE243572,GSM7791229,GPL24676,peripheral blood,"patient: SPFS_1_21, SPFS_3_7, LPFS_1_11, LPFS_1_6",10x 5',without TCR/VDJ,downloads/GSE243572/matrix/GSE243572_series_matrix.txt.gz,13
GSE243572,GSE243572,GSM7791230,GPL24676,peripheral blood,"patient: SPFS_1_21, SPFS_3_7, LPFS_1_11, LPFS_1_6",10x 5',without TCR/VDJ,downloads/GSE243572/matrix/GSE243572_series_matrix.txt.gz,14
GSE243572,GSE243572,GSM7791231,GPL24676,peripheral blood,"patient: LPFS_1_6, LPFS_1_11, LPFS_1_13, LPFS_1_19",10x 5',without TCR/VDJ,downloads/GSE243572/matrix/GSE243572_series_matrix.txt.gz,15
GSE243572,GSE243572,GSM7791232,GPL24676,peripheral blood,"patient: LPFS_1_6, LPFS_1_11, LPFS_1_13, LPFS_1_19",10x 5',without TCR/VDJ,downloads/GSE243572/matrix/GSE243572_series_matrix.txt.gz,16
GSE243572,GSE243572,GSM7791233,GPL24676,peripheral blood,"patient: LPFS_1_8, LPFS_1_18, LPFS_1_20, LPFS_3_8",10x 5',without TCR/VDJ,downloads/GSE243572/matrix/GSE243572_series_matrix.txt.gz,17
GSE243572,GSE243572,GSM7791234,GPL24676,peripheral blood,"patient: LPFS_1_8, LPFS_1_18, LPFS_1_20, LPFS_3_8",10x 5',without TCR/VDJ,downloads/GSE243572/matrix/GSE243572_series_matrix.txt.gz,18
GSE243572,GSE243572,GSM7791235,GPL24676,peripheral blood,"patient: LPFS_2_1, LPFS_2_2, LPFS_2_4, LPFS_2_6",10x 5',without TCR/VDJ,downloads/GSE243572/matrix/GSE243572_series_matrix.txt.gz,19
GSE243572,GSE243572,GSM7791236,GPL24676,peripheral blood,"patient: LPFS_2_1, LPFS_2_2, LPFS_2_4, LPFS_2_6",10x 5',without TCR/VDJ,downloads/GSE243572/matrix/GSE243572_series_matrix.txt.gz,20
GSE243572,GSE243572,GSM7791237,GPL24676,peripheral blood,"patient: LPFS_1_8, LPFS_1_18, LPFS_1_20, LPFS_3_8",10x 5',without TCR/VDJ,downloads/GSE243572/matrix/GSE243572_series_matrix.txt.gz,21
GSE243572,GSE243572,GSM7791238,GPL24676,peripheral blood,"patient: LPFS_1_8, LPFS_1_18, LPFS_1_20, LPFS_3_8",10x 5',without TCR/VDJ,downloads/GSE243572/matrix/GSE243572_series_matrix.txt.gz,22
GSE243572,GSE243572,GSM7791239,GPL24676,peripheral blood,"patient: LPFS_1_13, LPFS_1_19, LPFS_1_28, LPFS_2_4",10x 5',without TCR/VDJ,downloads/GSE243572/matrix/GSE243572_series_matrix.txt.gz,23
GSE243572,GSE243572,GSM7791240,GPL24676,peripheral blood,"patient: LPFS_1_13, LPFS_1_19, LPFS_1_28, LPFS_2_4",10x 5',without TCR/VDJ,downloads/GSE243572/matrix/GSE243572_series_matrix.txt.gz,24
GSE243572,GSE243572,GSM7791241,GPL24676,peripheral blood,patient: SPFS_1_2,10x 5',without TCR/VDJ,downloads/GSE243572/matrix/GSE243572_series_matrix.txt.gz,25
GSE243572,GSE243572,GSM7791242,GPL24676,peripheral blood,patient: SPFS_1_5,10x 5',without TCR/VDJ,downloads/GSE243572/matrix/GSE243572_series_matrix.txt.gz,26
GSE243572,GSE243572,GSM7791243,GPL24676,peripheral blood,patient: SPFS_1_10,10x 5',without TCR/VDJ,downloads/GSE243572/matrix/GSE243572_series_matrix.txt.gz,27
GSE243572,GSE243572,GSM7791244,GPL24676,peripheral blood,patient: SPFS_1_12,10x 5',without TCR/VDJ,downloads/GSE243572/matrix/GSE243572_series_matrix.txt.gz,28
GSE243572,GSE243572,GSM7791245,GPL24676,peripheral blood,patient: SPFS_1_17,10x 5',without TCR/VDJ,downloads/GSE243572/matrix/GSE243572_series_matrix.txt.gz,29
GSE243572,GSE243572,GSM7791246,GPL24676,peripheral blood,patient: SPFS_1_21,10x 5',without TCR/VDJ,downloads/GSE243572/matrix/GSE243572_series_matrix.txt.gz,30
GSE243572,GSE243572,GSM7791247,GPL24676,peripheral blood,patient: SPFS_1_23,10x 5',without TCR/VDJ,downloads/GSE243572/matrix/GSE243572_series_matrix.txt.gz,31
GSE243572,GSE243572,GSM7791248,GPL24676,peripheral blood,patient: SPFS_1_26,10x 5',without TCR/VDJ,downloads/GSE243572/matrix/GSE243572_series_matrix.txt.gz,32
GSE243572,GSE243572,GSM7791249,GPL24676,peripheral blood,patient: SPFS_1_27,10x 5',without TCR/VDJ,downloads/GSE243572/matrix/GSE243572_series_matrix.txt.gz,33
GSE243572,GSE243572,GSM7791250,GPL24676,peripheral blood,patient: SPFS_3_1,10x 5',without TCR/VDJ,downloads/GSE243572/matrix/GSE243572_series_matrix.txt.gz,34
GSE243572,GSE243572,GSM7791251,GPL24676,peripheral blood,patient: SPFS_3_2,10x 5',without TCR/VDJ,downloads/GSE243572/matrix/GSE243572_series_matrix.txt.gz,35
GSE243572,GSE243572,GSM7791252,GPL24676,peripheral blood,patient: SPFS_3_4,10x 5',without TCR/VDJ,downloads/GSE243572/matrix/GSE243572_series_matrix.txt.gz,36
GSE243572,GSE243572,GSM7791253,GPL24676,peripheral blood,patient: SPFS_3_5,10x 5',without TCR/VDJ,downloads/GSE243572/matrix/GSE243572_series_matrix.txt.gz,37
GSE243572,GSE243572,GSM7791254,GPL24676,peripheral blood,patient: SPFS_3_7,10x 5',without TCR/VDJ,downloads/GSE243572/matrix/GSE243572_series_matrix.txt.gz,38
GSE243572,GSE243572,GSM7791255,GPL24676,peripheral blood,patient: LPFS_1_6,10x 5',without TCR/VDJ,downloads/GSE243572/matrix/GSE243572_series_matrix.txt.gz,39
GSE243572,GSE243572,GSM7791256,GPL24676,peripheral blood,patient: LPFS_1_8,10x 5',without TCR/VDJ,downloads/GSE243572/matrix/GSE243572_series_matrix.txt.gz,40
GSE243572,GSE243572,GSM7791257,GPL24676,peripheral blood,patient: LPFS_1_11,10x 5',without TCR/VDJ,downloads/GSE243572/matrix/GSE243572_series_matrix.txt.gz,41
GSE243572,GSE243572,GSM7791258,GPL24676,peripheral blood,patient: LPFS_1_13,10x 5',without TCR/VDJ,downloads/GSE243572/matrix/GSE243572_series_matrix.txt.gz,42
GSE243572,GSE243572,GSM7791259,GPL24676,peripheral blood,patient: LPFS_1_18,10x 5',without TCR/VDJ,downloads/GSE243572/matrix/GSE243572_series_matrix.txt.gz,43
GSE243572,GSE243572,GSM7791260,GPL24676,peripheral blood,patient: LPFS_1_19,10x 5',without TCR/VDJ,downloads/GSE243572/matrix/GSE243572_series_matrix.txt.gz,44
GSE243572,GSE243572,GSM7791261,GPL24676,peripheral blood,patient: LPFS_1_20,10x 5',without TCR/VDJ,downloads/GSE243572/matrix/GSE243572_series_matrix.txt.gz,45
GSE243572,GSE243572,GSM7791262,GPL24676,peripheral blood,patient: LPFS_1_28,10x 5',without TCR/VDJ,downloads/GSE243572/matrix/GSE243572_series_matrix.txt.gz,46
GSE243572,GSE243572,GSM7791263,GPL24676,peripheral blood,patient: LPFS_2_1,10x 5',without TCR/VDJ,downloads/GSE243572/matrix/GSE243572_series_matrix.txt.gz,47
GSE243572,GSE243572,GSM7791264,GPL24676,peripheral blood,patient: LPFS_2_2,10x 5',without TCR/VDJ,downloads/GSE243572/matrix/GSE243572_series_matrix.txt.gz,48
GSE243572,GSE243572,GSM7791265,GPL24676,peripheral blood,patient: LPFS_2_4,10x 5',without TCR/VDJ,downloads/GSE243572/matrix/GSE243572_series_matrix.txt.gz,49
GSE243572,GSE243572,GSM7791266,GPL24676,peripheral blood,patient: LPFS_2_6,10x 5',without TCR/VDJ,downloads/GSE243572/matrix/GSE243572_series_matrix.txt.gz,50
GSE243572,GSE243572,GSM7791267,GPL24676,peripheral blood,patient: LPFS_2_8,10x 5',without TCR/VDJ,downloads/GSE243572/matrix/GSE243572_series_matrix.txt.gz,51
GSE243572,GSE243572,GSM7791268,GPL24676,peripheral blood,patient: LPFS_3_6,10x 5',without TCR/VDJ,downloads/GSE243572/matrix/GSE243572_series_matrix.txt.gz,52
GSE243572,GSE243572,GSM7791269,GPL24676,peripheral blood,patient: LPFS_3_8,10x 5',without TCR/VDJ,downloads/GSE243572/matrix/GSE243572_series_matrix.txt.gz,53
GSE243905,GSE243905,GSM7798067,GPL20301,PBMC,,10x 5',without TCR/VDJ,downloads/GSE243905/matrix/GSE243905_series_matrix.txt.gz,1
GSE243905,GSE243905,GSM7798068,GPL20301,PBMC,,10x 5',without TCR/VDJ,downloads/GSE243905/matrix/GSE243905_series_matrix.txt.gz,2
GSE243905,GSE243905,GSM7798069,GPL20301,CSF,,10x 5',without TCR/VDJ,downloads/GSE243905/matrix/GSE243905_series_matrix.txt.gz,3
GSE243905,GSE243905,GSM7798070,GPL20301,CSF,,10x 5',without TCR/VDJ,downloads/GSE243905/matrix/GSE243905_series_matrix.txt.gz,4
GSE243905,GSE243905,GSM7798071,GPL20301,PBMC,,10x 5',without TCR/VDJ,downloads/GSE243905/matrix/GSE243905_series_matrix.txt.gz,5
GSE243905,GSE243905,GSM7798072,GPL20301,PBMC,,10x 5',without TCR/VDJ,downloads/GSE243905/matrix/GSE243905_series_matrix.txt.gz,6
GSE243905,GSE243905,GSM7798073,GPL20301,PBMC,,10x 5',without TCR/VDJ,downloads/GSE243905/matrix/GSE243905_series_matrix.txt.gz,7
GSE243905,GSE243905,GSM7798074,GPL20301,PBMC,,10x 5',without TCR/VDJ,downloads/GSE243905/matrix/GSE243905_series_matrix.txt.gz,8
GSE243905,GSE243905,GSM7798075,GPL20301,CSF,,10x 5',without TCR/VDJ,downloads/GSE243905/matrix/GSE243905_series_matrix.txt.gz,9
GSE243905,GSE243905,GSM7798076,GPL20301,CSF,,10x 5',without TCR/VDJ,downloads/GSE243905/matrix/GSE243905_series_matrix.txt.gz,10
GSE243905,GSE243905,GSM7798077,GPL20301,PBMC,,10x 5',without TCR/VDJ,downloads/GSE243905/matrix/GSE243905_series_matrix.txt.gz,11
GSE243905,GSE243905,GSM7798078,GPL20301,PBMC,,10x 5',without TCR/VDJ,downloads/GSE243905/matrix/GSE243905_series_matrix.txt.gz,12
GSE243905,GSE243905,GSM7798079,GPL20301,PBMC,,10x 5',without TCR/VDJ,downloads/GSE243905/matrix/GSE243905_series_matrix.txt.gz,13
GSE243905,GSE243905,GSM7798080,GPL20301,PBMC,,10x 5',without TCR/VDJ,downloads/GSE243905/matrix/GSE243905_series_matrix.txt.gz,14
GSE243905,GSE243905,GSM7798081,GPL20301,CSF,,10x 5',without TCR/VDJ,downloads/GSE243905/matrix/GSE243905_series_matrix.txt.gz,15
GSE243905,GSE243905,GSM7798082,GPL20301,CSF,,10x 5',without TCR/VDJ,downloads/GSE243905/matrix/GSE243905_series_matrix.txt.gz,16
GSE243905,GSE243905,GSM7798083,GPL20301,PBMC,,10x 5',without TCR/VDJ,downloads/GSE243905/matrix/GSE243905_series_matrix.txt.gz,17
GSE243905,GSE243905,GSM7798084,GPL20301,PBMC,,10x 5',without TCR/VDJ,downloads/GSE243905/matrix/GSE243905_series_matrix.txt.gz,18
GSE243905,GSE243905,GSM7798085,GPL20301,PBMC,,10x 5',without TCR/VDJ,downloads/GSE243905/matrix/GSE243905_series_matrix.txt.gz,19
GSE243905,GSE243905,GSM7798086,GPL20301,PBMC,,10x 5',without TCR/VDJ,downloads/GSE243905/matrix/GSE243905_series_matrix.txt.gz,20
GSE243905,GSE243905,GSM7798087,GPL20301,CSF,,10x 5',without TCR/VDJ,downloads/GSE243905/matrix/GSE243905_series_matrix.txt.gz,21
GSE243905,GSE243905,GSM7798088,GPL20301,CSF,,10x 5',without TCR/VDJ,downloads/GSE243905/matrix/GSE243905_series_matrix.txt.gz,22
GSE243905,GSE243905,GSM7798089,GPL20301,PBMC,,10x 5',without TCR/VDJ,downloads/GSE243905/matrix/GSE243905_series_matrix.txt.gz,23
GSE243905,GSE243905,GSM7798090,GPL20301,PBMC,,10x 5',without TCR/VDJ,downloads/GSE243905/matrix/GSE243905_series_matrix.txt.gz,24
GSE243905,GSE243905,GSM7798091,GPL20301,CSF,,10x 5',without TCR/VDJ,downloads/GSE243905/matrix/GSE243905_series_matrix.txt.gz,25
GSE243905,GSE243905,GSM7798092,GPL20301,CSF,,10x 5',without TCR/VDJ,downloads/GSE243905/matrix/GSE243905_series_matrix.txt.gz,26
GSE243905,GSE243905,GSM7798093,GPL20301,PBMC,,10x 5',without TCR/VDJ,downloads/GSE243905/matrix/GSE243905_series_matrix.txt.gz,27
GSE243905,GSE243905,GSM7798094,GPL20301,PBMC,,10x 5',without TCR/VDJ,downloads/GSE243905/matrix/GSE243905_series_matrix.txt.gz,28
GSE243905,GSE243905,GSM7798095,GPL20301,CSF,,10x 5',without TCR/VDJ,downloads/GSE243905/matrix/GSE243905_series_matrix.txt.gz,29
GSE243905,GSE243905,GSM7798096,GPL20301,CSF,,10x 5',without TCR/VDJ,downloads/GSE243905/matrix/GSE243905_series_matrix.txt.gz,30
GSE243905,GSE243905,GSM7798097,GPL20301,PBMC,,10x 5',without TCR/VDJ,downloads/GSE243905/matrix/GSE243905_series_matrix.txt.gz,31
GSE243905,GSE243905,GSM7798098,GPL20301,PBMC,,10x 5',without TCR/VDJ,downloads/GSE243905/matrix/GSE243905_series_matrix.txt.gz,32
GSE243905,GSE243905,GSM7798099,GPL20301,CSF,,10x 5',without TCR/VDJ,downloads/GSE243905/matrix/GSE243905_series_matrix.txt.gz,33
GSE243905,GSE243905,GSM7798100,GPL20301,CSF,,10x 5',without TCR/VDJ,downloads/GSE243905/matrix/GSE243905_series_matrix.txt.gz,34
GSE243905,GSE243905,GSM7798101,GPL20301,PBMC,,10x 5',without TCR/VDJ,downloads/GSE243905/matrix/GSE243905_series_matrix.txt.gz,35
GSE243905,GSE243905,GSM7798102,GPL20301,PBMC,,10x 5',without TCR/VDJ,downloads/GSE243905/matrix/GSE243905_series_matrix.txt.gz,36
GSE243905,GSE243905,GSM7798103,GPL20301,CSF,,10x 5',without TCR/VDJ,downloads/GSE243905/matrix/GSE243905_series_matrix.txt.gz,37
GSE243905,GSE243905,GSM7798104,GPL20301,CSF,,10x 5',without TCR/VDJ,downloads/GSE243905/matrix/GSE243905_series_matrix.txt.gz,38
GSE243905,GSE243905,GSM7798105,GPL20301,PBMC,,10x 5',without TCR/VDJ,downloads/GSE243905/matrix/GSE243905_series_matrix.txt.gz,39
GSE243905,GSE243905,GSM7798106,GPL20301,PBMC,,10x 5',without TCR/VDJ,downloads/GSE243905/matrix/GSE243905_series_matrix.txt.gz,40
GSE243905,GSE243905,GSM7798107,GPL20301,PBMC,,10x 5',without TCR/VDJ,downloads/GSE243905/matrix/GSE243905_series_matrix.txt.gz,41
GSE243905,GSE243905,GSM7798108,GPL20301,PBMC,,10x 5',without TCR/VDJ,downloads/GSE243905/matrix/GSE243905_series_matrix.txt.gz,42
GSE243905,GSE243905,GSM7798109,GPL20301,CSF,,10x 5',without TCR/VDJ,downloads/GSE243905/matrix/GSE243905_series_matrix.txt.gz,43
GSE243905,GSE243905,GSM7798110,GPL20301,CSF,,10x 5',without TCR/VDJ,downloads/GSE243905/matrix/GSE243905_series_matrix.txt.gz,44
GSE243905,GSE243905,GSM7798111,GPL20301,PBMC,,10x 5',without TCR/VDJ,downloads/GSE243905/matrix/GSE243905_series_matrix.txt.gz,45
GSE243905,GSE243905,GSM7798112,GPL20301,PBMC,,10x 5',without TCR/VDJ,downloads/GSE243905/matrix/GSE243905_series_matrix.txt.gz,46
GSE243905,GSE243905,GSM7798113,GPL20301,PBMC,,10x 5',without TCR/VDJ,downloads/GSE243905/matrix/GSE243905_series_matrix.txt.gz,47
GSE243905,GSE243905,GSM7798114,GPL20301,PBMC,,10x 5',without TCR/VDJ,downloads/GSE243905/matrix/GSE243905_series_matrix.txt.gz,48
GSE243905,GSE243905,GSM7798115,GPL20301,PBMC,,10x 5',without TCR/VDJ,downloads/GSE243905/matrix/GSE243905_series_matrix.txt.gz,49
GSE243905,GSE243905,GSM7798116,GPL20301,PBMC,,10x 5',without TCR/VDJ,downloads/GSE243905/matrix/GSE243905_series_matrix.txt.gz,50
GSE243905,GSE243905,GSM7798117,GPL20301,CSF,,10x 5',without TCR/VDJ,downloads/GSE243905/matrix/GSE243905_series_matrix.txt.gz,51
GSE243905,GSE243905,GSM7798118,GPL20301,CSF,,10x 5',without TCR/VDJ,downloads/GSE243905/matrix/GSE243905_series_matrix.txt.gz,52
GSE243905,GSE243905,GSM7798119,GPL20301,PBMC,,10x 5',without TCR/VDJ,downloads/GSE243905/matrix/GSE243905_series_matrix.txt.gz,53
GSE243905,GSE243905,GSM7798120,GPL20301,PBMC,,10x 5',without TCR/VDJ,downloads/GSE243905/matrix/GSE243905_series_matrix.txt.gz,54
GSE243905,GSE243905,GSM7798121,GPL20301,PBMC,,10x 5',without TCR/VDJ,downloads/GSE243905/matrix/GSE243905_series_matrix.txt.gz,55
GSE243905,GSE243905,GSM7798122,GPL20301,PBMC,,10x 5',without TCR/VDJ,downloads/GSE243905/matrix/GSE243905_series_matrix.txt.gz,56
GSE243905,GSE243905,GSM7798123,GPL20301,PBMC,,10x 5',without TCR/VDJ,downloads/GSE243905/matrix/GSE243905_series_matrix.txt.gz,57
GSE243905,GSE243905,GSM7798124,GPL20301,PBMC,,10x 5',without TCR/VDJ,downloads/GSE243905/matrix/GSE243905_series_matrix.txt.gz,58
GSE243905,GSE243905,GSM7798125,GPL20301,CSF,,10x 5',without TCR/VDJ,downloads/GSE243905/matrix/GSE243905_series_matrix.txt.gz,59
GSE243905,GSE243905,GSM7798126,GPL20301,CSF,,10x 5',without TCR/VDJ,downloads/GSE243905/matrix/GSE243905_series_matrix.txt.gz,60
GSE243905,GSE243905,GSM7798127,GPL20301,PBMC,,10x 5',without TCR/VDJ,downloads/GSE243905/matrix/GSE243905_series_matrix.txt.gz,61
GSE243905,GSE243905,GSM7798128,GPL20301,PBMC,,10x 5',without TCR/VDJ,downloads/GSE243905/matrix/GSE243905_series_matrix.txt.gz,62
GSE243905,GSE243905,GSM7798129,GPL20301,PBMC,,10x 5',without TCR/VDJ,downloads/GSE243905/matrix/GSE243905_series_matrix.txt.gz,63
GSE243905,GSE243905,GSM7798130,GPL20301,PBMC,,10x 5',without TCR/VDJ,downloads/GSE243905/matrix/GSE243905_series_matrix.txt.gz,64
GSE243905,GSE243905,GSM7798131,GPL20301,PBMC,,10x 5',without TCR/VDJ,downloads/GSE243905/matrix/GSE243905_series_matrix.txt.gz,65
GSE243905,GSE243905,GSM7798132,GPL20301,PBMC,,10x 5',without TCR/VDJ,downloads/GSE243905/matrix/GSE243905_series_matrix.txt.gz,66
GSE243905,GSE243905,GSM7798133,GPL20301,CSF,,10x 5',without TCR/VDJ,downloads/GSE243905/matrix/GSE243905_series_matrix.txt.gz,67
GSE243905,GSE243905,GSM7798134,GPL20301,CSF,,10x 5',without TCR/VDJ,downloads/GSE243905/matrix/GSE243905_series_matrix.txt.gz,68
GSE243905,GSE243905,GSM7798135,GPL20301,PBMC,,10x 5',without TCR/VDJ,downloads/GSE243905/matrix/GSE243905_series_matrix.txt.gz,69
GSE243905,GSE243905,GSM7798136,GPL20301,PBMC,,10x 5',without TCR/VDJ,downloads/GSE243905/matrix/GSE243905_series_matrix.txt.gz,70
GSE243905,GSE243905,GSM7798137,GPL20301,PBMC,,10x 5',without TCR/VDJ,downloads/GSE243905/matrix/GSE243905_series_matrix.txt.gz,71
GSE243905,GSE243905,GSM7798138,GPL20301,PBMC,,10x 5',without TCR/VDJ,downloads/GSE243905/matrix/GSE243905_series_matrix.txt.gz,72
GSE243905,GSE243905,GSM7798139,GPL20301,PBMC,,10x 5',without TCR/VDJ,downloads/GSE243905/matrix/GSE243905_series_matrix.txt.gz,73
GSE243905,GSE243905,GSM7798140,GPL20301,PBMC,,10x 5',without TCR/VDJ,downloads/GSE243905/matrix/GSE243905_series_matrix.txt.gz,74
GSE243905,GSE243905,GSM7798141,GPL20301,CSF,,10x 5',without TCR/VDJ,downloads/GSE243905/matrix/GSE243905_series_matrix.txt.gz,75
GSE243905,GSE243905,GSM7798142,GPL20301,CSF,,10x 5',without TCR/VDJ,downloads/GSE243905/matrix/GSE243905_series_matrix.txt.gz,76
GSE243905,GSE243905,GSM7798143,GPL20301,PBMC,,10x 5',without TCR/VDJ,downloads/GSE243905/matrix/GSE243905_series_matrix.txt.gz,77
GSE243905,GSE243905,GSM7798144,GPL20301,PBMC,,10x 5',without TCR/VDJ,downloads/GSE243905/matrix/GSE243905_series_matrix.txt.gz,78
GSE243905,GSE243905,GSM7798145,GPL20301,PBMC,,10x 5',without TCR/VDJ,downloads/GSE243905/matrix/GSE243905_series_matrix.txt.gz,79
GSE243905,GSE243905,GSM7798146,GPL20301,PBMC,,10x 5',without TCR/VDJ,downloads/GSE243905/matrix/GSE243905_series_matrix.txt.gz,80
GSE243905,GSE243905,GSM7798147,GPL20301,CSF,,10x 5',without TCR/VDJ,downloads/GSE243905/matrix/GSE243905_series_matrix.txt.gz,81
GSE243905,GSE243905,GSM7798148,GPL20301,CSF,,10x 5',without TCR/VDJ,downloads/GSE243905/matrix/GSE243905_series_matrix.txt.gz,82
GSE252762,GSE252762,GSM8006467,GPL24676,Duodenum (Second part); tissue: Duodenum (Second part),,10x 5',with TCR/VDJ,downloads/GSE252762/matrix/GSE252762-GPL24676_series_matrix.txt.gz,1
GSE252762,GSE252762,GSM8006468,GPL18573,Duodenum (Second part); tissue: Duodenum (Second part),,10x 5',with TCR/VDJ,downloads/GSE252762/matrix/GSE252762-GPL18573_series_matrix.txt.gz,1
GSE252762,GSE252762,GSM8006469,GPL18573,Duodenum (Second part); tissue: Duodenum (Second part),,10x 5',with TCR/VDJ,downloads/GSE252762/matrix/GSE252762-GPL18573_series_matrix.txt.gz,2
GSE252762,GSE252762,GSM8006470,GPL18573,Duodenum (Second part); tissue: Duodenum (Second part),,10x 5',with TCR/VDJ,downloads/GSE252762/matrix/GSE252762-GPL18573_series_matrix.txt.gz,3
GSE252762,GSE252762,GSM8006471,GPL18573,Duodenum (Second part); tissue: Duodenum (Second part),,10x (unspecified),with TCR/VDJ,downloads/GSE252762/matrix/GSE252762-GPL18573_series_matrix.txt.gz,4
GSE252762,GSE252762,GSM8006472,GPL18573,Duodenum (Second part); tissue: Duodenum (Second part),,10x (unspecified),with TCR/VDJ,downloads/GSE252762/matrix/GSE252762-GPL18573_series_matrix.txt.gz,5
GSE252762,GSE252762,GSM8006473,GPL18573,Duodenum (Second part) / PBMC; tissue: Duodenum (Second part) / PBMC,,10x 5',with TCR/VDJ,downloads/GSE252762/matrix/GSE252762-GPL18573_series_matrix.txt.gz,6
GSE252762,GSE252762,GSM8006474,GPL18573,Duodenum (Second part) / PBMC; tissue: Duodenum (Second part) / PBMC,,10x 5',with TCR/VDJ,downloads/GSE252762/matrix/GSE252762-GPL18573_series_matrix.txt.gz,7
GSE252762,GSE252762,GSM8006475,GPL18573,Duodenum (Second part); tissue: Duodenum (Second part),,10x 5',with TCR/VDJ,downloads/GSE252762/matrix/GSE252762-GPL18573_series_matrix.txt.gz,8
GSE252762,GSE252762,GSM8006476,GPL18573,Duodenum (Second part); tissue: Duodenum (Second part),,10x 5',with TCR/VDJ,downloads/GSE252762/matrix/GSE252762-GPL18573_series_matrix.txt.gz,9
GSE252762,GSE252762,GSM8006477,GPL24676,Duodenum (Second part); tissue: Duodenum (Second part),,10x 5',with TCR/VDJ,downloads/GSE252762/matrix/GSE252762-GPL24676_series_matrix.txt.gz,2
GSE252762,GSE252762,GSM8006478,GPL18573,Duodenum (Second part); tissue: Duodenum (Second part),,10x 5',with TCR/VDJ,downloads/GSE252762/matrix/GSE252762-GPL18573_series_matrix.txt.gz,10
GSE252762,GSE252762,GSM8006479,GPL18573,PBMC; tissue: PBMC,,10x 5',with TCR/VDJ,downloads/GSE252762/matrix/GSE252762-GPL18573_series_matrix.txt.gz,11
GSE252762,GSE252762,GSM8006480,GPL18573,Duodenum (Second part); tissue: Duodenum (Second part),,10x 5',with TCR/VDJ,downloads/GSE252762/matrix/GSE252762-GPL18573_series_matrix.txt.gz,12
GSE252762,GSE252762,GSM8006481,GPL18573,Duodenum (Second part); tissue: Duodenum (Second part),,10x 5',with TCR/VDJ,downloads/GSE252762/matrix/GSE252762-GPL18573_series_matrix.txt.gz,13
GSE254176,GSE254176,GSM8035466,GPL24676,Peripheral blood mononuclear cell,,10x 5',with TCR/VDJ,downloads/GSE254176/matrix/GSE254176-GPL24676_series_matrix.txt.gz,1
GSE254176,GSE254176,GSM8035467,GPL24676,Peripheral blood mononuclear cell,,10x 5',with TCR/VDJ,downloads/GSE254176/matrix/GSE254176-GPL24676_series_matrix.txt.gz,2
GSE254176,GSE254176,GSM8035468,GPL24676,Peripheral blood mononuclear cell,,10x 5',with TCR/VDJ,downloads/GSE254176/matrix/GSE254176-GPL24676_series_matrix.txt.gz,3
GSE254176,GSE254176,GSM8035469,GPL24676,Peripheral blood mononuclear cell,,10x 5',with TCR/VDJ,downloads/GSE254176/matrix/GSE254176-GPL24676_series_matrix.txt.gz,4
GSE254176,GSE254176,GSM8035470,GPL24676,Peripheral blood mononuclear cell,,10x 5',with TCR/VDJ,downloads/GSE254176/matrix/GSE254176-GPL24676_series_matrix.txt.gz,5
GSE254176,GSE254176,GSM8035471,GPL24676,Peripheral blood mononuclear cell,,10x 5',with TCR/VDJ,downloads/GSE254176/matrix/GSE254176-GPL24676_series_matrix.txt.gz,6
GSE254176,GSE254176,GSM8035472,GPL24676,Peripheral blood mononuclear cell,,10x 5',with TCR/VDJ,downloads/GSE254176/matrix/GSE254176-GPL24676_series_matrix.txt.gz,7
GSE254176,GSE254176,GSM8035473,GPL24676,Peripheral blood mononuclear cell,,10x 5',with TCR/VDJ,downloads/GSE254176/matrix/GSE254176-GPL24676_series_matrix.txt.gz,8
GSE254176,GSE254176,GSM8035474,GPL24676,Peripheral blood mononuclear cell,,10x 5',with TCR/VDJ,downloads/GSE254176/matrix/GSE254176-GPL24676_series_matrix.txt.gz,9
GSE254176,GSE254176,GSM8035475,GPL24676,Peripheral blood mononuclear cell,,10x 5',with TCR/VDJ,downloads/GSE254176/matrix/GSE254176-GPL24676_series_matrix.txt.gz,10
GSE254176,GSE254176,GSM8035476,GPL24676,Peripheral blood mononuclear cell,,10x 5',with TCR/VDJ,downloads/GSE254176/matrix/GSE254176-GPL24676_series_matrix.txt.gz,11
GSE254176,GSE254176,GSM8035477,GPL24676,Peripheral blood mononuclear cell,,10x 5',with TCR/VDJ,downloads/GSE254176/matrix/GSE254176-GPL24676_series_matrix.txt.gz,12
GSE254176,GSE254176,GSM8035478,GPL24676,Peripheral blood mononuclear cell,,10x 5',with TCR/VDJ,downloads/GSE254176/matrix/GSE254176-GPL24676_series_matrix.txt.gz,13
GSE254176,GSE254176,GSM8035479,GPL24676,Peripheral blood mononuclear cell,,10x 5',with TCR/VDJ,downloads/GSE254176/matrix/GSE254176-GPL24676_series_matrix.txt.gz,14
GSE254176,GSE254176,GSM8035480,GPL24676,Peripheral blood mononuclear cell,,10x 5',with TCR/VDJ,downloads/GSE254176/matrix/GSE254176-GPL24676_series_matrix.txt.gz,15
GSE254176,GSE254176,GSM8035481,GPL24676,Peripheral blood mononuclear cell,,10x 5',with TCR/VDJ,downloads/GSE254176/matrix/GSE254176-GPL24676_series_matrix.txt.gz,16
GSE254176,GSE254176,GSM8035482,GPL24676,Peripheral blood mononuclear cell,,10x 5',with TCR/VDJ,downloads/GSE254176/matrix/GSE254176-GPL24676_series_matrix.txt.gz,17
GSE254176,GSE254176,GSM8035483,GPL18573,Peripheral blood mononuclear cell,,10x 5',with TCR/VDJ,downloads/GSE254176/matrix/GSE254176-GPL18573_series_matrix.txt.gz,1
GSE254176,GSE254176,GSM8035484,GPL18573,Peripheral blood mononuclear cell,,10x 5',with TCR/VDJ,downloads/GSE254176/matrix/GSE254176-GPL18573_series_matrix.txt.gz,2
GSE254176,GSE254176,GSM8035485,GPL24676,Peripheral blood mononuclear cell,,10x 5',with TCR/VDJ,downloads/GSE254176/matrix/GSE254176-GPL24676_series_matrix.txt.gz,18
GSE254176,GSE254176,GSM8035486,GPL24676,Peripheral blood mononuclear cell,,10x 5',with TCR/VDJ,downloads/GSE254176/matrix/GSE254176-GPL24676_series_matrix.txt.gz,19
GSE254176,GSE254176,GSM8035487,GPL24676,Peripheral blood mononuclear cell,,10x 5',with TCR/VDJ,downloads/GSE254176/matrix/GSE254176-GPL24676_series_matrix.txt.gz,20
GSE254176,GSE254176,GSM8035488,GPL24676,Peripheral blood mononuclear cell,,10x 5',with TCR/VDJ,downloads/GSE254176/matrix/GSE254176-GPL24676_series_matrix.txt.gz,21
GSE254176,GSE254176,GSM8035489,GPL24676,Peripheral blood mononuclear cell,,10x 5',with TCR/VDJ,downloads/GSE254176/matrix/GSE254176-GPL24676_series_matrix.txt.gz,22
GSE254176,GSE254176,GSM8035490,GPL24676,Peripheral blood mononuclear cell,,10x 5',with TCR/VDJ,downloads/GSE254176/matrix/GSE254176-GPL24676_series_matrix.txt.gz,23
GSE254176,GSE254176,GSM8035491,GPL24676,Peripheral blood mononuclear cell,,10x 5',with TCR/VDJ,downloads/GSE254176/matrix/GSE254176-GPL24676_series_matrix.txt.gz,24
GSE254176,GSE254176,GSM8035492,GPL24676,Peripheral blood mononuclear cell,,10x 5',with TCR/VDJ,downloads/GSE254176/matrix/GSE254176-GPL24676_series_matrix.txt.gz,25
GSE254176,GSE254176,GSM8035493,GPL24676,Peripheral blood mononuclear cell,,10x 5',with TCR/VDJ,downloads/GSE254176/matrix/GSE254176-GPL24676_series_matrix.txt.gz,26
GSE254176,GSE254176,GSM8035494,GPL24676,Peripheral blood mononuclear cell,,10x 5',with TCR/VDJ,downloads/GSE254176/matrix/GSE254176-GPL24676_series_matrix.txt.gz,27
GSE254176,GSE254176,GSM8035495,GPL24676,Peripheral blood mononuclear cell,,10x 5',with TCR/VDJ,downloads/GSE254176/matrix/GSE254176-GPL24676_series_matrix.txt.gz,28
GSE254176,GSE254176,GSM8035496,GPL24676,Peripheral blood mononuclear cell,,10x 5',with TCR/VDJ,downloads/GSE254176/matrix/GSE254176-GPL24676_series_matrix.txt.gz,29
GSE254176,GSE254176,GSM8035497,GPL24676,Peripheral blood mononuclear cell,,10x 5',with TCR/VDJ,downloads/GSE254176/matrix/GSE254176-GPL24676_series_matrix.txt.gz,30
GSE254176,GSE254176,GSM8035498,GPL24676,Peripheral blood mononuclear cell,,10x 5',with TCR/VDJ,downloads/GSE254176/matrix/GSE254176-GPL24676_series_matrix.txt.gz,31
GSE254176,GSE254176,GSM8035499,GPL24676,Peripheral blood mononuclear cell,,10x 5',with TCR/VDJ,downloads/GSE254176/matrix/GSE254176-GPL24676_series_matrix.txt.gz,32
GSE254176,GSE254176,GSM8035500,GPL24676,Peripheral blood mononuclear cell,,10x 5',with TCR/VDJ,downloads/GSE254176/matrix/GSE254176-GPL24676_series_matrix.txt.gz,33
GSE254176,GSE254176,GSM8035501,GPL24676,Peripheral blood mononuclear cell,,10x 5',with TCR/VDJ,downloads/GSE254176/matrix/GSE254176-GPL24676_series_matrix.txt.gz,34
GSE254176,GSE254176,GSM8035502,GPL18573,Peripheral blood mononuclear cell,,10x 5',with TCR/VDJ,downloads/GSE254176/matrix/GSE254176-GPL18573_series_matrix.txt.gz,3
GSE254176,GSE254176,GSM8035503,GPL18573,Peripheral blood mononuclear cell,,10x 5',with TCR/VDJ,downloads/GSE254176/matrix/GSE254176-GPL18573_series_matrix.txt.gz,4
GSE254176,GSE254176,GSM8035504,GPL24676,Peripheral blood mononuclear cell,,10x 5',with TCR/VDJ,downloads/GSE254176/matrix/GSE254176-GPL24676_series_matrix.txt.gz,35
GSE254176,GSE254176,GSM8035505,GPL24676,Peripheral blood mononuclear cell,,10x 5',with TCR/VDJ,downloads/GSE254176/matrix/GSE254176-GPL24676_series_matrix.txt.gz,36
GSE254176,GSE254176,GSM8035506,GPL24676,Peripheral blood mononuclear cell,,10x 5',with TCR/VDJ,downloads/GSE254176/matrix/GSE254176-GPL24676_series_matrix.txt.gz,37
GSE254176,GSE254176,GSM8035507,GPL24676,Peripheral blood mononuclear cell,,10x 5',with TCR/VDJ,downloads/GSE254176/matrix/GSE254176-GPL24676_series_matrix.txt.gz,38
GSE254176,GSE254176,GSM8035508,GPL24676,Peripheral blood mononuclear cell,,10x 5',with TCR/VDJ,downloads/GSE254176/matrix/GSE254176-GPL24676_series_matrix.txt.gz,39
GSE254176,GSE254176,GSM8035509,GPL24676,Peripheral blood mononuclear cell,,10x 5',with TCR/VDJ,downloads/GSE254176/matrix/GSE254176-GPL24676_series_matrix.txt.gz,40
GSE254176,GSE254176,GSM8035510,GPL24676,Peripheral blood mononuclear cell,,10x 5',with TCR/VDJ,downloads/GSE254176/matrix/GSE254176-GPL24676_series_matrix.txt.gz,41
GSE254176,GSE254176,GSM8035511,GPL24676,Peripheral blood mononuclear cell,,10x 5',with TCR/VDJ,downloads/GSE254176/matrix/GSE254176-GPL24676_series_matrix.txt.gz,42
GSE254176,GSE254176,GSM8035512,GPL24676,Peripheral blood mononuclear cell,,10x 5',with TCR/VDJ,downloads/GSE254176/matrix/GSE254176-GPL24676_series_matrix.txt.gz,43
GSE254176,GSE254176,GSM8035513,GPL24676,Peripheral blood mononuclear cell,,10x 5',with TCR/VDJ,downloads/GSE254176/matrix/GSE254176-GPL24676_series_matrix.txt.gz,44
GSE254176,GSE254176,GSM8035514,GPL24676,Peripheral blood mononuclear cell,,10x 5',with TCR/VDJ,downloads/GSE254176/matrix/GSE254176-GPL24676_series_matrix.txt.gz,45
GSE254176,GSE254176,GSM8035515,GPL24676,Peripheral blood mononuclear cell,,10x 5',with TCR/VDJ,downloads/GSE254176/matrix/GSE254176-GPL24676_series_matrix.txt.gz,46
GSE254176,GSE254176,GSM8035516,GPL24676,Peripheral blood mononuclear cell,,10x 5',with TCR/VDJ,downloads/GSE254176/matrix/GSE254176-GPL24676_series_matrix.txt.gz,47
GSE254176,GSE254176,GSM8035517,GPL24676,Peripheral blood mononuclear cell,,10x 5',with TCR/VDJ,downloads/GSE254176/matrix/GSE254176-GPL24676_series_matrix.txt.gz,48
GSE254176,GSE254176,GSM8035518,GPL24676,Peripheral blood mononuclear cell,,10x 5',with TCR/VDJ,downloads/GSE254176/matrix/GSE254176-GPL24676_series_matrix.txt.gz,49
GSE254176,GSE254176,GSM8035519,GPL24676,Peripheral blood mononuclear cell,,10x 5',with TCR/VDJ,downloads/GSE254176/matrix/GSE254176-GPL24676_series_matrix.txt.gz,50
GSE254176,GSE254176,GSM8035520,GPL24676,Peripheral blood mononuclear cell,,10x 5',with TCR/VDJ,downloads/GSE254176/matrix/GSE254176-GPL24676_series_matrix.txt.gz,51
GSE254176,GSE254176,GSM8035521,GPL18573,Peripheral blood mononuclear cell,,10x 5',with TCR/VDJ,downloads/GSE254176/matrix/GSE254176-GPL18573_series_matrix.txt.gz,5
GSE254176,GSE254176,GSM8035522,GPL18573,Peripheral blood mononuclear cell,,10x 5',with TCR/VDJ,downloads/GSE254176/matrix/GSE254176-GPL18573_series_matrix.txt.gz,6
GSE254249,GSE254249,GSM8036530,GPL30173,colorectum; tissue: colorectum,,10x 5',without TCR/VDJ,downloads/GSE254249/matrix/GSE254249-GPL30173_series_matrix.txt.gz,1
GSE254249,GSE254249,GSM8036531,GPL30173,colorectum; tissue: colorectum,,10x 5',without TCR/VDJ,downloads/GSE254249/matrix/GSE254249-GPL30173_series_matrix.txt.gz,2
GSE254249,GSE254249,GSM8036532,GPL30209,colorectum; tissue: colorectum,,10x 5',without TCR/VDJ,downloads/GSE254249/matrix/GSE254249-GPL30209_series_matrix.txt.gz,1
GSE254249,GSE254249,GSM8036533,GPL30209,colorectum; tissue: colorectum,,10x 5',without TCR/VDJ,downloads/GSE254249/matrix/GSE254249-GPL30209_series_matrix.txt.gz,2
GSE254249,GSE254249,GSM8036534,GPL30209,colorectum; tissue: colorectum,,10x 5',without TCR/VDJ,downloads/GSE254249/matrix/GSE254249-GPL30209_series_matrix.txt.gz,3
GSE254249,GSE254249,GSM8036535,GPL30209,colorectum; tissue: colorectum,,10x 5',without TCR/VDJ,downloads/GSE254249/matrix/GSE254249-GPL30209_series_matrix.txt.gz,4
GSE254249,GSE254249,GSM8036536,GPL30209,colorectum; tissue: colorectum,,10x 5',without TCR/VDJ,downloads/GSE254249/matrix/GSE254249-GPL30209_series_matrix.txt.gz,5
GSE254249,GSE254249,GSM8036537,GPL30209,colorectum; tissue: colorectum,,10x 5',without TCR/VDJ,downloads/GSE254249/matrix/GSE254249-GPL30209_series_matrix.txt.gz,6
GSE254249,GSE254249,GSM8036538,GPL30209,colorectum; tissue: colorectum,,10x 5',without TCR/VDJ,downloads/GSE254249/matrix/GSE254249-GPL30209_series_matrix.txt.gz,7
GSE254249,GSE254249,GSM8036539,GPL30209,colorectum; tissue: colorectum,,10x 5',without TCR/VDJ,downloads/GSE254249/matrix/GSE254249-GPL30209_series_matrix.txt.gz,8
GSE254249,GSE254249,GSM8036540,GPL30209,colorectum; tissue: colorectum,,10x 5',without TCR/VDJ,downloads/GSE254249/matrix/GSE254249-GPL30209_series_matrix.txt.gz,9
GSE254249,GSE254249,GSM8036541,GPL30209,colorectum; tissue: colorectum,,10x 5',without TCR/VDJ,downloads/GSE254249/matrix/GSE254249-GPL30209_series_matrix.txt.gz,10
GSE254249,GSE254249,GSM8036542,GPL30209,colorectum; tissue: colorectum,,10x 5',without TCR/VDJ,downloads/GSE254249/matrix/GSE254249-GPL30209_series_matrix.txt.gz,11
GSE254249,GSE254249,GSM8036543,GPL30209,colorectum; tissue: colorectum,,10x 5',without TCR/VDJ,downloads/GSE254249/matrix/GSE254249-GPL30209_series_matrix.txt.gz,12
GSE254249,GSE254249,GSM8036544,GPL30209,colorectum; tissue: colorectum,,10x 5',without TCR/VDJ,downloads/GSE254249/matrix/GSE254249-GPL30209_series_matrix.txt.gz,13
GSE254249,GSE254249,GSM8036545,GPL30209,colorectum; tissue: colorectum,,10x 5',without TCR/VDJ,downloads/GSE254249/matrix/GSE254249-GPL30209_series_matrix.txt.gz,14
GSE254249,GSE254249,GSM8036546,GPL30209,colorectum; tissue: colorectum,,10x 5',without TCR/VDJ,downloads/GSE254249/matrix/GSE254249-GPL30209_series_matrix.txt.gz,15
GSE254249,GSE254249,GSM8036547,GPL30209,colorectum; tissue: colorectum,,10x 5',without TCR/VDJ,downloads/GSE254249/matrix/GSE254249-GPL30209_series_matrix.txt.gz,16
GSE254249,GSE254249,GSM8036548,GPL30209,colorectum; tissue: colorectum,,10x 5',without TCR/VDJ,downloads/GSE254249/matrix/GSE254249-GPL30209_series_matrix.txt.gz,17
GSE254249,GSE254249,GSM8036549,GPL30209,colorectum; tissue: colorectum,,10x 5',without TCR/VDJ,downloads/GSE254249/matrix/GSE254249-GPL30209_series_matrix.txt.gz,18
GSE254249,GSE254249,GSM8036550,GPL30209,colorectum; tissue: colorectum,,10x 5',without TCR/VDJ,downloads/GSE254249/matrix/GSE254249-GPL30209_series_matrix.txt.gz,19
GSE254249,GSE254249,GSM8036551,GPL30209,colorectum; tissue: colorectum,,10x 5',without TCR/VDJ,downloads/GSE254249/matrix/GSE254249-GPL30209_series_matrix.txt.gz,20
GSE254249,GSE254249,GSM8036552,GPL30209,colorectum; tissue: colorectum,,10x 5',without TCR/VDJ,downloads/GSE254249/matrix/GSE254249-GPL30209_series_matrix.txt.gz,21
GSE254249,GSE254249,GSM8036553,GPL30209,colorectum; tissue: colorectum,,10x 5',without TCR/VDJ,downloads/GSE254249/matrix/GSE254249-GPL30209_series_matrix.txt.gz,22
GSE254249,GSE254249,GSM8036554,GPL30209,colorectum; tissue: colorectum,,10x 5',without TCR/VDJ,downloads/GSE254249/matrix/GSE254249-GPL30209_series_matrix.txt.gz,23
GSE254249,GSE254249,GSM8036555,GPL30209,colorectum; tissue: colorectum,,10x 5',without TCR/VDJ,downloads/GSE254249/matrix/GSE254249-GPL30209_series_matrix.txt.gz,24
GSE254249,GSE254249,GSM8036556,GPL30209,colorectum; tissue: colorectum,,10x 5',without TCR/VDJ,downloads/GSE254249/matrix/GSE254249-GPL30209_series_matrix.txt.gz,25
GSE254249,GSE254249,GSM8036557,GPL30209,colorectum; tissue: colorectum,,10x 5',without TCR/VDJ,downloads/GSE254249/matrix/GSE254249-GPL30209_series_matrix.txt.gz,26
GSE254249,GSE254249,GSM8036558,GPL30209,colorectum; tissue: colorectum,,10x 5',without TCR/VDJ,downloads/GSE254249/matrix/GSE254249-GPL30209_series_matrix.txt.gz,27
GSE254249,GSE254249,GSM8036559,GPL30209,colorectum; tissue: colorectum,,10x 5',without TCR/VDJ,downloads/GSE254249/matrix/GSE254249-GPL30209_series_matrix.txt.gz,28
GSE254249,GSE254249,GSM8036560,GPL30209,colorectum; tissue: colorectum,,10x 5',without TCR/VDJ,downloads/GSE254249/matrix/GSE254249-GPL30209_series_matrix.txt.gz,29
GSE254249,GSE254249,GSM8036561,GPL30209,colorectum; tissue: colorectum,,10x 5',without TCR/VDJ,downloads/GSE254249/matrix/GSE254249-GPL30209_series_matrix.txt.gz,30
GSE254249,GSE254249,GSM8036562,GPL30209,colorectum; tissue: colorectum,,10x 5',without TCR/VDJ,downloads/GSE254249/matrix/GSE254249-GPL30209_series_matrix.txt.gz,31
GSE254249,GSE254249,GSM8036563,GPL30209,colorectum; tissue: colorectum,,10x 5',without TCR/VDJ,downloads/GSE254249/matrix/GSE254249-GPL30209_series_matrix.txt.gz,32
GSE254249,GSE254249,GSM8036564,GPL30209,colorectum; tissue: colorectum,,10x 5',without TCR/VDJ,downloads/GSE254249/matrix/GSE254249-GPL30209_series_matrix.txt.gz,33
GSE254249,GSE254249,GSM8036565,GPL30209,colorectum; tissue: colorectum,,10x 5',without TCR/VDJ,downloads/GSE254249/matrix/GSE254249-GPL30209_series_matrix.txt.gz,34
GSE254249,GSE254249,GSM8036566,GPL30209,colorectum; tissue: colorectum,,10x 5',without TCR/VDJ,downloads/GSE254249/matrix/GSE254249-GPL30209_series_matrix.txt.gz,35
GSE254249,GSE254249,GSM8036567,GPL30209,colorectum; tissue: colorectum,,10x 5',without TCR/VDJ,downloads/GSE254249/matrix/GSE254249-GPL30209_series_matrix.txt.gz,36
GSE254249,GSE254249,GSM8036568,GPL30209,colorectum; tissue: colorectum,,10x 5',without TCR/VDJ,downloads/GSE254249/matrix/GSE254249-GPL30209_series_matrix.txt.gz,37
GSE254249,GSE254249,GSM8036569,GPL30209,colorectum; tissue: colorectum,,10x 5',without TCR/VDJ,downloads/GSE254249/matrix/GSE254249-GPL30209_series_matrix.txt.gz,38
GSE254249,GSE254249,GSM8036570,GPL30209,colorectum; tissue: colorectum,,10x 5',without TCR/VDJ,downloads/GSE254249/matrix/GSE254249-GPL30209_series_matrix.txt.gz,39
GSE254249,GSE254249,GSM8036571,GPL30209,colorectum; tissue: colorectum,,10x 5',without TCR/VDJ,downloads/GSE254249/matrix/GSE254249-GPL30209_series_matrix.txt.gz,40
GSE254249,GSE254249,GSM8036572,GPL30209,colorectum; tissue: colorectum,,10x 5',without TCR/VDJ,downloads/GSE254249/matrix/GSE254249-GPL30209_series_matrix.txt.gz,41
GSE254249,GSE254249,GSM8036573,GPL30209,colorectum; tissue: colorectum,,10x 5',without TCR/VDJ,downloads/GSE254249/matrix/GSE254249-GPL30209_series_matrix.txt.gz,42
GSE254249,GSE254249,GSM8036574,GPL30209,colorectum; tissue: colorectum,,10x 5',without TCR/VDJ,downloads/GSE254249/matrix/GSE254249-GPL30209_series_matrix.txt.gz,43
GSE254249,GSE254249,GSM8036575,GPL30209,colorectum; tissue: colorectum,,10x 5',without TCR/VDJ,downloads/GSE254249/matrix/GSE254249-GPL30209_series_matrix.txt.gz,44
GSE254249,GSE254249,GSM8036576,GPL30209,colorectum; tissue: colorectum,,10x 5',without TCR/VDJ,downloads/GSE254249/matrix/GSE254249-GPL30209_series_matrix.txt.gz,45
GSE254249,GSE254249,GSM8036577,GPL30209,colorectum; tissue: colorectum,,10x 5',without TCR/VDJ,downloads/GSE254249/matrix/GSE254249-GPL30209_series_matrix.txt.gz,46
GSE254249,GSE254249,GSM8036578,GPL30209,colorectum; tissue: colorectum,,10x 5',without TCR/VDJ,downloads/GSE254249/matrix/GSE254249-GPL30209_series_matrix.txt.gz,47
GSE254249,GSE254249,GSM8036579,GPL30209,colorectum; tissue: colorectum,,10x 5',without TCR/VDJ,downloads/GSE254249/matrix/GSE254249-GPL30209_series_matrix.txt.gz,48
GSE254249,GSE254249,GSM8036580,GPL30209,colorectum; tissue: colorectum,,10x 5',without TCR/VDJ,downloads/GSE254249/matrix/GSE254249-GPL30209_series_matrix.txt.gz,49
GSE254249,GSE254249,GSM8036582,GPL30209,colorectum; tissue: colorectum,,10x 5',without TCR/VDJ,downloads/GSE254249/matrix/GSE254249-GPL30209_series_matrix.txt.gz,50
GSE254249,GSE254249,GSM8036583,GPL30209,colorectum; tissue: colorectum,,10x 5',without TCR/VDJ,downloads/GSE254249/matrix/GSE254249-GPL30209_series_matrix.txt.gz,51
GSE254249,GSE254249,GSM8036584,GPL30209,colorectum; tissue: colorectum,,10x 5',without TCR/VDJ,downloads/GSE254249/matrix/GSE254249-GPL30209_series_matrix.txt.gz,52
GSE254249,GSE254249,GSM8036585,GPL30209,colorectum; tissue: colorectum,,10x 5',without TCR/VDJ,downloads/GSE254249/matrix/GSE254249-GPL30209_series_matrix.txt.gz,53
GSE254249,GSE254249,GSM8036586,GPL30209,colorectum; tissue: colorectum,,10x 5',without TCR/VDJ,downloads/GSE254249/matrix/GSE254249-GPL30209_series_matrix.txt.gz,54
GSE254249,GSE254249,GSM8036587,GPL30209,colorectum; tissue: colorectum,,10x 5',without TCR/VDJ,downloads/GSE254249/matrix/GSE254249-GPL30209_series_matrix.txt.gz,55
GSE254249,GSE254249,GSM8036588,GPL30209,colorectum; tissue: colorectum,,10x 5',without TCR/VDJ,downloads/GSE254249/matrix/GSE254249-GPL30209_series_matrix.txt.gz,56
GSE254249,GSE254249,GSM8036590,GPL30209,colorectum; tissue: colorectum,,10x 5',without TCR/VDJ,downloads/GSE254249/matrix/GSE254249-GPL30209_series_matrix.txt.gz,57
GSE254249,GSE254249,GSM8036591,GPL30209,colorectum; tissue: colorectum,,10x 5',without TCR/VDJ,downloads/GSE254249/matrix/GSE254249-GPL30209_series_matrix.txt.gz,58
GSE254249,GSE254249,GSM8036592,GPL30209,colorectum; tissue: colorectum,,10x 5',without TCR/VDJ,downloads/GSE254249/matrix/GSE254249-GPL30209_series_matrix.txt.gz,59
GSE254249,GSE254249,GSM8036593,GPL30209,colorectum; tissue: colorectum,,10x 5',without TCR/VDJ,downloads/GSE254249/matrix/GSE254249-GPL30209_series_matrix.txt.gz,60
GSE254249,GSE254249,GSM8036594,GPL30209,colorectum; tissue: colorectum,,10x 5',without TCR/VDJ,downloads/GSE254249/matrix/GSE254249-GPL30209_series_matrix.txt.gz,61
GSE254249,GSE254249,GSM8036596,GPL30209,colorectum; tissue: colorectum,,10x 5',without TCR/VDJ,downloads/GSE254249/matrix/GSE254249-GPL30209_series_matrix.txt.gz,62
GSE254249,GSE254249,GSM8036597,GPL30209,colorectum; tissue: colorectum,,10x 5',without TCR/VDJ,downloads/GSE254249/matrix/GSE254249-GPL30209_series_matrix.txt.gz,63
GSE254249,GSE254249,GSM8036598,GPL30209,colorectum; tissue: colorectum,,10x 5',without TCR/VDJ,downloads/GSE254249/matrix/GSE254249-GPL30209_series_matrix.txt.gz,64
GSE254249,GSE254249,GSM8036599,GPL30209,colorectum; tissue: colorectum,,10x 5',without TCR/VDJ,downloads/GSE254249/matrix/GSE254249-GPL30209_series_matrix.txt.gz,65
GSE254249,GSE254249,GSM8036600,GPL30209,colorectum; tissue: colorectum,,10x 5',without TCR/VDJ,downloads/GSE254249/matrix/GSE254249-GPL30209_series_matrix.txt.gz,66
GSE254249,GSE254249,GSM8036601,GPL30209,colorectum; tissue: colorectum,,10x 5',without TCR/VDJ,downloads/GSE254249/matrix/GSE254249-GPL30209_series_matrix.txt.gz,67
GSE254249,GSE254249,GSM8036603,GPL30209,colorectum; tissue: colorectum,,10x 5',without TCR/VDJ,downloads/GSE254249/matrix/GSE254249-GPL30209_series_matrix.txt.gz,68
GSE254249,GSE254249,GSM8036604,GPL30209,colorectum; tissue: colorectum,,10x 5',without TCR/VDJ,downloads/GSE254249/matrix/GSE254249-GPL30209_series_matrix.txt.gz,69
GSE254249,GSE254249,GSM8036605,GPL30209,colorectum; tissue: colorectum,,10x 5',without TCR/VDJ,downloads/GSE254249/matrix/GSE254249-GPL30209_series_matrix.txt.gz,70
GSE254249,GSE254249,GSM8036606,GPL30209,colorectum; tissue: colorectum,,10x 5',without TCR/VDJ,downloads/GSE254249/matrix/GSE254249-GPL30209_series_matrix.txt.gz,71
GSE254249,GSE254249,GSM8036607,GPL30209,colorectum; tissue: colorectum,,10x 5',without TCR/VDJ,downloads/GSE254249/matrix/GSE254249-GPL30209_series_matrix.txt.gz,72
GSE254249,GSE254249,GSM8036608,GPL30209,colorectum; tissue: colorectum,,10x 5',without TCR/VDJ,downloads/GSE254249/matrix/GSE254249-GPL30209_series_matrix.txt.gz,73
GSE254249,GSE254249,GSM8036610,GPL30209,colorectum; tissue: colorectum,,10x 5',without TCR/VDJ,downloads/GSE254249/matrix/GSE254249-GPL30209_series_matrix.txt.gz,74
GSE254249,GSE254249,GSM8036611,GPL30209,colorectum; tissue: colorectum,,10x 5',without TCR/VDJ,downloads/GSE254249/matrix/GSE254249-GPL30209_series_matrix.txt.gz,75
GSE254249,GSE254249,GSM8036612,GPL30209,colorectum; tissue: colorectum,,10x 5',without TCR/VDJ,downloads/GSE254249/matrix/GSE254249-GPL30209_series_matrix.txt.gz,76
GSE254249,GSE254249,GSM8036613,GPL30209,colorectum; tissue: colorectum,,10x 5',without TCR/VDJ,downloads/GSE254249/matrix/GSE254249-GPL30209_series_matrix.txt.gz,77
GSE254249,GSE254249,GSM8036614,GPL30209,colorectum; tissue: colorectum,,10x 5',without TCR/VDJ,downloads/GSE254249/matrix/GSE254249-GPL30209_series_matrix.txt.gz,78
GSE254249,GSE254249,GSM8036616,GPL30209,colorectum; tissue: colorectum,,10x 5',without TCR/VDJ,downloads/GSE254249/matrix/GSE254249-GPL30209_series_matrix.txt.gz,79
GSE254249,GSE254249,GSM8036617,GPL30209,colorectum; tissue: colorectum,,10x 5',without TCR/VDJ,downloads/GSE254249/matrix/GSE254249-GPL30209_series_matrix.txt.gz,80
GSE254249,GSE254249,GSM8036618,GPL30209,colorectum; tissue: colorectum,,10x 5',without TCR/VDJ,downloads/GSE254249/matrix/GSE254249-GPL30209_series_matrix.txt.gz,81
GSE254249,GSE254249,GSM8036619,GPL30209,colorectum; tissue: colorectum,,10x 5',without TCR/VDJ,downloads/GSE254249/matrix/GSE254249-GPL30209_series_matrix.txt.gz,82
GSE254249,GSE254249,GSM8036620,GPL30209,colorectum; tissue: colorectum,,10x 5',without TCR/VDJ,downloads/GSE254249/matrix/GSE254249-GPL30209_series_matrix.txt.gz,83
GSE254249,GSE254249,GSM8036621,GPL30209,colorectum; tissue: colorectum,,10x 5',without TCR/VDJ,downloads/GSE254249/matrix/GSE254249-GPL30209_series_matrix.txt.gz,84
GSE254249,GSE254249,GSM8036622,GPL30209,colorectum; tissue: colorectum,,10x 5',without TCR/VDJ,downloads/GSE254249/matrix/GSE254249-GPL30209_series_matrix.txt.gz,85
GSE254249,GSE254249,GSM8036624,GPL30209,colorectum; tissue: colorectum,,10x 5',without TCR/VDJ,downloads/GSE254249/matrix/GSE254249-GPL30209_series_matrix.txt.gz,86
GSE254249,GSE254249,GSM8036625,GPL30209,colorectum; tissue: colorectum,,10x 5',without TCR/VDJ,downloads/GSE254249/matrix/GSE254249-GPL30209_series_matrix.txt.gz,87
GSE254249,GSE254249,GSM8036626,GPL30209,colorectum; tissue: colorectum,,10x 5',without TCR/VDJ,downloads/GSE254249/matrix/GSE254249-GPL30209_series_matrix.txt.gz,88
GSE254249,GSE254249,GSM8036627,GPL30209,colorectum; tissue: colorectum,,10x 5',without TCR/VDJ,downloads/GSE254249/matrix/GSE254249-GPL30209_series_matrix.txt.gz,89
GSE254249,GSE254249,GSM8036628,GPL30209,colorectum; tissue: colorectum,,10x 5',without TCR/VDJ,downloads/GSE254249/matrix/GSE254249-GPL30209_series_matrix.txt.gz,90
GSE267645,GSE267645,GSM8271506,GPL24676,PBMC,,10x 5',without TCR/VDJ,downloads/GSE267645/matrix/GSE267645-GPL24676_series_matrix.txt.gz,1
GSE267645,GSE267645,GSM8271507,GPL24676,PBMC,,10x 5',without TCR/VDJ,downloads/GSE267645/matrix/GSE267645-GPL24676_series_matrix.txt.gz,2
GSE267645,GSE267645,GSM8271508,GPL28038,PBMC,,10x 5',without TCR/VDJ,downloads/GSE267645/matrix/GSE267645-GPL28038_series_matrix.txt.gz,1
GSE267645,GSE267645,GSM8271509,GPL28038,PBMC,,10x 5',without TCR/VDJ,downloads/GSE267645/matrix/GSE267645-GPL28038_series_matrix.txt.gz,2
GSE267645,GSE267645,GSM8271510,GPL28038,PBMC,,10x 5',without TCR/VDJ,downloads/GSE267645/matrix/GSE267645-GPL28038_series_matrix.txt.gz,3
GSE267645,GSE267645,GSM8271511,GPL28038,PBMC,,10x 5',without TCR/VDJ,downloads/GSE267645/matrix/GSE267645-GPL28038_series_matrix.txt.gz,4
GSE267645,GSE267645,GSM8271512,GPL28038,PBMC,,10x 5',without TCR/VDJ,downloads/GSE267645/matrix/GSE267645-GPL28038_series_matrix.txt.gz,5
GSE267645,GSE267645,GSM8271513,GPL28038,PBMC,,10x 5',without TCR/VDJ,downloads/GSE267645/matrix/GSE267645-GPL28038_series_matrix.txt.gz,6
GSE267645,GSE267645,GSM8271514,GPL28038,PBMC,,10x 5',without TCR/VDJ,downloads/GSE267645/matrix/GSE267645-GPL28038_series_matrix.txt.gz,7
GSE267645,GSE267645,GSM8271515,GPL28038,PBMC,,10x 5',without TCR/VDJ,downloads/GSE267645/matrix/GSE267645-GPL28038_series_matrix.txt.gz,8
GSE267645,GSE267645,GSM8271516,GPL28038,PBMC,,10x 5',without TCR/VDJ,downloads/GSE267645/matrix/GSE267645-GPL28038_series_matrix.txt.gz,9
GSE267645,GSE267645,GSM8271517,GPL28038,PBMC,,10x 5',without TCR/VDJ,downloads/GSE267645/matrix/GSE267645-GPL28038_series_matrix.txt.gz,10
GSE267645,GSE267645,GSM8271518,GPL28038,PBMC,,10x 5',without TCR/VDJ,downloads/GSE267645/matrix/GSE267645-GPL28038_series_matrix.txt.gz,11
GSE267645,GSE267645,GSM8271519,GPL28038,PBMC,,10x 5',without TCR/VDJ,downloads/GSE267645/matrix/GSE267645-GPL28038_series_matrix.txt.gz,12
GSE267645,GSE267645,GSM8271520,GPL28038,PBMC,,10x 5',without TCR/VDJ,downloads/GSE267645/matrix/GSE267645-GPL28038_series_matrix.txt.gz,13
GSE301528,GSE301528,GSM9084836,GPL34281,Bone marrow; genotype: relapse/refractory,,10x 5',without TCR/VDJ,downloads/GSE301528/matrix/GSE301528_series_matrix.txt.gz,1
GSE301528,GSE301528,GSM9084837,GPL34281,Bone marrow; genotype: relapse/refractory,,10x 5',without TCR/VDJ,downloads/GSE301528/matrix/GSE301528_series_matrix.txt.gz,2
GSE301528,GSE301528,GSM9084838,GPL34281,Bone marrow; genotype: relapse/refractory,,10x 5',without TCR/VDJ,downloads/GSE301528/matrix/GSE301528_series_matrix.txt.gz,3
GSE301528,GSE301528,GSM9084839,GPL34281,Bone marrow; genotype: relapse/refractory,,10x 5',without TCR/VDJ,downloads/GSE301528/matrix/GSE301528_series_matrix.txt.gz,4
GSE301528,GSE301528,GSM9084840,GPL34281,Bone marrow; genotype: Diagnosis,,10x 5',without TCR/VDJ,downloads/GSE301528/matrix/GSE301528_series_matrix.txt.gz,5
GSE301528,GSE301528,GSM9084841,GPL34281,Bone marrow; genotype: Diagnosis,,10x 5',without TCR/VDJ,downloads/GSE301528/matrix/GSE301528_series_matrix.txt.gz,6
GSE301528,GSE301528,GSM9084842,GPL34281,Bone marrow; genotype: Diagnosis,,10x 5',without TCR/VDJ,downloads/GSE301528/matrix/GSE301528_series_matrix.txt.gz,7
GSE301528,GSE301528,GSM9084843,GPL34281,Bone marrow; genotype: Diagnosis,,10x 5',without TCR/VDJ,downloads/GSE301528/matrix/GSE301528_series_matrix.txt.gz,8
GSE301528,GSE301528,GSM9084844,GPL34281,Bone marrow; genotype: Diagnosis,,10x 5',without TCR/VDJ,downloads/GSE301528/matrix/GSE301528_series_matrix.txt.gz,9
GSE301528,GSE301528,GSM9084845,GPL34281,Bone marrow; genotype: Remission,,10x 5',without TCR/VDJ,downloads/GSE301528/matrix/GSE301528_series_matrix.txt.gz,10
GSE301528,GSE301528,GSM9084846,GPL34281,Bone marrow; genotype: Remission,,10x 5',without TCR/VDJ,downloads/GSE301528/matrix/GSE301528_series_matrix.txt.gz,11
GSE301528,GSE301528,GSM9084847,GPL34281,Bone marrow; genotype: Remission,,10x 5',without TCR/VDJ,downloads/GSE301528/matrix/GSE301528_series_matrix.txt.gz,12
GSE301528,GSE301528,GSM9084848,GPL34281,Bone marrow; genotype: healthy donor,genotype: healthy donor,10x 5',without TCR/VDJ,downloads/GSE301528/matrix/GSE301528_series_matrix.txt.gz,13
GSE301528,GSE301528,GSM9084849,GPL34281,"Bone marrow, CD138 purified Plasmacells; genotype: healthy donor",genotype: healthy donor,10x 5',without TCR/VDJ,downloads/GSE301528/matrix/GSE301528_series_matrix.txt.gz,14
GSE301528,GSE301528,GSM9084850,GPL34281,Bone marrow; genotype: healthy donor,genotype: healthy donor,10x 5',without TCR/VDJ,downloads/GSE301528/matrix/GSE301528_series_matrix.txt.gz,15
GSE301528,GSE301528,GSM9084851,GPL34281,"Bone marrow, CD138 purified Plasmacells; genotype: healthy donor",genotype: healthy donor,10x 5',without TCR/VDJ,downloads/GSE301528/matrix/GSE301528_series_matrix.txt.gz,16
GSE301528,GSE301528,GSM9084852,GPL34281,Bone marrow; genotype: healthy donor,genotype: healthy donor,10x 5',without TCR/VDJ,downloads/GSE301528/matrix/GSE301528_series_matrix.txt.gz,17
GSE301528,GSE301528,GSM9084853,GPL34281,"Bone marrow, CD138 purified Plasmacells; genotype: healthy donor",genotype: healthy donor,10x 5',without TCR/VDJ,downloads/GSE301528/matrix/GSE301528_series_matrix.txt.gz,18
GSE308075,GSE308075,GSM9237523,GPL11154,Blood,,10x (unspecified),without TCR/VDJ,downloads/GSE308075/matrix/GSE308075_series_matrix.txt.gz,1
GSE308075,GSE308075,GSM9237524,GPL11154,Blood,,10x (unspecified),without TCR/VDJ,downloads/GSE308075/matrix/GSE308075_series_matrix.txt.gz,2
GSE308075,GSE308075,GSM9237525,GPL11154,Blood,,10x (unspecified),without TCR/VDJ,downloads/GSE308075/matrix/GSE308075_series_matrix.txt.gz,3
GSE308075,GSE308075,GSM9237526,GPL11154,Blood,,10x (unspecified),without TCR/VDJ,downloads/GSE308075/matrix/GSE308075_series_matrix.txt.gz,4
GSE308075,GSE308075,GSM9237527,GPL11154,Blood,,10x (unspecified),without TCR/VDJ,downloads/GSE308075/matrix/GSE308075_series_matrix.txt.gz,5
GSE308075,GSE308075,GSM9237528,GPL11154,Blood,,10x (unspecified),without TCR/VDJ,downloads/GSE308075/matrix/GSE308075_series_matrix.txt.gz,6
GSE308075,GSE308075,GSM9237529,GPL11154,Blood,,10x (unspecified),without TCR/VDJ,downloads/GSE308075/matrix/GSE308075_series_matrix.txt.gz,7
GSE308075,GSE308075,GSM9237530,GPL11154,Blood,,10x (unspecified),without TCR/VDJ,downloads/GSE308075/matrix/GSE308075_series_matrix.txt.gz,8
GSE308075,GSE308075,GSM9237531,GPL11154,Blood,,10x (unspecified),without TCR/VDJ,downloads/GSE308075/matrix/GSE308075_series_matrix.txt.gz,9
GSE308075,GSE308075,GSM9237532,GPL11154,Blood,,10x (unspecified),without TCR/VDJ,downloads/GSE308075/matrix/GSE308075_series_matrix.txt.gz,10
GSE308075,GSE308075,GSM9237533,GPL11154,Blood,,10x (unspecified),without TCR/VDJ,downloads/GSE308075/matrix/GSE308075_series_matrix.txt.gz,11
GSE308075,GSE308075,GSM9237534,GPL11154,Blood,,10x (unspecified),without TCR/VDJ,downloads/GSE308075/matrix/GSE308075_series_matrix.txt.gz,12
GSE308075,GSE308075,GSM9237535,GPL11154,Blood,,10x (unspecified),without TCR/VDJ,downloads/GSE308075/matrix/GSE308075_series_matrix.txt.gz,13
GSE308075,GSE308075,GSM9237536,GPL11154,Blood,,10x (unspecified),without TCR/VDJ,downloads/GSE308075/matrix/GSE308075_series_matrix.txt.gz,14
GSE308075,GSE308075,GSM9237537,GPL11154,Blood,,10x (unspecified),without TCR/VDJ,downloads/GSE308075/matrix/GSE308075_series_matrix.txt.gz,15
GSE308075,GSE308075,GSM9237538,GPL11154,Blood,,10x (unspecified),without TCR/VDJ,downloads/GSE308075/matrix/GSE308075_series_matrix.txt.gz,16
GSE308075,GSE308075,GSM9237539,GPL11154,Blood,,10x (unspecified),without TCR/VDJ,downloads/GSE308075/matrix/GSE308075_series_matrix.txt.gz,17
GSE308075,GSE308075,GSM9237540,GPL11154,Blood,,10x (unspecified),without TCR/VDJ,downloads/GSE308075/matrix/GSE308075_series_matrix.txt.gz,18
GSE308075,GSE308075,GSM9237541,GPL11154,Blood,,10x (unspecified),without TCR/VDJ,downloads/GSE308075/matrix/GSE308075_series_matrix.txt.gz,19
GSE308075,GSE308075,GSM9237542,GPL11154,Blood,,10x (unspecified),without TCR/VDJ,downloads/GSE308075/matrix/GSE308075_series_matrix.txt.gz,20
GSE311112,GSE311112,GSM9317153,GPL34284,peripheral blood; library type: gex,,10x 5',with TCR/VDJ,downloads/GSE311112/matrix/GSE311112_series_matrix.txt.gz,1
GSE311112,GSE311112,GSM9317154,GPL34284,peripheral blood; library type: bcr,,10x 5',with TCR/VDJ,downloads/GSE311112/matrix/GSE311112_series_matrix.txt.gz,2
GSE311112,GSE311112,GSM9317155,GPL34284,peripheral blood; library type: tcr,,10x 5',with TCR/VDJ,downloads/GSE311112/matrix/GSE311112_series_matrix.txt.gz,3
GSE311112,GSE311112,GSM9317156,GPL34284,peripheral blood; library type: gex,,10x 5',with TCR/VDJ,downloads/GSE311112/matrix/GSE311112_series_matrix.txt.gz,4
GSE311112,GSE311112,GSM9317157,GPL34284,peripheral blood; library type: bcr,,10x 5',with TCR/VDJ,downloads/GSE311112/matrix/GSE311112_series_matrix.txt.gz,5
GSE311112,GSE311112,GSM9317158,GPL34284,peripheral blood; library type: tcr,,10x 5',with TCR/VDJ,downloads/GSE311112/matrix/GSE311112_series_matrix.txt.gz,6
GSE311112,GSE311112,GSM9317159,GPL34284,peripheral blood; library type: gex,,10x 5',with TCR/VDJ,downloads/GSE311112/matrix/GSE311112_series_matrix.txt.gz,7
GSE311112,GSE311112,GSM9317160,GPL34284,peripheral blood; library type: bcr,,10x 5',with TCR/VDJ,downloads/GSE311112/matrix/GSE311112_series_matrix.txt.gz,8
GSE311112,GSE311112,GSM9317161,GPL34284,peripheral blood; library type: tcr,,10x 5',with TCR/VDJ,downloads/GSE311112/matrix/GSE311112_series_matrix.txt.gz,9
GSE311112,GSE311112,GSM9317162,GPL34284,peripheral blood; library type: gex,,10x 5',with TCR/VDJ,downloads/GSE311112/matrix/GSE311112_series_matrix.txt.gz,10
GSE311112,GSE311112,GSM9317163,GPL34284,peripheral blood; library type: bcr,,10x 5',with TCR/VDJ,downloads/GSE311112/matrix/GSE311112_series_matrix.txt.gz,11
GSE311112,GSE311112,GSM9317164,GPL34284,peripheral blood; library type: tcr,,10x 5',with TCR/VDJ,downloads/GSE311112/matrix/GSE311112_series_matrix.txt.gz,12
GSE311112,GSE311112,GSM9317165,GPL34284,peripheral blood; library type: gex,,10x 5',with TCR/VDJ,downloads/GSE311112/matrix/GSE311112_series_matrix.txt.gz,13
GSE311112,GSE311112,GSM9317166,GPL34284,peripheral blood; library type: bcr,,10x 5',with TCR/VDJ,downloads/GSE311112/matrix/GSE311112_series_matrix.txt.gz,14
GSE311112,GSE311112,GSM9317167,GPL34284,peripheral blood; library type: tcr,,10x 5',with TCR/VDJ,downloads/GSE311112/matrix/GSE311112_series_matrix.txt.gz,15
GSE311112,GSE311112,GSM9317168,GPL34284,peripheral blood; library type: gex,,10x 5',with TCR/VDJ,downloads/GSE311112/matrix/GSE311112_series_matrix.txt.gz,16
GSE311112,GSE311112,GSM9317169,GPL34284,peripheral blood; library type: bcr,,10x 5',with TCR/VDJ,downloads/GSE311112/matrix/GSE311112_series_matrix.txt.gz,17
GSE311112,GSE311112,GSM9317170,GPL34284,peripheral blood; library type: tcr,,10x 5',with TCR/VDJ,downloads/GSE311112/matrix/GSE311112_series_matrix.txt.gz,18
GSE311112,GSE311112,GSM9317171,GPL34284,peripheral blood; library type: gex,,10x 5',with TCR/VDJ,downloads/GSE311112/matrix/GSE311112_series_matrix.txt.gz,19
GSE311112,GSE311112,GSM9317172,GPL34284,peripheral blood; library type: bcr,,10x 5',with TCR/VDJ,downloads/GSE311112/matrix/GSE311112_series_matrix.txt.gz,20
GSE311112,GSE311112,GSM9317173,GPL34284,peripheral blood; library type: tcr,,10x 5',with TCR/VDJ,downloads/GSE311112/matrix/GSE311112_series_matrix.txt.gz,21
GSE311112,GSE311112,GSM9317174,GPL34284,peripheral blood; library type: gex,,10x 5',with TCR/VDJ,downloads/GSE311112/matrix/GSE311112_series_matrix.txt.gz,22
GSE311112,GSE311112,GSM9317175,GPL34284,peripheral blood; library type: bcr,,10x 5',with TCR/VDJ,downloads/GSE311112/matrix/GSE311112_series_matrix.txt.gz,23
GSE311112,GSE311112,GSM9317176,GPL34284,peripheral blood; library type: tcr,,10x 5',with TCR/VDJ,downloads/GSE311112/matrix/GSE311112_series_matrix.txt.gz,24
GSE311112,GSE311112,GSM9317177,GPL34284,peripheral blood; library type: gex,,10x 5',with TCR/VDJ,downloads/GSE311112/matrix/GSE311112_series_matrix.txt.gz,25
GSE311112,GSE311112,GSM9317178,GPL34284,peripheral blood; library type: bcr,,10x 5',with TCR/VDJ,downloads/GSE311112/matrix/GSE311112_series_matrix.txt.gz,26
GSE311112,GSE311112,GSM9317179,GPL34284,peripheral blood; library type: tcr,,10x 5',with TCR/VDJ,downloads/GSE311112/matrix/GSE311112_series_matrix.txt.gz,27
GSE311112,GSE311112,GSM9317180,GPL34284,peripheral blood; library type: gex,,10x 5',with TCR/VDJ,downloads/GSE311112/matrix/GSE311112_series_matrix.txt.gz,28
GSE311112,GSE311112,GSM9317181,GPL34284,peripheral blood; library type: bcr,,10x 5',with TCR/VDJ,downloads/GSE311112/matrix/GSE311112_series_matrix.txt.gz,29
GSE311112,GSE311112,GSM9317182,GPL34284,peripheral blood; library type: tcr,,10x 5',with TCR/VDJ,downloads/GSE311112/matrix/GSE311112_series_matrix.txt.gz,30
GSE311112,GSE311112,GSM9317183,GPL34284,peripheral blood; library type: gex,,10x 5',with TCR/VDJ,downloads/GSE311112/matrix/GSE311112_series_matrix.txt.gz,31
GSE311112,GSE311112,GSM9317184,GPL34284,peripheral blood; library type: bcr,,10x 5',with TCR/VDJ,downloads/GSE311112/matrix/GSE311112_series_matrix.txt.gz,32
GSE311112,GSE311112,GSM9317185,GPL34284,peripheral blood; library type: tcr,,10x 5',with TCR/VDJ,downloads/GSE311112/matrix/GSE311112_series_matrix.txt.gz,33
GSE311112,GSE311112,GSM9317186,GPL34284,peripheral blood; library type: gex,,10x 5',with TCR/VDJ,downloads/GSE311112/matrix/GSE311112_series_matrix.txt.gz,34
GSE311112,GSE311112,GSM9317187,GPL34284,peripheral blood; library type: bcr,,10x 5',with TCR/VDJ,downloads/GSE311112/matrix/GSE311112_series_matrix.txt.gz,35
GSE311112,GSE311112,GSM9317188,GPL34284,peripheral blood; library type: tcr,,10x 5',with TCR/VDJ,downloads/GSE311112/matrix/GSE311112_series_matrix.txt.gz,36
GSE311112,GSE311112,GSM9317189,GPL34284,peripheral blood; library type: gex,,10x 5',with TCR/VDJ,downloads/GSE311112/matrix/GSE311112_series_matrix.txt.gz,37
GSE311112,GSE311112,GSM9317190,GPL34284,peripheral blood; library type: bcr,,10x 5',with TCR/VDJ,downloads/GSE311112/matrix/GSE311112_series_matrix.txt.gz,38
GSE311112,GSE311112,GSM9317191,GPL34284,peripheral blood; library type: tcr,,10x 5',with TCR/VDJ,downloads/GSE311112/matrix/GSE311112_series_matrix.txt.gz,39
GSE311112,GSE311112,GSM9317192,GPL34284,peripheral blood; library type: gex,,10x 5',with TCR/VDJ,downloads/GSE311112/matrix/GSE311112_series_matrix.txt.gz,40
GSE311112,GSE311112,GSM9317193,GPL34284,peripheral blood; library type: bcr,,10x 5',with TCR/VDJ,downloads/GSE311112/matrix/GSE311112_series_matrix.txt.gz,41
GSE311112,GSE311112,GSM9317194,GPL34284,peripheral blood; library type: tcr,,10x 5',with TCR/VDJ,downloads/GSE311112/matrix/GSE311112_series_matrix.txt.gz,42
GSE311112,GSE311112,GSM9317195,GPL34284,peripheral blood; library type: gex,,10x 5',with TCR/VDJ,downloads/GSE311112/matrix/GSE311112_series_matrix.txt.gz,43
GSE311112,GSE311112,GSM9317196,GPL34284,peripheral blood; library type: bcr,,10x 5',with TCR/VDJ,downloads/GSE311112/matrix/GSE311112_series_matrix.txt.gz,44
GSE311112,GSE311112,GSM9317197,GPL34284,peripheral blood; library type: tcr,,10x 5',with TCR/VDJ,downloads/GSE311112/matrix/GSE311112_series_matrix.txt.gz,45
GSE311112,GSE311112,GSM9317198,GPL34284,peripheral blood; library type: gex,,10x 5',with TCR/VDJ,downloads/GSE311112/matrix/GSE311112_series_matrix.txt.gz,46
GSE311112,GSE311112,GSM9317199,GPL34284,peripheral blood; library type: bcr,,10x 5',with TCR/VDJ,downloads/GSE311112/matrix/GSE311112_series_matrix.txt.gz,47
GSE311112,GSE311112,GSM9317200,GPL34284,peripheral blood; library type: tcr,,10x 5',with TCR/VDJ,downloads/GSE311112/matrix/GSE311112_series_matrix.txt.gz,48
GSE311112,GSE311112,GSM9317201,GPL34284,peripheral blood; library type: gex,,10x 5',with TCR/VDJ,downloads/GSE311112/matrix/GSE311112_series_matrix.txt.gz,49
GSE311112,GSE311112,GSM9317202,GPL34284,peripheral blood; library type: bcr,,10x 5',with TCR/VDJ,downloads/GSE311112/matrix/GSE311112_series_matrix.txt.gz,50
GSE311112,GSE311112,GSM9317203,GPL34284,peripheral blood; library type: tcr,,10x 5',with TCR/VDJ,downloads/GSE311112/matrix/GSE311112_series_matrix.txt.gz,51
GSE311112,GSE311112,GSM9317204,GPL34284,peripheral blood; library type: gex,,10x 5',with TCR/VDJ,downloads/GSE311112/matrix/GSE311112_series_matrix.txt.gz,52
GSE311112,GSE311112,GSM9317205,GPL34284,peripheral blood; library type: bcr,,10x 5',with TCR/VDJ,downloads/GSE311112/matrix/GSE311112_series_matrix.txt.gz,53
GSE311112,GSE311112,GSM9317206,GPL34284,peripheral blood; library type: tcr,,10x 5',with TCR/VDJ,downloads/GSE311112/matrix/GSE311112_series_matrix.txt.gz,54
GSE311112,GSE311112,GSM9317207,GPL34284,peripheral blood; library type: gex,,10x 5',with TCR/VDJ,downloads/GSE311112/matrix/GSE311112_series_matrix.txt.gz,55
GSE311112,GSE311112,GSM9317208,GPL34284,peripheral blood; library type: bcr,,10x 5',with TCR/VDJ,downloads/GSE311112/matrix/GSE311112_series_matrix.txt.gz,56
GSE311112,GSE311112,GSM9317209,GPL34284,peripheral blood; library type: tcr,,10x 5',with TCR/VDJ,downloads/GSE311112/matrix/GSE311112_series_matrix.txt.gz,57
GSE311112,GSE311112,GSM9317210,GPL34284,peripheral blood; library type: gex,,10x 5',with TCR/VDJ,downloads/GSE311112/matrix/GSE311112_series_matrix.txt.gz,58
GSE311112,GSE311112,GSM9317211,GPL34284,peripheral blood; library type: bcr,,10x 5',with TCR/VDJ,downloads/GSE311112/matrix/GSE311112_series_matrix.txt.gz,59
GSE311112,GSE311112,GSM9317212,GPL34284,peripheral blood; library type: tcr,,10x 5',with TCR/VDJ,downloads/GSE311112/matrix/GSE311112_series_matrix.txt.gz,60
GSE311112,GSE311112,GSM9317213,GPL34284,peripheral blood; library type: gex,,10x 5',with TCR/VDJ,downloads/GSE311112/matrix/GSE311112_series_matrix.txt.gz,61
GSE311112,GSE311112,GSM9317214,GPL34284,peripheral blood; library type: bcr,,10x 5',with TCR/VDJ,downloads/GSE311112/matrix/GSE311112_series_matrix.txt.gz,62
GSE311112,GSE311112,GSM9317215,GPL34284,peripheral blood; library type: tcr,,10x 5',with TCR/VDJ,downloads/GSE311112/matrix/GSE311112_series_matrix.txt.gz,63
GSE311112,GSE311112,GSM9317216,GPL34284,peripheral blood; library type: gex,,10x 5',with TCR/VDJ,downloads/GSE311112/matrix/GSE311112_series_matrix.txt.gz,64
GSE311112,GSE311112,GSM9317217,GPL34284,peripheral blood; library type: bcr,,10x 5',with TCR/VDJ,downloads/GSE311112/matrix/GSE311112_series_matrix.txt.gz,65
GSE311112,GSE311112,GSM9317218,GPL34284,peripheral blood; library type: tcr,,10x 5',with TCR/VDJ,downloads/GSE311112/matrix/GSE311112_series_matrix.txt.gz,66
GSE311112,GSE311112,GSM9317219,GPL34284,peripheral blood; library type: gex,,10x 5',with TCR/VDJ,downloads/GSE311112/matrix/GSE311112_series_matrix.txt.gz,67
GSE311112,GSE311112,GSM9317220,GPL34284,peripheral blood; library type: bcr,,10x 5',with TCR/VDJ,downloads/GSE311112/matrix/GSE311112_series_matrix.txt.gz,68
GSE311112,GSE311112,GSM9317221,GPL34284,peripheral blood; library type: tcr,,10x 5',with TCR/VDJ,downloads/GSE311112/matrix/GSE311112_series_matrix.txt.gz,69
GSE311112,GSE311112,GSM9317222,GPL34284,peripheral blood; library type: gex,,10x 5',with TCR/VDJ,downloads/GSE311112/matrix/GSE311112_series_matrix.txt.gz,70
GSE311112,GSE311112,GSM9317223,GPL34284,peripheral blood; library type: bcr,,10x 5',with TCR/VDJ,downloads/GSE311112/matrix/GSE311112_series_matrix.txt.gz,71
GSE311112,GSE311112,GSM9317224,GPL34284,peripheral blood; library type: tcr,,10x 5',with TCR/VDJ,downloads/GSE311112/matrix/GSE311112_series_matrix.txt.gz,72
GSE311112,GSE311112,GSM9317225,GPL34284,peripheral blood; library type: gex,,10x 5',with TCR/VDJ,downloads/GSE311112/matrix/GSE311112_series_matrix.txt.gz,73
GSE311112,GSE311112,GSM9317226,GPL34284,peripheral blood; library type: bcr,,10x 5',with TCR/VDJ,downloads/GSE311112/matrix/GSE311112_series_matrix.txt.gz,74
GSE311112,GSE311112,GSM9317227,GPL34284,peripheral blood; library type: tcr,,10x 5',with TCR/VDJ,downloads/GSE311112/matrix/GSE311112_series_matrix.txt.gz,75
GSE311112,GSE311112,GSM9317228,GPL34284,peripheral blood; library type: gex,,10x 5',with TCR/VDJ,downloads/GSE311112/matrix/GSE311112_series_matrix.txt.gz,76
GSE311112,GSE311112,GSM9317229,GPL34284,peripheral blood; library type: bcr,,10x 5',with TCR/VDJ,downloads/GSE311112/matrix/GSE311112_series_matrix.txt.gz,77
GSE311112,GSE311112,GSM9317230,GPL34284,peripheral blood; library type: tcr,,10x 5',with TCR/VDJ,downloads/GSE311112/matrix/GSE311112_series_matrix.txt.gz,78
GSE311112,GSE311112,GSM9317231,GPL34284,peripheral blood; library type: gex,,10x 5',with TCR/VDJ,downloads/GSE311112/matrix/GSE311112_series_matrix.txt.gz,79
GSE311112,GSE311112,GSM9317232,GPL34284,peripheral blood; library type: bcr,,10x 5',with TCR/VDJ,downloads/GSE311112/matrix/GSE311112_series_matrix.txt.gz,80
GSE311112,GSE311112,GSM9317233,GPL34284,peripheral blood; library type: tcr,,10x 5',with TCR/VDJ,downloads/GSE311112/matrix/GSE311112_series_matrix.txt.gz,81
GSE311112,GSE311112,GSM9317234,GPL34284,peripheral blood; library type: gex,,10x 5',with TCR/VDJ,downloads/GSE311112/matrix/GSE311112_series_matrix.txt.gz,82
GSE311112,GSE311112,GSM9317235,GPL34284,peripheral blood; library type: bcr,,10x 5',with TCR/VDJ,downloads/GSE311112/matrix/GSE311112_series_matrix.txt.gz,83
GSE311112,GSE311112,GSM9317236,GPL34284,peripheral blood; library type: tcr,,10x 5',with TCR/VDJ,downloads/GSE311112/matrix/GSE311112_series_matrix.txt.gz,84
GSE311112,GSE311112,GSM9317237,GPL34284,peripheral blood; library type: gex,,10x 5',with TCR/VDJ,downloads/GSE311112/matrix/GSE311112_series_matrix.txt.gz,85
GSE311112,GSE311112,GSM9317238,GPL34284,peripheral blood; library type: bcr,,10x 5',with TCR/VDJ,downloads/GSE311112/matrix/GSE311112_series_matrix.txt.gz,86
GSE311112,GSE311112,GSM9317239,GPL34284,peripheral blood; library type: tcr,,10x 5',with TCR/VDJ,downloads/GSE311112/matrix/GSE311112_series_matrix.txt.gz,87
GSE311112,GSE311112,GSM9317240,GPL34284,peripheral blood; library type: gex,,10x 5',with TCR/VDJ,downloads/GSE311112/matrix/GSE311112_series_matrix.txt.gz,88
GSE311112,GSE311112,GSM9317241,GPL34284,peripheral blood; library type: bcr,,10x 5',with TCR/VDJ,downloads/GSE311112/matrix/GSE311112_series_matrix.txt.gz,89
GSE311112,GSE311112,GSM9317242,GPL34284,peripheral blood; library type: tcr,,10x 5',with TCR/VDJ,downloads/GSE311112/matrix/GSE311112_series_matrix.txt.gz,90
GSE311112,GSE311112,GSM9317243,GPL34284,peripheral blood; library type: gex,,10x 5',with TCR/VDJ,downloads/GSE311112/matrix/GSE311112_series_matrix.txt.gz,91
GSE311112,GSE311112,GSM9317244,GPL34284,peripheral blood; library type: bcr,,10x 5',with TCR/VDJ,downloads/GSE311112/matrix/GSE311112_series_matrix.txt.gz,92
GSE311112,GSE311112,GSM9317245,GPL34284,peripheral blood; library type: tcr,,10x 5',with TCR/VDJ,downloads/GSE311112/matrix/GSE311112_series_matrix.txt.gz,93
GSE311112,GSE311112,GSM9317246,GPL34284,peripheral blood; library type: gex,,10x 5',with TCR/VDJ,downloads/GSE311112/matrix/GSE311112_series_matrix.txt.gz,94
GSE311112,GSE311112,GSM9317247,GPL34284,peripheral blood; library type: bcr,,10x 5',with TCR/VDJ,downloads/GSE311112/matrix/GSE311112_series_matrix.txt.gz,95
GSE311112,GSE311112,GSM9317248,GPL34284,peripheral blood; library type: tcr,,10x 5',with TCR/VDJ,downloads/GSE311112/matrix/GSE311112_series_matrix.txt.gz,96
GSE311112,GSE311112,GSM9317249,GPL34284,peripheral blood; library type: gex,,10x 5',with TCR/VDJ,downloads/GSE311112/matrix/GSE311112_series_matrix.txt.gz,97
GSE311112,GSE311112,GSM9317250,GPL34284,peripheral blood; library type: bcr,,10x 5',with TCR/VDJ,downloads/GSE311112/matrix/GSE311112_series_matrix.txt.gz,98
GSE311112,GSE311112,GSM9317251,GPL34284,peripheral blood; library type: tcr,,10x 5',with TCR/VDJ,downloads/GSE311112/matrix/GSE311112_series_matrix.txt.gz,99
GSE311112,GSE311112,GSM9317252,GPL34284,peripheral blood; library type: gex,,10x 5',with TCR/VDJ,downloads/GSE311112/matrix/GSE311112_series_matrix.txt.gz,100
GSE311112,GSE311112,GSM9317253,GPL34284,peripheral blood; library type: bcr,,10x 5',with TCR/VDJ,downloads/GSE311112/matrix/GSE311112_series_matrix.txt.gz,101
GSE311112,GSE311112,GSM9317254,GPL34284,peripheral blood; library type: tcr,,10x 5',with TCR/VDJ,downloads/GSE311112/matrix/GSE311112_series_matrix.txt.gz,102
GSE311112,GSE311112,GSM9317255,GPL34284,peripheral blood; library type: gex,,10x 5',with TCR/VDJ,downloads/GSE311112/matrix/GSE311112_series_matrix.txt.gz,103
GSE311112,GSE311112,GSM9317256,GPL34284,peripheral blood; library type: bcr,,10x 5',with TCR/VDJ,downloads/GSE311112/matrix/GSE311112_series_matrix.txt.gz,104
GSE311112,GSE311112,GSM9317257,GPL34284,peripheral blood; library type: tcr,,10x 5',with TCR/VDJ,downloads/GSE311112/matrix/GSE311112_series_matrix.txt.gz,105
